0.0,0.016551062,0.029839713,0.032503136,0.035598505,0.022258945,0.0063909525,0.008588547,0.010465392,-0.024204442,0.05294038,0.04324855,0.026443953,0.018135054,0.03774827,0.0057364735,0.031965546,0.028016152,0.060862243,0.028841179,0.048306372,0.0,0.020802803,0.03271891,0.022581883,0.035281375,0.046608422,0.022353936,0.00087501324,0.007479735,0.03981121,0.0,0.036221128,0.022394605,0.014240208,0.0,0.03997854,0.018435165,0.0047073853,-0.006188259,0.015320943,0.012283931,0.0,0.0,0.0,0.0,0.016800344,0.0070088184,0.0054523563,0.0017805821,0.0,0.0,0.0,0.0,0.0,0.0,0.0,0.0,-0.026435157,-0.01084282,-0.009386425,0.0,0.010566424,-0.0058521945,-0.018547473,-0.026661968,-0.019062428,-0.026753338,0.0,0.0,0.0,0.0,0.0024035291,0.0,0.0,0.0,0.0,0.0,0.0,0.0,0.0,0.0,0.0,0.0,0.0,0.0,0.0,0.0,0.0,0.0,0.0,0.0,0.0,0.0,0.0,0.0,0.0,0.0,0.0,0.0,0.0,0.0,0.0,0.0,0.0,0.0,0.0,0.0,0.0060264966,0.0,0.0,0.0,0.0,0.0,0.0,0.0,0.0,0.0,0.0,0.0,0.0,0.0,0.0,0.0,0.0,0.0,0.0,0.0,0.0,0.0,0.0,0.0,0.0,0.0,0.0,0.0,0.0,0.0,0.0,0.0,0.0,0.0,0.0,0.0,0.0,0.0,-0.0060296645,0.0051620617,-0.011816773,-0.020581039,0.0018928754,0.0026554056,0.0075595137,0.012432369,0.0,0.0,0.0,0.0,0.0,0.0,0.0,0.0,0.0,0.0,0.040537637,0.0,0.029188998,0.0,0.007625426,0.0,0.0,0.0,0.01096888,0.0,0.008423873,-0.0003081254,0.0221308,0.006483253,0.03202834,0.028972352,0.0076347576,0.0083440645,0.009681338,-0.014475234,-0.0073361774,-0.015326658,0.008247073,0.01634418,0.0,0.0,0.0,0.0013131306,0.0,0.0,0.0,0.0,-6.962707e-05,0.0,0.0,0.0,0.0,0.0,0.0,0.0,0.0,0.0,0.0,0.0,0.0,0.0,-0.0068326597,0.0,0.0008421155,0.0,-0.0014060606,0.0028125457,0.0007503798,-0.0091507165,-0.0029829475,-0.0064459834,0.0031414411,0.0021557536,0.0068003805,0.00069006166,0.0023797168,0.001077055,0.010325281,0.0037138073,-0.0031492435,0.00571376,0.013636197,0.012866141,0.0022026098,-0.0053726416,0.003383563,0.003146486,0.012626027,0.015671892,0.001246378,0.0052347844,0.00533254,0.005191883,0.010340414,-0.002662128,0.0010580454,0.0069007482
0.041607752,0.0,-0.00054058945,0.024152221,0.0018859563,0.018037543,0.015004078,0.04071595,0.026804995,0.006700535,0.0180018,0.042221867,-0.012629786,0.0051158844,0.0,0.04144359,0.020346379,0.03223082,0.019963074,0.0,0.026891986,0.0,0.020365559,0.047685586,0.009295556,0.03483834,0.008665184,0.016169995,0.0,0.0,0.0,0.0,0.016943732,0.046035763,0.0,0.0,0.042252842,0.04636779,0.024493083,0.013980247,-0.020999545,-0.013895722,0.0,0.0,0.0,0.0,-0.012248,-0.006306851,-0.014101429,0.005150819,0.0,0.0,0.0,0.0,0.0,0.024446461,0.0,0.0,-0.0049344767,-0.006669887,0.0,-0.0094912695,0.008448791,0.026935639,-0.010796663,-0.0144139975,0.0035391722,-0.00744896,0.0,0.0,0.0,0.0,0.0,-0.006729929,0.0,0.0,0.0,0.0,0.0,0.0,0.0,0.0,0.0,0.0,0.0,0.0,0.0,0.0,0.0,0.0,0.0,0.0,0.0,0.0,0.0,0.0,0.0,0.0,0.0,0.0,0.0,0.0,0.0,0.0,0.0,0.0,0.0,0.0,0.0,0.0,0.0,0.0,0.0,0.0,0.0,0.0,0.0,0.0,0.0,0.0,0.0,0.0,0.0,0.0,0.0,0.0,0.0,0.0,0.0,0.0,0.0,0.0,0.0,0.0,0.0,0.0,0.0,0.0,0.0,0.0,0.0,0.0,0.0,0.0,0.0,0.0,0.013500792,0.026860725,-0.011938677,0.0045647146,-0.0048635807,0.013576188,-0.010647109,0.015317253,0.0,0.0,0.0,0.0,0.0,0.0,0.0,-0.00140094,0.0,0.0,0.0,0.0,0.0,0.0,0.0,0.0,0.0,0.0,0.02109274,0.0,-0.009235988,-0.0021509551,0.029100949,0.006924423,0.018390931,0.047738783,-0.013183373,-0.0062297876,0.024358394,0.0067163864,-0.009815185,-0.0013763389,-0.010430501,0.008464821,0.0,0.0,0.0,0.0058258222,0.0,0.0,0.0,0.0,0.0,0.0058187363,0.0,0.0,0.0,0.0,0.0,0.0,0.0,0.0,0.0,0.0,0.0,0.0,0.0,0.0,-0.0043183644,-0.01710735,-0.0067393165,0.0011802568,-0.0064481325,-0.0035288527,-0.002627,0.0041202228,0.003121344,0.0010954026,-0.0042488733,-0.0016178747,-0.0038792046,-0.0002725869,0.008293752,0.01272089,-0.0045026597,-0.0012921056,0.012350064,0.014987347,0.0077418573,0.00910932,-0.0015640003,-0.0068122763,0.0005838496,0.0038193415,0.0058429735,0.006303577,0.004734111,0.00658823,0.005863737,0.0010256276,0.013983209,0.011762327
0.024368502,-0.012053251,0.0,0.024872376,0.0607797,0.043982506,-0.00025115887,-0.031966485,-0.007939258,0.0,0.07053947,0.02379213,0.088924274,0.0,0.012076755,-0.0043079797,0.0042581796,-0.03627391,0.02461011,0.0,-0.009049733,-0.02109433,0.028682865,-0.014309194,0.017136548,-0.010026933,0.03465074,0.0,-0.021070812,0.0,-0.0069215354,0.0,0.023991674,-0.00954949,0.0,0.0,-0.015341272,0.0,-0.005016281,0.0,0.0,0.0,0.0,0.0,0.0,0.0,0.0,0.0,0.0,0.0,0.0,0.0,0.0,0.0,-0.02002785,0.0,0.0,0.0,0.0,0.0,0.0,0.0,-0.012396186,0.0,0.0,0.0,0.0,0.0,0.0,0.0,0.0,0.0,0.0,0.0,0.0,0.0,0.0,0.0,0.0,0.0,0.0,0.0,0.0,0.0,0.0,0.0,0.0,0.0,0.0,0.0,0.0,0.0,0.0,0.0,0.0,0.0,0.0,0.0,0.0,0.0,0.0,0.0,0.0,0.0,0.0,0.0,0.0,0.0,0.0,0.0,0.0,0.0,0.0,0.0,0.0,0.0,0.0,0.0,0.0,0.0,0.0,0.0,0.0,0.0,0.0,0.0,-0.026291704,0.0,0.0,0.0,0.0,0.0,0.0,0.0,0.0,0.0,0.0,0.0,0.0,0.0,0.0,0.0,0.0,0.0,0.0,0.0,0.0,0.0,0.0,0.0,0.0,0.0,0.0,0.0,0.0,0.0,0.0,0.0,0.0,0.0,0.0,0.0,0.0,0.0,0.0,0.0,0.0,0.0,-0.0022453573,0.0,0.0,0.0,0.003328049,0.0,0.0,0.0,0.0,0.0,0.0,0.0,0.0,0.0,0.0,0.0,0.0,0.0,0.0,0.0,0.0,0.0,0.0,0.0,0.0,0.0,0.0,0.0,0.0,0.0,0.0,0.0,0.0,0.0,0.0,0.0,0.0,0.0,0.0,0.0,0.0,0.0,0.0,0.0,0.0,0.0,0.0339477,0.0,0.0,0.0,0.0,0.0,0.0041769138,0.0,0.0,0.0,0.0,0.0,0.00055253867,-0.0044391113,0.011563405,0.0,0.0062249876,0.0,-0.0022359432,0.0,0.0,0.0,0.0,0.0,-0.0014961257,0.0,0.02081168,0.0,0.007050994,0.0,-0.009280112,-0.009930255
0.030014403,0.0017235072,0.042390738,0.0,0.0,0.039328363,0.004379211,0.018158026,-0.0010179137,-0.018004145,0.041205924,0.044443596,0.0,0.0,0.0,0.021512639,0.0,0.024311021,0.0,0.039120402,0.015223705,0.024959402,0.026335612,0.03660813,0.031093996,0.058388293,0.0,0.012458177,0.0,0.008898069,0.0,0.0,0.014475229,0.012436597,0.0,0.0,0.0,0.0,-0.008278415,-0.0041152374,0.0,0.0,0.0,0.0,0.0,0.0,0.0,0.0,0.0,0.0,0.0,0.0,0.0,0.0,0.0,0.00035243266,0.0,0.0,0.0,0.0,0.0,-0.005039166,0.0,-0.00644545,0.0,0.0,0.0,0.0,0.0,0.0,0.0,0.0,0.0,0.0,0.0,0.0,0.0,0.0,0.0,0.0,0.0,0.0,0.0,0.0,0.0,0.0,0.0,0.0,0.0,0.0,0.0,0.0,0.0,0.0,0.0,0.0,0.0,0.0,0.0,0.0,0.0,0.0,0.0,0.0,0.0,0.0,0.0,0.0,0.0,0.0,0.0,0.0,0.0,0.0,0.0,0.0,0.0,0.0,0.0,0.0,0.0,0.0,0.0,0.0,0.0,0.0,0.0,0.0,0.0,0.0,0.0,0.0,0.0,0.0,0.0,0.0,0.0,0.0,0.0,0.0,0.0,0.0,0.0,0.0,0.0,0.0,0.0,0.0,0.0,0.0,0.0,0.0,0.0,0.0,0.0,0.0,0.0,0.0,0.0,0.0,0.0,0.0,0.0,0.0,0.0,0.0,0.0,0.0,0.0,-0.007289992,0.0,0.0,0.0,0.0,0.0,0.0,0.0,0.0,0.0,0.0,0.0,0.0,0.0,0.0,0.0,0.0,0.0,0.0,0.0,0.0,0.0,0.0,0.0,0.0,0.0,0.0,0.0,0.0,0.0,0.0,0.0,0.0,0.0,0.0,0.0,0.0,0.0,0.0,0.0,0.0,0.0,0.0,0.0,0.0,0.0,0.024716184,0.0,0.0,0.0,0.0,0.0,0.001989589,0.0,0.0,0.0,0.0,0.011506072,-0.0019242422,0.0,-0.0021984712,0.0,0.0,0.0,0.002710684,0.0,0.0,0.0,0.0,0.0,0.009715065,0.0,0.018525105,0.0,0.0,0.0,0.0052807718
0.0031158586,-0.019490488,0.024113605,0.0,0.0,0.039777167,-0.012398442,0.0,0.0014797961,-0.012345479,0.0366796,-0.0048907357,0.041614044,0.04242796,-0.0008174112,-0.029704612,0.0,0.0,0.011977643,-0.012949722,-0.030141335,-0.027845249,-0.012210778,-0.024634158,-0.019266428,0.0,0.0047030323,-0.0037805387,-0.002322806,0.0,-0.010049006,0.015664633,0.02748306,-0.007881485,0.030060925,0.0,-0.022033842,0.0,-0.009680541,0.0,0.04351307,0.027500119,0.0,0.0,0.0,0.0,0.0,0.0,0.0,0.0,0.021058263,0.0,0.0,0.0,0.0,0.0,0.0,0.0,0.0,0.0,0.0,0.0,-0.0054761996,0.0,0.0025275585,0.0,0.0,0.0,0.0,0.0,0.0,0.0,0.0,0.0,0.0,0.0,0.00996339,0.0,0.0,0.0,0.0,0.0,0.0,0.0,0.0,0.0,0.0,0.0,0.0,0.0,0.0,0.0,0.0,0.0,0.0,0.0,0.0,0.0,0.0,0.0,0.0,0.0,0.0,0.0,0.0,0.0,0.0,0.0,0.0,0.0,0.0,0.0,0.0,0.0,0.0,0.0,0.0,0.0,0.0,0.0,0.0,0.0,0.0,0.0,0.0,0.0,0.0,0.0,0.0,0.0,0.0,0.0,0.0,0.0,-0.016819049,0.0,0.0,0.0,0.0,0.0,0.0,0.0,0.0,0.0,0.0,0.0,-0.000916804,0.0,0.0063432334,0.0,-0.0032554553,0.0,0.0155732045,0.0,0.0,0.0,0.0,0.0,0.0,0.0,0.01637026,0.0,0.0,0.0,0.014088059,0.0,-0.016967764,0.0,0.0008249666,0.0,0.0,0.0,-0.004318277,0.0,0.011943672,0.005689909,0.003580233,0.005383716,0.023693532,-0.011155167,0.010381885,0.002072701,0.0040436024,-0.007140581,0.010827103,0.0,0.035170343,-0.007204646,0.0,0.0,0.0,0.0,0.0,0.0,0.0,0.0,0.0,0.0,0.0,0.0,0.010530825,0.0,0.0,0.0,0.0,0.0,0.0,0.0,-0.01389526,0.0,0.0,0.0,0.01808904,0.0,0.02022732,0.0,0.0046090866,0.0,-0.00026318952,-0.003114646,0.0037356536,0.002355077,0.00818642,0.0,-0.0033489014,0.0036316277,-0.0051614684,-0.0063727233,0.005586589,0.004670899,0.016845606,-0.0031537877,0.012137109,0.011240084,0.007169051,0.0058044624,0.004955579,0.010400453,0.0008262556,0.002381105,0.011107531,0.006781029,0.0065687536,-0.007102204,-0.0053302073,-0.0010634168
-0.0050694584,-0.015578061,0.026787186,0.0041041346,0.057486735,0.0,0.0,-0.024222836,-0.014032285,-0.006079154,0.054962613,0.016921708,0.04834765,0.073921576,0.0050510964,-0.007907875,0.0,0.0,0.000675773,0.026035143,-0.041937083,-0.0153468745,-0.004374218,-0.013252734,0.0,-0.005721338,0.017138353,0.017027617,0.0,0.0,0.0,0.0082413545,0.009500363,0.01759267,0.0,0.033036936,0.0,-0.014260145,0.0,0.0041055,0.031986825,0.028689886,0.0,0.0,0.0,0.0,0.0,0.00978874,0.0,0.0,0.0,0.0,0.0,0.0,0.0,0.0,0.0,0.0,0.0,0.0,0.0,0.006985247,0.0,0.0,0.0,0.0045157424,0.0,0.0,0.0,0.0,0.0,0.0,0.0,0.0011144927,0.0,0.0,0.0,0.0,0.0,0.0,0.0,0.0,0.0,0.0,0.0,0.0,0.0,0.0,0.0,0.0,0.0,0.0,0.0,0.0,0.0,0.0,0.0,0.0,0.0,0.0,0.0,0.0,0.0,0.0,0.0,0.0,0.0,0.0,0.0,0.0,0.0,0.0,0.0,0.0,0.0,0.0,0.0,0.0,0.0,0.0,0.0,0.0,0.0,0.0,0.0,0.0,0.0,0.0,0.0,0.0,0.0,0.007914036,0.0,0.0,0.0,0.0,0.0,0.0,0.0,0.0,0.0,0.0,0.0,0.0,0.0,0.0,0.0,-0.014473303,0.0,-0.0027317042,0.0,0.0,0.0,0.015721293,0.0,0.0,0.0,0.0,0.0,0.0,0.0,-0.00063117454,0.0,0.0,0.0,0.0,0.0,0.0,0.0,0.014843031,0.0,0.0,0.0,0.0,0.018153507,0.027163379,0.0025106678,0.029596096,0.044119887,0.016675606,-0.006240899,-0.00848754,0.014593185,0.007490581,0.0,0.016328378,0.04189088,0.024537819,0.0,0.0,0.0,0.0,0.0,0.0,0.0,0.0,0.0,0.0,0.0,0.0,0.0,0.0,0.0,0.0,0.0,0.0,0.0,0.0,0.0,0.0,0.0,0.002016729,0.0,0.011702692,0.0,0.010937867,0.0,0.0026476337,-0.006361507,-0.004261006,0.0,0.002452173,0.0,0.0026685358,-0.002241765,0.0035919538,-0.01204099,-0.009636557,0.003140207,0.007591296,-6.592071e-05,-0.00019966069,0.0032670202,0.0076423897,0.0,0.008150204,-0.0043736696,-0.004606207,-0.0011820036,0.001188147,0.0006342043,0.0076337713,-0.009306753,-0.009109405,7.318541e-05,-0.0024627044
0.05094004,0.0694365,0.002878779,0.021410407,-0.007468889,0.0,0.0,0.05864102,0.058823895,0.049592618,0.009344769,0.0,0.0,0.0,0.08042228,0.0,0.028440781,0.013786891,0.024918001,0.0,0.047546264,0.0,0.07181463,0.025680123,0.04589143,0.021518035,0.009946377,0.0,0.012879011,0.0,0.014261483,0.0,0.01430688,0.0,0.0,0.0,0.0,0.0,0.04862655,0.018496582,0.0,0.0,0.0,0.0,0.0,0.0,0.0,0.0,0.0,0.0,0.0,0.0,0.010007907,0.0,0.052493013,0.044636328,0.028251264,0.0,0.030879263,0.0029069048,0.040804163,0.0,0.016102301,0.02026177,0.0,0.0,0.03379566,0.009098117,0.0,0.0,0.0,0.0,0.0,0.0,0.0,0.0,0.0,0.0,0.0,0.0,0.0,0.0,0.0,0.0,0.0,0.0,0.0,0.0,0.0,0.0,0.0,0.0,0.0,0.0,0.0,0.0,0.0,0.0,0.0,0.0,0.0,0.0,0.0,0.0,0.0,0.0,0.0,0.0,0.0,0.0,0.0,0.0,0.0,0.0,0.0,0.0,0.0,0.0,0.0,0.0,0.0,0.0,0.0,0.0,0.0,0.0,0.0,0.0,0.0,0.0,0.0050162636,0.0,0.0,0.0,0.0,0.0,0.0353051,0.0,0.0,0.0,0.0,0.0,0.0,0.0,0.0,0.0,0.0,0.0,0.0,0.0,0.0,0.0,0.0,0.0,0.0118593,0.0,0.0,0.0,0.0,0.0,-0.0033600037,0.0,0.0,0.0,0.0,0.0,0.0,0.0,0.0,0.0,0.0,0.0,0.0342074,0.0,0.0,0.0,0.0,0.0,0.0,0.0,0.0,0.0,0.032752417,0.0,0.0,0.0,0.0,0.0,0.0,0.0,0.0,0.0,0.0,0.0,0.0,0.0,0.0,0.0,0.0,0.0,0.0,0.0,0.0,0.0,0.0,0.0,0.0,0.0,0.0,0.0,0.0,0.0,0.0,0.0,-0.017326249,0.0,0.0,0.0,-0.0064953296,0.0,0.018781984,0.01598582,-0.0065316856,0.0,0.0191499,0.0,0.014584935,0.009083393,0.021772664,0.0,0.013250462,0.0,0.009300003,0.017020836,0.021808034,0.0,0.003022174,0.0,0.026635926,0.016339723,0.013360797,0.0,0.014226171,0.0,0.031308115,0.023373133
0.027265491,0.052465536,-0.014209557,0.039661482,0.0,0.012014334,0.03294731,0.0,0.021236427,0.017716879,0.007455049,0.027853655,0.0,0.0,0.0,0.06628385,0.0,0.025354546,0.0,0.04700682,0.0,0.039716274,0.044026587,0.04694508,0.029857062,0.044512548,0.0,0.024449935,0.0,0.00586566,0.0,0.0,0.0,0.039644215,0.0,0.0,0.0,0.0,0.018514143,0.02704313,0.0,0.0,0.0,0.0,0.0,0.0,0.0,0.0,0.0,0.0,0.0,0.0,0.0,-0.0011437702,0.025531514,0.043309383,0.0,0.0055318368,0.00966763,0.00021455689,0.0,-0.0057670176,0.0074520865,0.030061852,0.0,0.0,0.007080337,0.0007562496,0.0,0.0,0.0,0.0,0.0,0.0,0.0,0.0,0.0,0.0,0.0,0.0,0.0,0.0,0.0,0.0,0.0,0.0,0.0,0.0,0.0,0.0,0.0,0.0,0.0,0.0,0.0,0.0,0.0,0.0,0.0,0.0,0.0,0.0,0.0,0.0,0.0,0.0,0.0,0.0,0.0,0.0,0.0,0.0,0.0,0.0,0.0,0.0,0.0,0.0,0.0,0.0,0.0,0.0,0.0,0.0,0.0,0.0,0.0,0.046652712,0.0,0.0,0.0,-0.0013148155,0.0,0.0,0.0,0.0,0.0,0.04765752,0.0,0.0,0.0,0.0,0.0,0.0,0.0,0.0,0.0,0.0,0.0,0.0,0.0,0.0,0.0,0.0,0.0,-0.0044062566,0.0,0.0,0.0,0.0,0.0,-0.0072232895,0.0,0.0,0.0,0.0,0.0,0.0,0.0,0.0,0.0,0.0,0.0,0.0,0.0,0.0,0.0,0.012456897,0.0,0.0,0.0,0.0,0.011431069,0.0153864715,0.0,0.0,0.0,0.0,0.0,0.0,0.0,0.0,0.0,0.0,0.0,0.0,0.0,0.0,0.0,0.0,0.0,0.0,0.0,0.0,0.0,0.0,0.0,0.0,0.0,0.0,0.0,0.0,0.0,0.0,0.0,-0.0044986065,0.0,0.0,0.0,0.004432059,0.0,0.00071913406,0.0,-0.00277641,0.0,0.0020232298,0.010826404,0.008288735,0.006313001,-0.0003072074,0.0,0.013331889,0.0014732683,0.01523647,0.0,-0.003208228,0.0,0.005444463,0.0027057393,0.011087715,-0.000990352,0.0040126257,0.0,0.012658324,0.011280272,0.01658807
0.051479135,0.027521329,0.006930228,0.015420306,0.027530104,0.0015769629,0.019322312,0.0080935955,0.0,0.0052443864,0.0083824,0.014794501,-0.0024307177,-0.003498888,0.0,0.0,0.0,0.014045158,0.027972005,0.0,0.0,0.0,0.002408618,0.011154796,0.024981584,0.018283378,0.0033670128,0.0,0.0,0.0,0.0,0.0,0.0,0.0,0.0,0.0,0.0,0.0,0.051439818,-0.024092417,0.012393272,-9.212463e-05,0.0,0.0,0.0,0.0,0.0,0.0,0.005941865,0.0,0.0,0.0,0.008008103,0.0014191669,0.0034566803,0.011889718,0.0023886983,0.0073401593,0.018037582,0.0047299694,0.0034697333,-0.0036214918,0.04097498,-0.006138906,-0.02100749,-0.027972778,0.037166163,-0.0035032814,0.0,0.0,0.0,0.0,0.0,0.0,0.0,0.0,0.0,0.0,0.0,0.0,0.0,0.0,0.0,0.0,0.0,0.0,0.0,0.0,0.0,0.0,0.0,0.0,0.0,0.0,0.0,0.0,0.0,0.0,0.0,0.0,0.0,0.0,0.0,0.0,0.0,0.0,0.0,0.0,0.0,0.0,0.0,0.0,0.0,0.0,0.0,0.0,0.0,0.0,0.0,0.0,0.0,0.0,0.0,0.0,0.0,0.0,0.0,0.0,0.0,0.0,-0.0033526754,0.0,0.0,0.0,0.0,0.0,0.0,0.0,0.0,0.0,0.0,0.0,0.0,0.0,0.0,0.0,0.005093734,0.007980732,-0.013613153,-0.025431976,-0.021176865,-0.0044882726,-0.016972369,-0.0008140309,0.022007413,0.012347256,0.0,0.0,0.0,0.0,0.002041282,0.0042482903,0.0,0.0,0.0,0.0,0.0,0.0,-0.012668493,0.0,0.0,0.0,0.015720908,0.0,-0.013671922,-0.018388063,0.015103482,-0.0041576945,0.0020757115,0.010257009,-0.0015121353,0.0022577017,0.019777086,-0.0050255833,-0.00040785625,-0.029636547,-0.006670908,-0.011880951,0.0,0.0,0.0,0.0,0.0,0.0,0.0,0.0,0.0,0.0,0.0,0.0,0.0,0.0,0.0,0.0,0.0,0.0,0.0,0.0,0.0,0.0,0.0,0.0,0.0,0.0,-0.0028841118,-0.0033407605,0.0022683167,-0.004707731,0.009209625,0.009038784,0.02201046,0.00014340643,0.006461896,0.00586182,0.007974839,-0.0021826164,0.012217829,0.01867285,0.008683819,0.0027011104,0.023064146,0.0050283535,0.014454156,0.008653128,-0.007634702,-0.008727046,0.016508391,0.0050801723,0.003442307,-0.009405636,0.0010393553,-0.004919226,0.015525625,0.007629226,0.009362101,0.003138161
0.004870427,0.029132226,0.0,-0.002336945,-0.008135662,-0.0027389398,0.007853427,0.014305822,0.029602785,0.0,-0.0011488175,0.009269564,-0.009617787,-0.0040048207,0.0,0.0,0.0,0.0017033999,0.0,0.0,0.0,0.0,0.0,0.0,-0.000781703,0.0067241844,0.0,0.00320291,0.0,0.0,0.0,0.0,0.0,0.0,0.0,0.0,0.0,0.0,0.007331877,0.030034393,-0.0030714222,-0.0067557637,0.0,0.0,0.0,0.0,0.0,0.00225212,-0.004163331,0.0,0.0,0.0,0.005242412,0.012310579,0.025631739,0.029400036,0.01773826,0.056361504,0.027083933,0.021036603,0.054876946,0.06429779,-0.009135585,0.026428828,0.0073786466,0.032777824,0.04271016,0.034018885,0.0,0.0,0.0,0.0,0.0,0.0,0.0,0.0,0.0,0.0,0.0,0.0,0.0,0.0,0.0,0.0,0.0,0.0,0.0,0.0,0.0,0.0,0.0,0.0,0.0,0.0,0.0,0.0,0.0,0.0,0.0,0.0,0.0,0.0,0.0,0.0,0.0,0.0,0.0,0.0,0.0,0.0,0.0,0.0,0.0,0.0,0.0,0.0,0.0,0.0,0.0,0.0,0.0,0.0,0.0,0.0,0.0,0.04106236,0.0,0.0,0.0,0.0,0.0,0.023227029,0.0,0.0,0.0,0.0,0.0,0.0,0.0,0.0,0.0,0.0,0.0,0.0,0.0,0.0,0.024565727,0.010552644,0.007292361,0.023471544,0.006119181,0.015209634,0.002725412,0.005301755,0.0,0.049577113,0.0,0.0,0.0,0.0,0.004810474,0.0073980973,0.0,0.0,0.0,0.0,0.0,0.0,0.014306064,0.0,0.0,0.0,0.033677515,0.0,0.0029665546,0.005498628,0.008246476,0.00011832828,0.0044876784,0.016063038,-0.006703645,-0.0013128394,0.02872784,0.051387127,0.02046968,0.01851579,-0.0075395154,-0.0051485444,0.0,0.0,0.0,0.0,0.0,0.0,0.0,0.0,0.0,0.0,0.0,0.0,0.0,0.0,0.0,0.0,0.0,0.0,0.0,0.0,0.0,0.0,0.0,0.0,0.0,0.0,-0.006549308,-0.0033046464,0.0,-0.0007681259,0.0015648229,0.0052052774,0.003413685,0.007099513,0.0007909466,0.0028460019,0.0,0.0034322497,-0.004998656,0.0028836865,0.018749774,0.021998877,0.012756572,0.01824616,0.005444976,0.021240687,0.009850025,0.01640001,0.0,-0.0029484003,0.018529776,0.012809579,-0.0024218806,0.007812375,0.011781265,0.0022284961,0.013631017,0.033420593
0.022490576,-0.00448874,0.0127542615,0.0021709746,0.029635169,0.026299516,-0.0019597325,-0.008121979,-0.008154235,-0.0041807313,0.0,0.015227318,0.038124446,0.027833624,0.004284338,-0.008678371,0.0,0.0,0.021969667,0.012530575,-0.00014967771,-0.0010073213,0.0,-0.00090807275,0.0,0.0,0.019578384,0.006324554,0.0,0.0,-0.004307664,0.0040073665,0.0021034589,0.0061625224,0.009580293,0.0,-0.0013300437,-0.0027408795,-0.008326026,0.0,0.020536717,0.013782983,0.0,0.0,0.0,0.0,0.0134446835,0.0032671066,0.0073130867,0.005448777,0.0,0.0,0.0,0.0,0.0,0.0,0.0,0.0,0.0,0.0,0.0,0.0,0.0,0.0,-9.3155424e-05,-0.007384047,-0.0074857515,-0.006283622,0.008789978,0.0,0.0,0.0,0.0,0.0,0.0,0.0,0.0,0.0,0.0,0.0,0.0,0.0,0.0,0.0,0.0,0.0,0.0,0.0,0.0,0.0,0.0,0.0,0.0,0.0,0.0,0.0,0.0,0.0,0.0,0.0,0.0,0.0,0.007702241,0.0,0.0,0.0,0.0,0.0,0.0025314102,-0.0026093486,0.0,0.0,0.0,0.0,0.0,0.0,0.0,0.0,0.0,0.0,0.0,0.0,0.0,0.0,0.0,0.0,0.0,0.0,0.0,0.0,0.0,0.0,0.0,0.0,0.0,0.0,0.0,0.0,0.0,0.0,0.0,0.0,0.0,0.0,0.0,0.0,0.0005103526,-0.0074193412,-0.0014718686,-0.0075383065,0.0020800743,-0.007399808,0.015557606,0.004277744,0.0,0.0,0.0,0.0,0.0,0.0,0.0,0.0,0.0,0.0,0.012465755,0.0,0.0,0.0,0.0039582406,0.0,0.0,0.0,-0.001379537,0.0,0.01790112,0.013301841,0.02035772,0.010813315,0.041884433,0.016161699,0.0066545117,-0.0018384601,0.008828685,0.0017304946,0.0073299985,0.006673432,0.033310343,0.020546766,0.0,0.0,0.0011467279,0.007278341,0.0,0.0,0.0,0.0,-0.0024068833,-0.0025228888,0.0,0.0,0.0,0.0,0.0,0.0,0.0,0.0,0.0036771751,0.0,0.0,0.0,-0.0050788107,0.00033804003,1.0502103e-05,0.0057813465,0.0014420252,-0.000824301,-0.0024422072,-0.0004250937,-0.0039204033,-0.0037818567,0.00028635838,0.010285166,0.0063433824,0.0035430477,0.0047900258,0.011330115,-0.00084117294,-0.0035553048,0.008234153,0.008885911,0.0027434465,0.0067559574,0.0050484627,-0.0049515837,0.014185953,0.011215953,0.009503529,0.010716799,0.0096000265,0.0068292306,0.010218523,0.0030774577,0.0003318353,-0.0054030367,-0.0016069349,0.005334821
0.03131153,0.009352612,0.022109868,0.031192897,0.01925816,0.04209592,0.0,0.0030147338,-0.009663068,-0.015732644,0.053704888,0.0,0.01811683,0.038450144,0.007007507,0.0069086407,0.0,0.0,0.015912794,0.048157662,0.001305257,0.029634783,0.0023888077,0.052988898,0.0,0.0,0.03129454,0.04048985,0.0,0.0,0.0,0.0015549654,0.008572904,0.027931975,0.0,0.033254556,0.009918484,0.0056538237,-0.0058061276,-0.0057964125,0.010904699,0.021163387,0.0,0.0,0.0,0.0,0.011373646,0.009116194,0.014996543,0.029552015,0.0,0.0,0.0,0.0,0.0,0.0,0.0,0.0,0.0,0.0,0.0,0.0,0.0,0.0,-0.011002532,-0.011830927,-0.013126953,-0.00664415,0.0,0.005262637,0.0,0.0,0.0,0.0,0.0,0.0,0.0,0.0,0.0,0.0,0.0,0.0,0.0,0.0,0.0,0.0,0.0,0.0,0.0,0.0,0.0,0.0,0.0,0.0,0.0,0.0,0.0,0.0,0.0,0.0,0.0,0.0,0.003426391,0.009325293,0.0,0.0,0.0,0.0,0.0011576237,0.007762492,0.0,0.0,0.0,0.0,0.0,0.0,0.0,0.0090335375,0.0,0.01237284,0.0,0.0,0.0,0.0,0.0,0.0,0.0,0.0,0.0,0.0,0.0,0.0,0.0,0.0,0.0,0.0,0.0,0.0,0.0,0.0,0.0,0.0,0.0,0.0,0.0,0.0,-0.008125536,7.6877935e-05,-0.012754129,-0.007212212,0.000247579,0.002815591,0.0039217635,0.023972366,0.0,0.0,0.0,0.0,0.0,0.0,0.0,-2.9478373e-05,0.0,0.0,0.0,0.0,0.0,0.0,0.0,0.0,0.0,0.0,0.0,0.0,0.016038373,0.025080541,0.016930532,0.02078853,0.030840153,0.03722607,-0.002815725,0.0020838734,0.0037877348,-0.0034501022,-0.0019015323,0.005924639,0.029062727,0.050572403,0.0,0.0,0.0030407847,0.0029465416,0.0,0.004003245,0.0,0.0024140489,0.0010563942,0.0027150228,0.0,0.0,0.0,0.0,0.0,0.0,0.0,0.0,0.0,0.0038736663,0.0,0.0,-0.008118881,-0.016886225,-0.002719216,-0.0057343617,-0.0073354333,0.0036275527,0.0010546962,0.0075214575,-0.0022547035,0.0068463827,-0.005630917,-0.0035945068,0.0045748376,0.010520584,-0.0034686455,0.0005731225,-0.0018069813,0.0046723066,0.0017210206,0.0032179628,0.0081805885,0.015604606,-8.468121e-05,0.009064358,-0.002568666,0.0027995952,-0.005863947,0.0011064674,0.006098485,0.0029892742,0.0063385624,0.010061402,0.003327796,0.003293147,0.0039304257,0.013901711
0.010445147,-0.005073213,0.02143346,0.0,0.02410621,0.0066877715,0.0,0.0,0.010092833,0.010908881,0.015248327,-0.007951222,0.0,0.025456492,0.0024309235,0.0,0.0,0.0,0.011647905,-0.006322362,0.0068882117,0.0038086746,0.0,0.0,0.0,0.0,0.012528964,-0.00075255585,0.0,0.0,0.0,0.0,-0.0017356481,-0.016466446,0.005255059,-0.0070097023,-0.013337982,0.0,-0.007525385,0.0,0.04010016,0.03773648,0.020616246,0.020339759,0.02680983,0.0,0.02275488,0.015716376,0.016167646,0.016185159,-0.0042631123,0.007938017,0.0,0.0,0.0,0.0,0.0,0.0,0.0,0.0,0.0,0.0,0.0,0.0,0.018410815,0.010218547,0.013873663,0.016208038,0.018659918,0.013746557,0.0,0.0,0.0,0.0,0.0,0.0,-0.00077806547,0.0,0.0,0.0,0.0,0.0,0.0,0.0,0.0,0.0,0.0,0.0,0.0,0.0,0.0,0.0,0.0,0.0,0.0,0.0,0.0,0.0,0.0,0.0,0.0,0.0,0.021336127,0.019321106,0.0,0.0,0.0,0.0,0.020243403,0.0,0.0,0.0,0.0,0.0,0.0,0.0,0.01552127,0.0,0.004779175,0.0,0.0,0.0,0.0,0.0,0.0,0.0,0.0,0.0,0.0,0.0,0.0,0.0,0.0,0.0,0.0,0.0,0.0,0.0,0.0,0.0,0.0,0.0,0.0,0.0,0.0,0.0,0.014023569,0.0044884933,0.017083503,0.0056820014,0.009562653,0.0049998295,0.021012122,0.0036853866,0.0,0.0,0.0,0.0,0.0,0.0,0.0,0.0,0.0,0.0,0.010384597,0.0,-0.002850748,0.0,0.013190583,0.0,0.0,0.0,0.0,0.0,0.029055258,0.014743486,0.023444777,0.01144604,0.028496504,0.0031022744,0.040066227,0.022316415,0.020855552,0.0066213016,0.026056277,0.010525614,0.050856408,0.01357366,0.0,0.0,0.009552052,0.01590761,0.02397682,0.0,0.0,0.0,0.013736093,0.015518806,0.0,0.0,0.0,0.0,0.0,0.0,0.0,0.0,0.021600077,0.0,0.0,0.0,0.0025857869,0.0008246944,0.0059777373,0.010306974,0.03184539,0.03267083,0.025565097,0.022834089,0.014003312,0.014251891,0.013173667,0.011073013,0.03169769,0.015881004,0.022969024,0.019847214,0.006685284,0.006009175,0.010662318,0.009083821,0.015079641,0.0029008996,0.015054333,0.0039706347,0.016542986,0.010586283,0.0024981608,0.008043046,0.011581139,0.013290326,0.025525818,0.01797888,0.007657296,-0.0024172787,0.011450977,0.0037878298
0.002535232,-0.0037245546,0.0,0.0,0.02261968,0.028383667,0.0,0.0,0.0078027225,0.013996924,0.022010252,0.0062379227,0.033138596,0.0,0.0,0.0,0.0,0.0,0.0021671178,0.0077106436,0.0,-0.0067192116,0.0,0.0,0.0,0.0,0.004038096,0.011933139,0.0,0.0,0.0,0.0,0.0,-0.006207286,0.0,0.0028264238,0.0,0.0,0.0,0.0,0.03412806,0.031051269,0.0031011803,0.015465838,0.009999439,0.0,0.021293433,0.016380265,0.01046811,0.013110919,-0.0036951,0.019681476,0.0,0.0,0.0,0.0,0.0,0.0,0.0,0.0,0.0,0.0,0.0,0.0,0.0056283777,0.0042782715,0.0073581305,0.008534899,0.0129749,0.016926095,0.0,0.0,0.0,0.0,0.0,0.0,0.0,0.0,0.0,0.0,0.0,0.0,0.0,0.0,0.0,0.0,0.0,0.0,0.0,0.0,0.0,0.0,0.0,0.0,0.0,0.0,0.0,0.0,0.0,0.0,0.0,0.0,0.00550049,0.0069869505,0.0,0.0,0.0,0.0,0.0,0.011947143,0.0,0.0,0.0,0.0,0.0,0.0,0.009489478,0.0,0.0,0.0,0.0,0.0,0.0,0.0,0.0,0.0,0.0,0.0,0.0,0.0,0.0,0.0,0.0,0.0,0.0,0.0,0.0,0.0,0.0,0.0,0.0,0.0,0.0,0.0,0.0,0.0,0.0143563505,0.004136333,0.005686708,0.0034715745,0.007895889,0.0065504555,0.022672331,0.022489557,0.0,0.0,0.0,0.0,0.0,0.0,0.0,0.0,0.0,0.0,0.010934213,0.015507053,0.0,0.0,0.0,0.0,0.0,0.0,0.0,0.0,0.012949298,0.014040635,0.015213781,0.015081801,0.032431036,0.012740224,0.012380913,0.0110710915,0.019352058,0.0056374334,0.017612856,0.011928254,0.043947138,0.016686535,0.0,0.0,0.001485674,0.0033369884,0.0,0.0,0.0,0.0,0.0033653495,0.004891571,0.0,0.0,0.0,0.0,0.0,0.0,0.0,0.0,0.0,0.0,0.0,0.0,-0.0016167257,-0.0016051873,0.005080164,0.008857065,0.013431131,0.017473456,0.007265927,0.017197307,0.007142306,0.011119309,0.008467467,0.015398308,0.019316453,0.020263465,0.024658171,0.017727941,0.0049872515,0.005353392,0.013724746,0.010434481,0.004625176,-0.0027422782,0.0011110067,0.0062604784,0.008273558,0.00519064,-7.4357355e-05,0.001200645,0.0032145323,0.0016824892,0.013069125,0.014339973,0.004199355,-0.0010471569,-0.0005774523,0.0017003323
0.016287873,0.0,-0.0011920448,0.0,0.011271361,0.013498355,0.00319201,0.0,0.0,0.0,0.007380696,0.0077569094,-0.00048141973,0.0,0.0,0.03253331,0.00074202754,0.0,0.03166707,0.034093134,0.023357444,0.0072620036,0.0262509,0.01383291,-0.0038198114,0.0,0.00331615,0.0,-0.009224661,0.0,0.0013008902,-0.023351094,-0.0007806045,0.0,-0.009834353,0.0,0.020397367,0.0,0.00849721,0.0,0.0,0.0,0.0,0.0,0.0,0.0,0.0,0.0,0.0,0.0,0.0,0.0,0.0,0.0,-0.006754906,0.0,0.0,0.0,0.0,0.0,0.0,0.0,-0.006407528,0.0,0.0,0.0,0.0,0.0,0.0,0.0,0.0,0.0,0.0,0.0,0.0,0.0,0.0,0.0,0.0,0.0,0.0,0.0,0.0,0.0,0.0,0.0,0.0,0.0,0.0,0.0,0.0,0.0,0.0,0.0,0.0,0.0,0.0,0.0,0.0,0.0,0.0,0.0,0.0,0.0,0.0,0.0,0.0,0.0,0.0,0.0,0.0,0.0,0.0,0.0,0.0,0.0,0.0,0.0,0.0,0.0,0.0,0.0,0.0,0.0,0.0,0.0,0.0,0.0,0.0,0.0,0.0,0.0,0.0,0.0,0.0,0.0,0.0,0.0,0.0,0.0,0.0,0.0,0.0,0.0,0.0,0.0,0.0,0.0,0.0,0.0,0.0,0.0,0.0,0.0,0.0,0.0,0.0,0.0,0.0,0.0,0.0,0.0,0.0,0.0,0.0,0.0,0.013589445,0.0,0.004644739,0.0,0.0,0.0,0.018438106,0.0,0.0,0.0,0.0,0.0,0.0,0.0,0.0,0.0,0.0,0.0,0.0,0.0,0.0,0.0,0.0,0.0,0.0,0.0,0.0,0.0,0.0,0.0,0.0,0.0,0.0,0.0,0.0,0.0,0.0,0.0,0.0,0.0,0.0,0.0,0.0,0.0,0.0,0.0,0.0,0.0,0.0,0.0,0.0,0.0,0.0,0.0,0.004942704,0.0,-0.007139366,0.0,0.0025778667,0.0,-0.0023518454,0.0026679642,0.013995611,0.0,0.0024159725,3.2950353e-05,0.008558165,0.0,0.0,0.0,0.0035098363,0.0,0.008958312,0.0,0.002181458,0.0,0.004969317,0.0,-0.0007768504,0.0
0.0032336633,0.040557496,-0.0009261941,0.014792384,-0.013540657,-0.0014962446,0.0,0.040630773,0.0,0.0,-0.01605662,0.00688873,0.0,0.0,0.04102146,0.0,0.0,-0.0072044013,0.007500847,0.04382574,0.018015353,0.02171242,0.02626379,0.023433113,0.0,0.0069410647,0.0,0.0015557653,0.0,-0.009441821,0.0,-0.011790834,-0.0062103495,0.0062807347,0.0,0.0017815928,0.0,0.030159263,0.0,0.004063402,0.0,0.0,0.0,0.0,0.0,0.0,0.0,0.0,0.0,0.0,0.0,0.0,0.0,0.0,0.0,0.018437719,0.0,0.0,0.0,0.0,0.0,0.0,0.0,0.006401982,0.0,0.0,0.0,0.0,0.0,0.0,0.0,0.0,0.0,0.0,0.0,0.0,0.0,0.0,0.0,0.0,0.0,0.0,0.0,0.0,0.0,0.0,0.0,0.0,0.0,0.0,0.0,0.0,0.0,0.0,0.0,0.0,0.0,0.0,0.0,0.0,0.0,0.0,0.0,0.0,0.0,0.0,0.0,0.0,0.0,0.0,0.0,0.0,0.0,0.0,0.0,0.0,0.0,0.0,0.0,0.0,0.0,0.0,0.0,0.0,0.0,0.0,0.0,0.0,0.0,0.0,0.0,0.0,0.0,0.0,0.0,0.0,0.0,0.0,0.0,0.0,0.0,0.0,0.0,0.0,0.0,0.0,0.0,0.0,0.0,0.0,0.0,0.0,0.0,0.0,0.0,0.0,0.0,0.0,0.0,0.0,0.0,0.0,0.0,0.0,0.0,0.0,0.0,0.0,0.0,0.0,0.0,0.0,0.0,0.0,0.0,0.0,0.0,0.0,0.0,0.0,0.0,0.0,0.0,0.0,0.0,0.0,0.0,0.0,0.0,0.0,0.0,0.0,0.0,0.0,0.0,0.0,0.0,0.0,0.0,0.0,0.0,0.0,0.0,0.0,0.0,0.0,0.0,0.0,0.0,0.0,0.0,0.0,0.0,0.0,0.0,0.0,0.0,0.0,0.0,0.0,0.0,-0.00304526,0.0,0.0,0.0,0.0,0.0,0.008880314,0.0,0.00037266186,0.0,0.0055851643,0.0,0.011188127,0.0,0.0015294994,0.0,0.0,0.0,0.0036222427,0.0,0.0030089237,0.0,-0.0020251023,0.0,0.006450518
0.058286786,0.016436813,0.014018205,0.0,0.0,0.0,0.015540765,0.0,0.0,0.0,0.0,0.0,0.0,0.0,0.027085133,0.0,0.0,0.049689673,0.053996474,0.0,0.052117646,0.0,0.009220189,0.01650458,0.053367313,0.038097113,0.007951534,0.0,0.049795046,0.0,0.07720031,0.0,0.049077716,0.0,0.0110035,0.0,0.039432224,0.0,0.01791232,0.0,0.0,0.0,0.0,0.0,0.0,0.0,0.0,0.0,0.0,0.0,0.03963168,0.0,-0.0047598104,0.0,0.0026187024,0.0,-0.0023071852,0.0,0.0,0.0,0.0,0.0,0.04672839,0.0,0.0,0.0,0.0,0.0,0.0,0.0,0.0,0.0,0.0,0.0,0.0,0.0,0.0,0.0,0.0,0.0,0.0,0.0,0.0,0.0,0.052754678,0.0,0.0,0.0,0.0,0.0,0.0,0.0,0.0,0.0,0.0,0.0,0.029028429,0.0,0.0,0.0,0.0,0.0,0.0,0.0,0.0,0.0,0.024988512,0.0,0.0,0.0,0.0,0.0,0.0,0.0,0.0,0.0,0.0,0.0,0.0,0.0,0.0,0.0,0.0,0.0,0.0,0.0,0.0,0.0,0.0,0.0,0.0,0.0,0.0,0.0,0.0,0.0,0.04474627,0.0,0.004313177,0.0,0.0,0.0,0.013633228,0.0,0.0,0.0,0.0,0.0,0.0,0.0,0.0,0.0,0.0,0.0,0.0036934724,0.0,0.0,0.0,-0.0025750203,0.0,0.0,0.0,0.0,0.0,0.0,0.0,0.0,0.0,0.0,0.0,0.0,0.0,0.0,0.0,0.0,0.0,0.0,0.0,0.0,0.0,0.0,0.0,0.0,0.0,0.0,0.0,0.0,0.0,0.0,0.0,0.0,0.0,0.0,0.0,0.0,0.0,0.0,0.0,0.0,0.0,0.0008948746,0.0,0.0,0.0,0.0,0.0,0.0,0.0,0.0,0.0,0.0,0.0,0.0,0.0,0.0,0.0,0.0,0.0,-0.011791449,0.0,0.010728343,0.0,0.0,0.0,0.0032001801,0.0,0.016134504,0.012697936,0.0017368734,0.0,0.0,0.0,0.0018665725,0.0,0.0,0.0,0.008372027,0.0,0.0,0.0,0.013611433,0.0,0.024119519,0.0,0.0048418883,0.0
0.017621696,-0.001660703,-0.014402717,0.028666157,0.0,0.0,-0.016940042,0.0040415917,-0.022380413,-0.032528237,0.0,0.0,0.0,0.0,0.0,-0.019364439,0.023459269,0.0,0.0,0.010961417,0.0,0.04053136,-0.01692731,0.045960844,0.0023129883,0.058060303,0.0,0.028290048,0.0,0.039262652,0.0,0.020680375,0.0,0.02748211,0.0,0.02529005,0.0,0.0,-0.022586152,-0.0029128848,0.0,0.0,0.0,0.0,0.0,0.0,0.0,0.0,0.0,0.0,0.0,0.0,0.0,-0.025051314,0.0,0.016425068,0.0,-0.016707608,0.0,0.0,0.0,-0.024037428,0.0,0.03077718,0.0,0.0,0.0,0.0,0.0,0.0,0.0,0.0,0.0,0.0,0.0,0.0,0.0,0.0,0.0,0.0,0.0,0.0,0.0,0.0,0.0,0.0,0.0,0.0,0.0,0.0,0.0,0.0,0.0,0.0,0.0,0.0,0.0,0.0273336,0.0,0.0,0.0,0.0,0.0,0.0,0.0,0.0,0.0,0.0,0.0,0.0,0.0,0.0,0.0,0.0,0.0,0.0,0.0,0.0,0.0,0.0,0.0,0.0,0.0,0.0,0.0,0.0,0.0,0.0,0.0,-0.017427498,0.0,0.0,0.0,0.004308995,0.0,0.01529736,0.0,0.061470624,0.0,0.006381668,0.0,0.0,0.0,0.026439898,0.0,0.0,0.0,0.0,0.0,0.0,0.0,0.0,0.0,0.0,0.0,-0.019526761,0.0,0.0,0.0,-0.01337733,0.0,0.0,0.0,0.0,0.0,0.0,0.0,0.0,0.0,0.0,0.0,0.0,0.0,0.0,0.0,0.0,0.0,0.0,0.0,0.0,0.0,0.0,0.0,0.0,0.0,0.0,0.0,0.0,0.0,0.0,0.0,0.0,0.0,0.0,0.0,0.0,0.0,0.0,0.0,0.0,0.0,0.0,0.0,0.0,0.0,0.0,0.0,0.0,0.0,0.0,0.0,0.0,0.0,0.0,0.0,0.0,0.0,0.0,0.0,0.0,0.0,-0.010453998,0.0,0.0,0.0,0.0,0.0,0.004481227,0.0,-0.0011769751,0.0,0.0,0.0,0.0,0.0,0.0,0.0,0.0,0.0,0.0,0.0,0.0,0.0,0.0015415107,0.0,0.0148054585
0.0075116786,-0.0036411725,0.00010828445,0.0,0.013431412,0.0052025956,0.00059391593,0.0,-0.006473609,0.0,0.004048841,-0.004736342,-0.0019258038,0.0021796094,0.015685467,0.004050105,0.014173541,0.0,0.0,0.01537528,0.0105710775,-0.0010534388,0.0077469544,0.009329146,0.008547371,0.0,0.0049233967,0.016742703,0.0032056903,0.0,0.011744703,0.0,-0.0062501607,0.0,-0.007898594,0.0,-0.004950459,0.0,-0.0075036716,0.0,0.0,0.0,-0.0020345864,0.0,0.0,0.0,0.0,0.0,0.0,0.0,-0.00058525964,0.0,-0.013247589,0.0,-0.01463428,0.0,-0.011626816,0.0,0.0,0.0,0.0,0.0,0.0022130962,0.0,0.0034021188,0.0,0.0,0.0,0.0,0.0,0.0,0.0,0.0,0.0,0.0,0.0,0.0,0.0,0.0,0.0,0.0,0.0,0.0,0.0,0.0,0.0,0.0,0.0,0.0,0.0,0.0,0.0,0.0,0.0,0.0,0.0,0.0,0.0,0.0,0.0,0.0,0.0,0.0,0.0,0.0,0.0,0.0,0.0,0.0,0.0,0.0,0.0,0.0,0.0,0.0,0.0,0.0,0.0,0.0,0.0,0.0,0.0,0.0,0.0,0.0,0.0,0.0,0.0,0.0,0.0,0.0,0.0,0.0,0.0,0.0,0.0,0.0,0.0,0.0,0.0,0.0,0.0,0.0,0.0,0.0,0.0,0.0,0.0,0.006469783,0.0,0.0,0.0,0.027295543,0.0,0.0,0.0,0.0,0.0,0.0,0.0,0.0,0.0,0.0,0.0,0.011895308,0.0,0.0,0.0,0.007873236,0.0,0.0,0.0,0.0,0.0,0.0,0.0,0.0,0.0,0.005190809,0.008027012,0.0,0.0,0.0029925914,0.0,-0.0015845035,0.0,0.0,-0.0056514386,0.0,0.0,0.0,0.0,0.0,0.0,0.0,0.0,0.0,0.0,0.0,0.0,0.0051618773,0.0,0.0,0.0,0.0,0.0,0.0,0.0,0.0,0.0,0.0,0.0,-0.0036023206,0.0,-0.010491401,0.0,0.0019728953,0.0,0.0042474847,0.0,0.00073277205,0.0,0.0035494175,0.0,0.0008756953,0.0,-0.0015304921,-0.003082115,0.0009770605,0.0,0.009450339,0.00051452237,0.008537634,0.0,-0.0028571307,0.0,0.013869254,0.0,-0.0006838918,0.0,0.0007562889,-0.0036920148,0.009433897,0.0,0.0059083444,0.00018016699
-0.014837357,0.0,0.0,0.0024378775,0.006561546,0.03156234,0.0,0.0070212614,0.0,0.0,0.008662847,0.010859981,-0.0023195818,0.01436849,0.016068319,0.022330936,0.0,-0.0075026914,0.006424186,0.0,-0.008518151,0.014815132,0.0,0.017644044,0.0,-0.0026192411,0.0036432387,0.013418031,0.0,-0.009648728,0.0,-0.0046114083,0.0,-7.772799e-05,0.0,0.010384325,0.0,0.003348917,0.0,-0.0055831093,0.0,0.0,0.0,0.0,0.0,0.0,0.0,-0.00986444,0.0,0.0,0.0,0.015665375,0.0,-0.0067410395,0.0,-0.006566717,0.0,0.0,0.0,0.0,0.0,0.0,0.0,-0.010311907,0.0,0.0,0.0,0.0,0.0,0.0,0.0,0.0,0.0,0.0,0.0,0.0,0.0,0.0,0.0,0.0,0.0,0.0,0.0,0.0,0.0,-0.009410691,0.0,0.0,0.0,0.0,0.0,0.0,0.0,0.0,0.0,0.0,0.0,0.0,0.0,0.0,0.0,0.0,0.0,0.0,0.0,0.0,0.0,0.0,0.0,0.0,0.0,0.0,0.0,0.0,0.0,0.0,0.0,0.0,0.0,0.0,0.0,0.0,0.0,0.0,0.0,0.0,0.0,0.0,0.0,0.0,0.0,0.0,0.0,0.0,0.0,-0.006264888,0.0,0.0,0.0,0.0,0.0,0.0,0.0,0.012871184,0.0,0.0,0.0,0.0,0.0,0.0,0.0,0.0,0.0,0.0,0.0,-0.005112871,0.0,0.0,0.0,0.0,0.0,-0.00055250566,0.0,0.0,0.0,0.008433396,0.0,0.0,0.0,0.0,0.0,0.0,0.0,0.0,0.0,0.0,0.0,0.0,0.02266372,0.0,0.0,-0.002734493,0.0,0.0,0.0,0.0,0.0,0.0218704,0.0,0.0,0.0,0.0,0.0,0.0,0.0,0.0,0.0,0.0,0.0,0.0,0.0,0.0,0.0,0.0,0.0,0.0,0.0,0.0,0.0,0.0,0.0,0.0,0.0,0.0,0.0,-0.013263396,0.0,-0.0045606466,-0.0010556253,0.0011220888,0.0,-0.0037107638,0.0,0.0030275872,-0.004445589,-0.0022142215,-0.0044933897,-0.002462702,0.0,-0.0019293175,-0.00492627,-0.0017409766,0.0,0.0031035743,0.0,0.0017799911,0.0,0.0026263401,0.0,-0.002859397,0.0,-0.0022562002,-0.0006816238,-0.0005771528,0.0,-0.0052569797
0.02017757,0.00810669,0.0015869127,0.013530707,-0.02328837,-0.017942479,0.009318991,0.0,0.0,0.0,-0.009242645,0.007016445,-0.015822195,0.0,0.01773574,0.01956338,0.0075515024,0.0,0.021362875,0.024289288,0.0,0.04102742,0.026815372,0.0308124,0.029574577,0.0,0.012245631,0.004766056,-0.012906867,0.0,0.03236656,-0.005430075,-0.021466741,0.0033830302,-0.016531227,0.0,0.0143521745,0.0,-0.0040853457,0.0,0.0,0.0,-0.0047691762,0.0,0.0,0.0,0.0,0.0,0.0,0.0,0.0017956469,0.0,-0.0124972705,0.0,-0.0032529272,0.0,-0.0011698717,0.0,0.0,0.0,0.0,0.0,0.0050123464,0.0,0.0,0.0,0.0,0.0,0.0,0.0,0.0,0.0,0.0,0.0,-0.014526893,0.0,0.0,0.0,0.0,0.0,0.022096213,0.0,0.0,0.0,-0.012044692,0.0,0.0,0.0,0.0,0.0,0.0,0.0,0.0,0.0,0.0,0.0,0.011318449,0.0,0.047092866,0.0,0.0,0.0,0.0,0.0,0.0,0.0,0.0,0.0,0.0,0.0,0.0,0.0,0.0,0.0,0.0,0.0,0.0,0.0,0.0,0.0,0.0,0.0,0.007263923,0.0,0.0,0.0,0.0,0.0,0.0,0.0,0.0,0.0,0.0,0.0,0.0,0.0,0.0,0.0,0.0,0.0,0.0,0.0,0.01534096,0.0,0.0,0.0,0.0,0.0,0.0,0.0,0.0,0.0,0.0,0.0,-0.010825922,0.0,0.0,0.0,0.0,0.0,0.0,0.0,0.0,0.0,0.0,0.0,0.020073403,0.0,0.0114795035,0.0,0.0,0.0,0.005124649,0.0,0.0,0.0,0.0,0.0,0.0,0.0,0.0,0.0,0.0,0.0,0.0,0.0,0.0,0.0,0.0,0.0,0.0,0.0,0.0,0.0,0.0,0.0,0.0,0.0,0.0,0.0,0.0,0.0,0.0,0.0,0.0,0.0,0.0,0.0,0.0,0.0,0.0,0.0,0.0,0.0,0.0,0.0,0.0,0.0,0.0031125736,0.0,-0.0022528975,0.0,-0.007041633,0.0,0.0029026954,0.0,0.0027982378,0.007040063,0.008916194,0.0,0.003044789,0.0,-0.0008336532,0.0,0.0,0.0,0.004344329,0.0,0.0038979962,0.0,-0.0018147898,0.0,0.0083981445,0.0,0.0010632002,0.0
0.0,0.0,-0.008431408,0.014937335,-0.014362831,0.0022923308,0.0,0.019873457,0.0,0.0,-0.00038418733,0.022181185,-0.009373973,-0.009221676,0.004403794,0.016458515,0.0,0.04111445,0.0071253437,0.027586034,0.029003853,0.0,0.0036357285,0.045514707,0.0,0.033565354,0.010155146,0.02191871,0.0,0.0208394,0.0,0.02902448,0.0,0.016580237,0.0,0.018428093,0.0,0.011840016,0.0,0.016236413,0.0,0.0,0.0,0.031240845,0.0,0.0,0.0,0.0,0.0,0.0,0.0,0.019699078,0.0,-0.006720495,0.0,0.01332582,0.0,0.004144673,0.0,0.0,0.0,-0.009602676,0.0,0.03962098,0.0,0.0,0.0,0.0,0.0,0.0,0.0,0.0,0.0,0.0,0.0,0.0,0.0,0.0,0.0,0.0,0.0,0.0,0.0,0.0,0.0,0.01050621,0.0,0.0,0.0,0.0,0.0,0.0,0.0,0.0,0.0,0.0,0.0,0.0,0.0,0.0,0.0,0.0,0.0,0.0,0.0,0.0,0.0,0.0,0.0,0.0,0.0,0.0,0.0,0.0,0.0,0.0,0.0,0.0,0.0,0.0,0.0,0.0,0.0,0.0,0.0,0.0,0.0,0.0,0.0,0.0,0.0,0.0,0.0,0.010864177,0.0,0.008550541,0.0,0.040531904,0.0,0.032528203,0.0,0.034098286,0.0,0.0022265648,0.0,0.0,0.0,0.0,0.0,0.0,0.0,0.0,0.0,0.0,0.0,-0.0071170405,0.0,0.0,0.0,0.0069389865,0.0,0.0,0.0,0.0,0.0,0.0,0.0,0.0,0.0,0.0,0.0,0.0,0.0,0.0,0.0,0.0,0.0,0.005619616,-0.006283904,0.0,0.0,0.0,0.0,0.0,0.0,0.0,0.0,0.015201528,0.0,0.0,0.0,0.0,0.0,0.0,0.0,0.0,0.0,0.0,0.0,0.0,0.0,0.0,0.0,0.0,0.0,0.0,0.0,0.0,0.0,0.0,0.0,0.0,0.0,-0.0025986396,0.0,-0.0017446495,0.0,0.001384508,0.0,0.013601765,0.0,0.001936349,0.0,0.004656838,0.0,0.0070598535,0.007576857,0.014599161,0.0,-0.00036467594,0.0009608206,0.011316986,0.0,0.0077221114,0.0,0.0036515973,0.0,0.0058307103,0.0,0.009954685,0.0,0.010812809,0.005925475,0.011285525,0.0,0.01682745
0.026032386,0.03936449,0.0131740635,0.02938772,-0.010656124,0.004552555,0.034718655,0.048580803,0.018231336,0.0,0.0,0.011348174,0.0,0.0,0.060772717,0.05800364,0.009248338,-0.0022347476,0.027036913,0.0,0.044291668,0.0249101,0.0,0.029913863,0.042885583,0.016488804,0.019421214,0.0,-0.006463807,-0.017921183,-0.001750806,-0.018019304,-0.012243079,0.014469377,0.0,0.0,0.0,0.0,0.01895096,0.015051394,0.0,0.0,0.0,0.0,0.0,0.0,0.0,0.0,0.0,0.0,0.0,0.0,0.0056728437,0.0,0.025221523,0.0,0.0,0.0,0.022367192,0.0,0.0,0.0,0.003733651,0.0,0.0,0.0,0.0,0.0,0.0,0.0,0.0,0.0,0.0,0.0,0.0,0.0,0.0,0.0,0.0,0.0,0.0,0.0,0.0,0.0,0.00946014,0.0,0.0,0.0,0.0,0.0,0.0,0.0,0.0,0.0,0.0,0.0,0.0,0.0,0.0,0.0,0.0,0.0,0.0,0.0,0.0,0.0,0.0,0.0,0.0,0.0,0.0,0.0,0.0,0.0,0.0,0.0,0.0,0.0,0.0,0.0,0.0,0.0,0.0,0.0,0.0,0.0,0.0,0.0,0.0,0.0,0.0,0.0,0.0,0.0,0.0,0.0,0.027493838,0.0,0.0,0.0,0.0,0.0,0.045171965,0.0,0.0,0.0,0.0,0.0,0.0,0.0,0.0,0.0,0.0,0.0,0.0,0.0,0.0,0.0,0.0,0.0,0.0,0.0,0.0,0.0,0.0,0.0,0.0,0.0,0.0,0.0,0.0,0.0,0.0,0.0,0.0,0.0,0.0,0.0,0.0,0.0,0.0,0.0,0.0,0.0,0.0,0.0,0.0,0.0,0.0,0.0,0.0,0.0,0.0,0.0,0.0,0.0,0.0,0.0,0.0,0.0,0.0,0.0,0.0,0.0,0.0,0.0,0.0,0.0,0.0,0.0,0.0,0.0,0.0,0.0,0.0,0.0,0.0,0.0,-0.002812109,0.0,0.00564029,0.0,0.0,0.0,0.0,0.0,0.008011222,0.00035640807,0.007936206,0.0,0.0,0.0,-4.781014e-06,0.0,0.0,0.0,0.0,0.0,0.005763599,0.0,0.006405552,0.0,0.011978903,0.0,-0.007284716,0.0
0.027705215,0.022111228,-0.00016759003,0.026651012,-0.0036745805,0.020122888,0.005108416,0.026725346,-0.0032942104,0.0,0.025050163,0.058082893,0.0,0.0,0.019677827,0.02765807,0.010291938,0.044922207,0.0324104,0.0591211,0.027486615,0.05615111,0.016861985,0.0,0.007426753,0.04859713,0.0,0.050673567,0.0,-0.00073638535,-0.0021787942,-0.009080348,0.0057546673,0.035097476,0.0,0.018237699,0.0,0.0,0.0032162636,0.010593743,0.0,0.0,0.0,0.0,0.0,0.0,0.0,0.0,0.0,0.0,0.0,0.0,0.0,0.0,0.0,0.012028363,0.0,0.0060369764,0.0,0.0,0.0,0.0,0.0,0.012463409,0.0,0.0,0.0,0.0,0.0,0.0,0.0,0.0,0.0,0.0,0.0,0.0,0.0,0.0,0.0,0.0,0.0,0.0,0.0,0.0,0.0,0.0,0.0,0.0,0.0,0.0,0.0,0.0,0.0,0.0,0.0,0.0,0.0,0.0,0.0,0.0,0.0,0.0,0.0,0.0,0.0,0.0,0.0,0.0,0.0,0.0,0.0,0.0,0.0,0.0,0.0,0.0,0.0,0.0,0.0,0.0,0.0,0.0,0.0,0.0,0.0,0.0,0.0,0.0,0.0,-0.0032073176,0.0,0.0,0.0,0.0,0.0,0.0,0.0,0.056169786,0.0,0.02324618,0.0,0.0,0.0,0.0,0.0,0.0,0.0,0.0,0.0,0.0,0.0,0.0,0.0,0.0,0.0,-0.00022744435,0.0,0.0,0.0,0.0,0.0,0.0,0.0,0.0,0.0,0.0,0.0,0.0,0.0,0.0,0.0,0.0,0.0,0.0,0.0,0.0,0.0,0.010327082,0.0,0.0,0.0,0.0,0.0,0.0,0.0,0.0,0.0,0.0,0.0,0.0,0.0,0.0,0.0,0.0,0.0,0.0,0.0,0.0,0.0,0.0,0.0,0.0,0.0,0.0,0.0,0.0,0.0,0.0,0.0,0.0,0.0,0.0,0.0,0.0,0.0,0.0,0.0,0.0,0.0,0.0,0.0,0.005527888,0.0,-0.0033274854,0.0,0.0,0.0025390084,0.007302185,0.0,0.0053901416,0.0,0.0,0.0,0.0037926743,0.0,0.0,0.0,0.0,0.0,0.0023880615,0.0,0.005061379,0.0,0.0070599783,0.0,0.00800773
0.037194647,0.022473667,0.0037627192,0.040862925,-0.010987731,0.0,0.03877271,0.04739207,0.029281866,0.009523793,0.0,0.0,0.0,0.0,0.022804808,0.0,0.054059632,0.020956624,0.027069593,0.0,0.057925727,0.0,0.04262889,0.021522632,0.0,0.032024547,0.0049980064,0.0,0.022612816,0.0,0.045074582,0.0,0.00011160148,0.0,0.0,0.0,0.0,0.0,0.01694543,0.0,0.0,0.0,0.0,0.0,0.0,0.0,0.0,0.0,0.0,0.0,0.0,0.0,0.009479932,0.0,0.03869807,0.037442975,0.022684839,0.0,0.016927348,0.0,0.0,0.0,0.034816235,0.019310681,0.0,0.0,0.0,0.0,0.0,0.0,0.0,0.0,0.0,0.0,0.0,0.0,0.0,0.0,0.0,0.0,0.0,0.0,0.0,0.0,0.027402716,0.0,0.0,0.0,0.0,0.0,0.0,0.0,0.0,0.0,0.0,0.0,0.024779074,0.0,0.0,0.0,0.0,0.0,0.0,0.0,0.0,0.0,0.0,0.0,0.0,0.0,0.0,0.0,0.0,0.0,0.0,0.0,0.0,0.0,0.0,0.0,0.0,0.0,0.0,0.0,0.0,0.0,0.0,0.0,0.033632413,0.0,-0.006025504,0.0,0.033945043,0.0,0.0,0.0,0.048507158,0.0,0.02466761,0.0,0.0,0.0,0.027073491,0.0,0.0,0.0,0.0,0.0,0.0,0.0,0.0,0.0,0.0,0.0,0.0062850323,0.0,0.0,0.0,0.002458694,0.0,-0.009695937,0.0,0.0,0.0,0.0,0.0,0.0,0.0,0.0,0.0,0.0,0.0,0.0,0.0,0.0,0.0,0.0,0.0,0.0,0.0,0.0,0.0,0.0,0.0,0.0,0.0,0.0,0.0,0.0,0.0,0.0,0.0,0.0,0.0,0.0,0.0,0.0,0.0,0.0,0.0,0.0,0.0,0.0,0.0,0.0,0.0,0.0,0.0,0.0,0.0,0.0,0.0,0.0,0.0,0.0007967249,0.0,0.0,0.0,0.0,0.0,0.0049218303,0.0,-0.0005369621,0.0,0.0,0.0,0.01335082,0.0046825483,-0.006616065,0.0,0.0,0.0,0.0128709,0.0,0.0,0.0,0.0,0.0,0.0,0.0,0.0,0.0,0.01920785,0.0,0.013684812,0.0
0.028146865,0.0058009806,0.0201883,0.048444953,0.0,0.024344306,0.0026991535,0.024810158,-0.0007228012,-0.011317304,0.0,0.0,0.0,0.0,0.0,0.013851557,0.023087312,0.03173451,0.0,0.027895316,0.0,0.025405146,0.019797754,0.046540674,0.01568049,0.0,0.0,0.024814906,0.0,0.012095159,0.0,0.0058527226,0.0,0.022645874,0.0,0.0,0.0,0.0,-0.0060201613,-0.002025124,0.0,0.0,0.0,0.0,0.0,0.0,0.0,0.0,0.0,0.0,0.0,0.0,-0.010369619,-0.0019171175,-0.01293285,0.01005943,0.0,-0.0076726284,-0.013462363,-0.0028469993,0.0,-0.013173412,0.0005901784,0.003354262,0.0,0.0,-0.013177923,-0.009976717,0.0,0.0,0.0,0.0,0.0,0.0,0.0,0.0,0.0,0.0,0.0,0.0,0.0,0.0,0.0,0.0,0.0,0.0,0.0,0.0,0.0,0.0,0.0,0.0,0.0,0.0,0.0,0.0,0.0,0.0,0.0,0.0,0.0,0.0,0.0,0.0,0.0,0.0,0.0,0.0,0.0,0.0,0.0,0.0,0.0,0.0,0.0,0.0,0.0,0.0,0.0,0.0,0.0,0.0,0.0,0.0,0.0,0.0,0.0,0.0,0.0,-0.0072995066,0.0,0.0,0.0,-0.0027531667,0.0,0.0,0.0,0.048287615,0.0,0.008335428,0.0,0.0,0.0,0.0,0.0,0.0,0.0,0.0,0.0,0.0,0.0,0.0,0.0,0.0,0.0,-0.004382216,0.0,0.0,0.0,-0.012698882,0.0,-0.005815754,0.0,0.0,0.0,0.0,0.0,0.0,0.0,0.0,0.0,0.0,0.0,0.0,0.0,0.0,0.0,0.0,0.0,0.0,0.0,0.0,0.0,0.0,0.0,0.0,0.0,0.0,0.0,0.0,0.0,0.0,0.0,0.0,0.0,0.0,0.0,0.0,0.0,0.0,0.0,0.0,0.0,0.0,0.0,0.0,0.0,0.0,0.0,0.0,0.0,0.0,0.0,0.0,0.0,0.005096723,0.0,0.0,0.0,0.0,0.0,-0.0049878284,0.0,0.0,0.0,0.0,-0.00090192765,-0.003555962,0.0,-0.0012645462,0.0,0.0,0.0,0.0031298413,0.0,0.0,0.0,0.0,0.0,0.0,0.0,0.0,0.0,0.0,0.0,0.007396193
0.018750258,0.0027523288,0.0031314283,0.0,0.012809761,0.023432048,0.005140961,0.0,-0.0062469393,0.0,0.026371697,0.02250464,0.017163347,0.018081687,0.008896033,0.0,0.005039373,0.0,0.021901883,0.02604819,0.0056009027,0.01946698,0.013517575,0.0,0.006829062,0.0,0.0,0.034469213,-9.0195455e-05,0.0,-0.0049416893,0.0,-0.004783909,0.0,-0.010759015,0.0,-0.0004963307,0.0,-0.016188834,0.0,0.017450925,-0.0014360658,0.0045663845,0.014550852,0.026628325,0.0,0.034068216,0.021055479,0.015827091,0.010978254,0.0070561436,0.0,-0.00783862,0.0,-0.0038296266,0.0,-0.00879684,0.0,0.0,0.0,0.0,0.0,-0.00035641904,0.0,0.00212667,0.0,0.0,0.0,0.0041972776,0.0,0.0,0.0,0.0,0.0,0.0,0.0,0.0028220832,0.0,0.0,0.0,0.0,0.0,0.015259915,0.0,0.0,0.0,0.0,0.0,0.0,0.0,0.0,0.0,0.016508115,0.0,0.0,0.0,0.0,0.0,0.0,0.0,0.0,0.0,0.01020498,0.0,0.0,0.0,0.0,0.0,0.022196094,0.0,0.0,0.0,0.0,0.0,0.0,0.0,0.009649539,0.0,0.0,0.0,0.0,0.0,0.0,0.0,0.0,0.0,0.0,0.0,0.0,0.0,0.0,0.0,0.0,0.0,0.0,0.0,0.0,0.0,0.0,0.0,0.0,0.0,0.0,0.0,0.0,0.0,0.007399792,0.0,-0.0038711182,0.0,0.0,0.0,0.022509966,0.02802728,0.0,0.0,0.0,0.0,0.0,0.0,0.0011750911,0.0,0.0,0.0,0.01776495,0.0,-0.005744072,0.0,0.0103343045,0.0,0.0,0.0,-0.013922799,0.0,0.026022686,0.027554069,-0.0017708417,-0.0009175673,0.015946671,0.014335284,0.0051010554,0.0,-0.0022890344,-0.006823334,0.0009952227,0.0,0.01014119,0.012463443,0.009373152,0.0,0.007811915,0.0,0.017792877,0.0,0.0,0.0,0.008852417,0.0,0.0,0.0,0.0,0.0,0.0,0.0,0.008227228,0.0,0.0198705,0.0,0.0,0.0,-0.0032431963,0.0,-0.0005865092,0.0,-0.0038148223,0.0,0.009962952,0.0,0.013029936,0.00547555,0.00088535104,0.0,0.01967912,0.023122886,0.008652852,0.00959454,0.0010978854,-8.922279e-05,-0.0066331937,-0.0039688465,-0.0017016666,0.00027050817,-0.003434867,0.0,-0.003131489,0.0,-0.019968145,-0.009068326,0.00260632,-0.00055133976,0.0041059665,0.0014991105,-0.008062851,-0.0047006845,0.0037984997,-0.002225174
0.0009532274,0.0011671418,0.0,-0.0026519385,0.00031466808,0.0017595406,0.0,0.016709857,0.0,0.0017809496,-0.0008395605,-0.003409648,-0.0059610032,0.006327715,0.0,0.0007696051,0.0,0.011310405,0.015922084,0.0056759785,-0.0039094496,0.007550421,0.0,0.013478476,0.0,0.012626899,0.009909331,0.0,0.0,0.0043176487,0.0,0.0010928073,0.0,0.008717879,0.0,0.0017570346,0.0,-0.005246713,0.0,-0.0064161676,0.006235229,-0.009565816,-0.018049156,-0.00019815737,0.0,0.017944695,0.022928154,0.016581219,-0.009253907,0.0043512965,-0.013398002,0.0039866986,0.0,-0.0014106167,0.0,0.0,0.0,0.0027216913,0.0,-0.0048738606,0.0,-0.015627267,0.0,0.008489973,0.0,-0.002430789,0.0,0.0,0.0,0.008868463,0.0,0.0,0.0,-0.008974877,0.0,0.0,0.0,0.009897603,0.0,0.0,0.0,0.0,0.0,-0.00040513097,0.0,0.021950357,0.0,0.0111225685,0.0,0.0,0.0,0.0,0.0,0.0,0.0,0.017582778,0.0,0.0,0.0,0.0,0.0,0.0,0.0,0.013806048,0.0,0.0014019124,0.0,0.0,0.0,0.0,0.0,0.0,0.0,0.0,0.0,0.0,0.0,0.019931037,0.0,-0.0027256543,0.0,0.0,0.0,0.0,0.0,0.0,0.0,0.0,0.0,0.0,0.0,-0.011348315,0.0,0.0,0.0,0.0,0.0,0.0,0.0,0.0,0.0,0.017286763,0.0,0.0,0.0,0.0,0.014964775,0.02076967,0.0,0.016097624,0.0,0.017218174,0.0060879863,0.021309586,0.0,0.009292987,0.0,0.0,0.0,0.0,0.0,0.009909648,0.0,0.0,0.0,-0.002977446,0.0,0.000346694,0.0,0.0015153056,0.0,0.0,0.0,0.0,0.01145859,0.017763663,-0.007733675,-0.017843226,-0.015743408,0.0020592168,0.0,-0.0009155116,-0.00983216,-0.006053048,0.0,0.0,-0.018631328,-0.022076625,0.0,-0.0015418961,0.0,0.0016331063,0.0,0.0075729256,0.0,-0.0036249382,0.0,0.0074711987,0.0,0.0,0.0,0.0,0.0,0.0,0.0,0.01009048,0.0,0.028531356,0.0,0.0,0.0,-0.0019062972,0.0,-0.0028612423,0.0,0.0063210092,0.0,0.015474013,-0.0012321027,-0.0027729801,0.0,0.0056219306,0.001964666,0.014645808,0.003068569,-0.0052168276,-0.0056007006,-0.0039155195,-0.0114303585,-0.0019710376,-0.0021626302,-0.0013559142,0.0,-0.001401048,0.0,-0.004266947,-0.0015333691,0.0010779088,-0.005466935,-0.0044710124,-0.0002163943,-0.00013804725,-0.006436652,0.0009753276,0.01103001,-0.0015485623
0.024756018,0.0,-0.026247585,0.0,-0.003036941,0.0,0.025832836,0.0,0.0,0.0,0.0,0.0,0.0,0.0,0.018014688,0.0,0.07901778,0.0,0.0096720625,0.0,0.023043439,0.0,-0.009165749,0.0,0.02728435,0.0,-0.03936372,0.0,0.0,0.0,0.07604896,0.0,0.055559054,0.0,0.03522038,0.0,0.047771864,0.0,0.059356295,0.0,0.0,0.0,0.0,0.0,0.0,0.0,0.0,0.0,0.0,0.0,0.013466622,0.0,0.030108301,0.0,0.026957184,0.0,0.0,0.0,0.0,0.0,-0.0017141774,0.0,0.07680632,0.0,0.0,0.0,0.0,0.0,0.0,0.0,0.0,0.0,0.0,0.0,0.0,0.0,0.0,0.0,0.0,0.0,0.0050801835,0.0,0.0,0.0,0.0358974,0.0,0.0,0.0,0.0,0.0,0.0,0.0,0.0,0.0,0.0,0.0,0.022862446,0.0,0.0,0.0,0.0,0.0,0.0,0.0,0.0,0.0,0.0,0.0,0.0,0.0,0.0,0.0,0.0,0.0,0.0,0.0,0.0,0.0,0.0,0.0,0.0,0.0,0.01560084,0.0,0.0,0.0,0.0,0.0,0.0,0.0,0.0,0.0,0.0,0.0,0.0,0.0,0.0,0.0,0.028485063,0.0,0.0,0.0,-0.03125595,0.0,0.0,0.0,0.0,0.0,0.0,0.0,0.0,0.0,0.0,0.0,0.018034898,0.0,0.0,0.0,0.0,0.0,0.0,0.0,0.0,0.0,0.0,0.0,0.026654609,0.0,0.0,0.0,0.0,0.0,-0.0005015045,0.0,0.0,0.0,0.0,0.0,0.0,0.0,0.0,0.0,0.0,0.0,0.0,0.0,0.0,0.0,0.0,0.0,0.0,0.0,0.0,0.0,0.0,0.0,0.0,0.0,0.0,0.0,0.0,0.0,0.0,0.0,0.0,0.0,0.0,0.0,0.0,0.0,0.0,0.0,0.0,0.0,0.010507939,0.0,0.0,0.0,0.0,0.0,0.029226543,0.0,0.0,0.0,0.012992026,0.0,0.01491751,0.01891794,0.008106195,0.0,0.0,0.0,0.010082543,0.0,0.0,0.0,0.005953337,0.0,0.032275375,0.0,0.020016044,0.0,0.027780779,0.0,0.016762685,0.0
0.01668424,0.0,0.0,0.012038394,0.0,0.0,0.0,0.00045489508,0.0,0.0,0.0,0.0,0.0,0.0,0.0,-0.011894548,0.0,0.0520428,0.0,-0.01595293,0.0,0.01925124,-0.012876875,-0.0003513909,0.0,0.030364016,0.0,-0.011618066,0.0,0.0,0.0,0.07944923,0.0,0.030764174,0.0,0.046542533,0.0,0.0046676733,0.0,0.025247147,0.0,0.0,0.0,0.0,0.0,0.0,0.0,0.0,0.0,0.0,0.0,0.0,0.0,-0.005983292,0.0,0.034889083,0.0,0.0,0.0,0.0,0.0,-0.017875418,0.0,0.05288716,0.0,0.0,0.0,0.0,0.0,0.0,0.0,0.0,0.0,0.0,0.0,0.0,0.0,0.0,0.0,0.0,0.0,0.0,0.0,0.0,0.0,0.0,0.0,0.0,0.0,0.0,0.0,0.0,0.0,0.0,0.0,0.0,0.0,0.0,0.0,0.0,0.0,0.0,0.0,0.0,0.0,0.0,0.0,0.0,0.0,0.0,0.0,0.0,0.0,0.0,0.0,0.0,0.0,0.0,0.0,0.0,0.0,0.0,0.0,0.0,0.0,0.0,0.0,0.0,0.0,-0.0048991223,0.0,0.0,0.0,0.0,0.0,0.0,0.0,0.008344298,0.0,-0.0055311495,0.0,0.0,0.0,0.02107631,0.0,0.0,0.0,0.0,0.0,0.0,0.0,0.0,0.0,0.0,0.0,0.0,0.0,0.0,0.0,0.0012822537,0.0,0.0,0.0,0.0,0.0,0.0,0.0,0.0,0.0,0.0,0.0,0.0,0.0,0.0,0.0,0.0,0.0,0.0,0.0,0.0,0.0,0.0,0.0,0.0,0.0,0.0,0.0,0.0,0.0,0.0,0.0,0.0,0.0,0.0,0.0,0.0,0.0,0.0,0.0,0.0,0.0,0.0,0.0,0.0,0.0,0.0,0.0,0.0,0.0,0.0,0.0,0.0,0.0,0.0,0.0,0.0,0.0,0.0,0.0,0.0,0.0,0.0023035463,0.0,0.0,0.0,0.0,0.0,0.009215602,0.0,-0.0062480136,0.0,0.024737105,0.0,0.0,0.0,0.0,0.0,0.0,0.0,0.026062716,0.0,0.010539006,0.0,0.008569631,0.0,0.0
0.034966093,0.0,0.0045262887,0.0,0.0034723755,0.0,-0.0031234787,0.0,0.0,0.0,-0.010992453,0.0,0.0,0.0,0.003975742,0.0,0.04774647,0.0,0.032395303,0.0,0.050510317,0.0,-0.009760946,-0.00069444464,0.027489858,0.0,-0.0018739448,0.0,0.03360841,0.0,0.0,0.0,0.02449381,0.0,0.016608829,0.0,0.029261924,0.0,0.011754857,0.0,0.0,0.0,0.025895702,0.0,0.0,0.0,0.0,0.0,0.0,0.0,0.030753337,0.0,-0.0076377206,0.0,-0.01162867,0.0,-0.009000271,0.0,0.0,0.0,-0.0090321675,0.0,0.045421086,0.0,0.0,0.0,0.0,0.0,0.0,0.0,0.0,0.0,0.008417093,0.0,0.0,0.0,-0.005997254,0.0,0.0,0.0,0.020277767,0.0,0.0,0.0,0.010374156,0.0,0.0,0.0,0.0,0.0,0.0,0.0,0.0,0.0,0.0,0.0,0.03623145,0.0,0.04545459,0.0,0.0,0.0,0.0,0.0,0.0,0.0,0.0,0.0,0.0,0.0,0.0,0.0,0.0,0.0,0.0,0.0,0.0,0.0,0.0,0.0,0.0,0.0,0.0,0.0,0.0,0.0,0.0,0.0,0.0,0.0,0.0,0.0,0.0,0.0,0.0,0.0,0.0,0.0,0.0,0.0,0.0,0.0,-0.013990134,0.0,0.0,0.0,0.0,0.0,0.0,0.0,0.0,0.0,0.0,0.0,-0.00863815,0.0,0.0,0.0,0.0,0.0,0.0,0.0,0.0,0.0,-0.001970102,0.0,0.019201806,0.0,0.0033397218,0.0,0.0,0.0,-0.0011689054,0.0,0.0,0.0,0.0,0.0,0.0,0.0,0.0,0.0,0.0,0.0,0.0,0.0,0.0,0.0,0.0,0.0,0.0,0.0,0.0,0.0,0.0,0.0,0.0,0.0,0.0,0.0,0.0,0.0,0.0,0.0,0.0,0.0,0.0,0.0,0.0,0.0,0.0,0.0,0.0,0.0,0.01201094,0.0,0.0022119351,0.0,-0.006248838,0.0,0.0015429854,0.0,0.0002985018,0.0,-0.0063090916,0.0,0.010405184,0.0112444945,0.0024166543,0.0,0.015159767,0.0,-4.9117752e-05,0.0,0.0,0.0,0.006579326,0.0,0.008679056,0.0,0.012201081,0.0,0.017269649,0.0,0.001146111,0.0
0.0,0.0,0.0,0.0,0.03076622,0.020924378,0.0,0.0,0.0,0.0,0.005585834,-0.008929582,0.0,0.0,-0.008221565,-0.021134716,0.0,0.0043987385,0.0,-0.021322947,-0.020776726,0.0038300487,-0.018265434,-0.025892682,0.0,0.00029948147,0.0,-0.013560741,0.0,0.05511864,0.0,0.0,0.0,0.013835214,0.0,0.031518444,0.0,-0.007409613,0.0,0.02080422,0.0,0.0,0.0,0.02695639,0.0,0.0,0.0,0.0,0.0,0.0,0.0,0.016940678,0.0,0.0,0.0,0.0,0.0,0.0,0.0,0.0,0.0,9.80982e-05,0.0,0.018734945,0.0,0.0,0.0,0.0,0.0,0.0,0.0,0.0,0.0,0.0,0.0,0.0,0.0,0.0,0.0,0.0,0.0,0.0,0.0,0.0,0.0,0.028451847,0.0,0.0,0.0,0.0,0.0,0.0,0.0,0.0,0.0,0.0,0.0,0.0,0.0,0.0,0.0,0.0,0.0,0.0,0.0,0.0,0.0,0.0,0.0,0.0,0.0,0.0,0.0,0.0,0.0,0.0,0.0,0.0,0.0,0.0,0.0,0.0,0.0,0.0,0.0,0.0,0.0,0.0,0.0,0.005749188,0.0,0.0,0.0,0.00816453,0.0,-0.0035276155,0.0,-0.019755274,0.0,-0.014489545,0.0,-0.020248957,0.0,0.0071931155,0.0,0.0,0.0,0.0,0.0,0.0,0.0,0.0,0.0,0.0,0.0,0.0,0.0,0.0,0.0,0.0,0.0,0.0,0.0,0.0,0.0,0.0,0.0,-0.016819287,0.0,0.010108708,0.0,0.0,0.0,0.0,0.0,0.0,0.0,0.0,0.0,0.0,0.0,0.005655527,0.0,0.0,0.0,0.0,0.0,0.0,0.0,0.0,0.0,0.0,0.0,0.0,0.0,0.0,0.0,0.0,0.0,0.0,0.0,0.0,0.0,0.0,0.0,0.0,0.0,0.0,0.0,0.0,0.0,0.0,0.0,0.0,0.0,0.02848658,0.0,0.0010460669,0.0,-0.0034608187,0.0,0.0006993178,0.0,0.0016645534,0.0,0.0076971957,0.0,0.0036440338,0.0,-7.2617337e-07,0.0,0.018805014,0.0,-0.00045140312,0.0,0.011458254,0.0,0.01260746,0.0,0.024587246,0.0,0.014852183,0.0,-0.0065862993,0.0,0.010863799
0.055483196,-0.000976906,0.03484896,0.0053667636,0.07986567,0.033576597,0.0013053274,0.0,0.0,0.0,0.04554971,0.002940284,0.03237252,0.0,0.019170992,-0.026983384,0.050123643,0.0,0.037201326,0.0,0.0018833769,0.0,-0.016233739,-0.015834685,-0.004967288,0.0,0.00034072416,0.0,0.040128898,0.0,0.05253805,0.0,0.0,0.0,0.0750196,0.0,0.0150003275,0.0,0.021803718,0.0,0.0,0.0,0.052351166,0.0,0.0,0.0,0.0,0.0,0.028461317,0.0,0.05379802,0.0,-0.010900707,0.0,-0.0220692,0.0,0.0,0.0,0.0,0.0,-0.022033019,0.0,0.038546886,0.0,0.0,0.0,0.0,0.0,0.034320936,0.0,0.006659979,0.0,0.0057976064,0.0,0.0,0.0,0.019555822,0.0,0.0,0.0,0.0,0.0,0.0,0.0,0.055311073,0.0,0.048281513,0.0,0.0,0.0,0.0,0.0,0.0,0.0,0.0,0.0,0.039481454,0.0,0.0,0.0,0.0,0.0,0.024348915,0.0,0.0,0.0,0.0,0.0,0.0,0.0,0.0,0.0,0.0,0.0,0.0,0.0,0.0108921835,0.0,0.0,0.0,0.0,0.0,0.0,0.0,0.0,0.0,0.0,0.0,0.0,0.0,0.0,0.0,0.0,0.0,0.0,0.0,0.0,0.0,0.0,0.0,0.0,0.0,0.0,0.0,0.009256757,0.0,0.0,0.0,0.0,0.0,0.0,0.0,0.0,0.0,0.0,0.0,-0.0022506313,0.0,0.0,0.0,0.0,0.0,0.0010010048,0.0,0.034424335,0.0,-0.002062177,0.0,0.0018140294,0.0,-0.00024404094,0.0,-0.00044574187,0.0,0.0,0.0,0.01491644,0.0,0.0,0.0,0.011722055,0.0,0.0,0.0,0.0,0.0,0.0,0.0,0.0,0.0,0.0,0.0,0.0,0.0,0.0,0.0,0.0,0.0,0.0,0.0,0.0,0.0,0.0,0.0,0.0,0.0,0.0,0.0,0.0,0.0,0.0,0.0,0.019294972,0.0,0.027108151,0.0,0.017602181,0.0,-0.00069742353,0.0,0.01970274,0.0,0.022403946,0.0,0.014382803,0.0,0.016012933,0.01390141,0.004949842,0.0,0.01778365,0.0,0.0011761747,0.0,0.0034576696,0.0,0.015492243,0.012250278,0.0067225453,0.0,0.022237282,0.0,0.0019908044,0.0,0.004544245,0.0
0.034492094,0.018735986,0.019971501,0.026007418,0.03035374,0.057653494,0.0,0.0067026285,0.0,0.0,0.051265355,0.060330857,0.007410949,0.04085237,0.0,0.0048417724,0.0,0.027684959,0.0,0.042346563,-0.0022819447,0.031944174,0.009650558,0.05003342,0.0,0.053896174,0.0,0.03906182,0.0,0.0061042053,0.0,0.013995363,0.0,0.0,0.0,0.07422522,0.0,0.019362459,0.0,0.023547323,0.0,0.0,0.0,0.04927224,0.0,0.0,0.0,0.0,0.0,0.017610697,0.0,0.071404,0.0,-0.014899876,0.0,0.006381176,0.0,0.0,0.0,0.0,0.0,-0.004186044,0.0,-0.0014803436,0.0,0.0,0.0,0.0,0.0,0.00033321237,0.0,-0.003104406,0.0,-0.0002903438,0.0,-0.0034148982,0.0,-0.008860169,0.0,0.0,0.0,0.0,0.0,0.0,0.0,0.031276982,0.0,0.0,0.0,0.0,0.0,0.0,0.0,0.0,0.0,0.0,0.0,0.0,0.0,0.0,0.0,0.0,0.0,0.0,0.0,0.0,0.0,0.0,0.0,0.0,0.0,0.0,0.0,0.0,0.0,0.0,0.0,0.0,0.0,0.0,0.0,0.0,0.0,0.0,0.0,0.0,0.0,0.0,0.0,0.0,0.0,0.0,0.0,0.0,0.0,0.0,0.0,0.0,0.0,0.0039431364,0.0,0.04967917,0.0,0.0,0.0,0.00260133,0.0,0.0,0.0,0.0,0.0,0.0,0.0,0.0,0.0,0.0,0.0,-0.0045633004,0.0,-0.0050429404,0.0,0.0,0.0,0.003957823,0.0,0.02516077,0.0,0.012716283,0.0,0.005173861,0.0,-0.0016001884,0.0,0.011073452,-0.008822131,0.0057294564,0.0,0.01828565,0.0,0.0,0.0,-0.023598056,0.0,0.0,0.0,0.0,0.0,0.0,0.0,0.0,0.0,0.0,0.0,0.0,0.0,0.0,0.0,0.0,0.0,0.0,0.0,0.0,0.0,0.0,0.0,0.0,0.0,0.0,0.0,0.0,0.0,0.0,0.0,-0.010449263,0.0,-0.0087449625,0.0,-0.008117545,0.0,-0.0034600748,0.0,-0.0059875892,0.0,0.008409099,0.0,-0.009712705,0.0,0.00053842016,0.0,-0.00025906911,0.0,0.009200329,0.0,-0.002003933,0.0,-8.766169e-05,0.0,0.0045446637,0.0,2.3971832e-05,0.0,0.004112481,0.0,-0.012636139,0.0,0.0043227505
0.010866826,0.0,0.0,0.0,0.039126262,0.0,0.0,0.0,0.0,0.0,0.013242198,0.0,0.0052272575,0.0,-0.0033945777,0.0,0.023335451,0.0,0.002716326,0.0,-0.0027856731,0.0,0.0,0.0,0.0,0.0,-0.015936127,0.0,0.016160168,0.0,0.028215382,0.0,0.0396138,0.0,0.0,0.0,-0.018487312,0.0,0.021712905,0.0,0.0,0.0,-0.0020326457,0.0,0.0034629959,0.0,0.0,0.0,0.024235561,0.0,0.0075667007,0.0,0.0,0.0,0.0,0.0,0.0017608528,0.0,0.0,0.0,-0.022621287,0.0,0.03377487,0.0,0.0,0.0,0.0,0.0,0.036264457,0.0,0.011602468,0.0,-0.0010683468,0.0,0.03803408,0.0,0.038661208,0.0,0.02739653,0.0,0.021296011,0.0,0.0,0.0,0.049195424,0.0,0.027804824,0.0,0.0,0.0,0.0,0.0,0.0,0.0,0.0,0.0,0.05143523,0.0,0.0,0.0,0.0,0.0,0.002517706,0.0,0.0,0.0,0.0,0.0,0.0,0.0,0.0,0.0,0.0,0.0,0.0,0.0,0.011654024,0.0,0.0,0.0,0.017720519,0.0,-0.0013921647,0.0,0.0,0.0,0.0,0.0,0.0,0.0,0.004260996,0.0,0.0,0.0,0.0,0.0,0.0,0.0,0.0,0.0,0.0,0.0,0.0,0.0,0.0114032915,0.0,0.0,0.0,0.0003460088,0.0,-0.021184348,0.0,-0.015163351,0.0,0.006111564,0.0,-0.0015633275,0.0,0.0,0.0,0.00242091,0.0,-0.005532608,0.0,-0.008467616,0.0,-0.0096920375,0.0,0.0016528609,0.0,-0.004438599,0.0,0.0055800704,0.0,-0.004823392,0.0,0.0,0.0,0.0,0.0,-0.0063301637,-0.014891844,0.0,0.0,0.0,0.0,0.0,0.0,0.0,0.0,0.0,0.0,0.0,0.0,0.0,0.0,-0.00038619412,0.0,0.0,0.0,0.004195394,0.0,0.0,0.0,0.0,0.0,0.0,0.0,0.0,0.0,0.020161234,0.0,0.027276805,0.0,0.011316144,0.0,0.0059524747,0.0,0.0047187833,0.001903489,0.006164864,0.0,-0.0036053609,0.0,0.0015195009,0.0,0.0060119685,0.006616775,-0.005668376,0.0,0.0143767465,-0.008977256,-0.005865435,0.0,-0.0034586517,0.0,0.012729162,9.30417e-06,-0.017469019,-0.018778395,-0.004843954,0.0,0.0060838703,0.0,-0.00585385,0.0
0.0,0.0,0.0,0.0,0.0,0.040399846,0.0,0.0,0.0,0.0,0.0,0.029116131,0.0041156285,0.02877369,0.0,-0.012449313,0.0,0.014847178,0.0,0.020840956,0.0,-0.0011891827,0.0,0.007765411,0.0,0.0,0.0,0.018334731,0.0,0.018143496,0.0,0.014401603,0.0,0.051523276,0.0,0.0,0.0,0.0128695695,0.0,0.0096766,0.0,0.0,0.0,0.019009357,0.0,0.0,0.0,0.0,0.0,-0.0045941905,0.0,0.03927274,0.0,0.0,0.0,0.0,0.0,0.0,0.0,0.0,0.0,-0.0049568536,0.0,-0.008797077,0.0,0.0,0.0,0.0,0.0,-0.0060047577,0.0,0.001719316,0.0,-0.00011528988,0.0,0.0055799303,0.0,0.01556846,0.0,0.026883848,0.0,0.032133482,0.0,0.0,0.0,0.013725146,0.0,0.051227532,0.0,0.0,0.0,0.0,0.0,0.0,0.0,0.0,0.0,0.0,0.0,0.0,0.0,0.0,0.0,-0.029456798,0.0,0.0,0.0,0.0,0.0,0.0,0.0,0.0,0.0,0.0,0.0,0.0,0.0,0.0,0.0,0.0,0.0,0.031526692,0.0,0.015064209,0.0,0.0,0.0,0.0,0.0,0.0,0.0,-0.008110047,0.0,0.0,0.0,-0.021340786,0.0,0.0016178004,0.0,-0.018104706,0.0,0.015463805,0.0,0.0,0.0,-0.0011231322,0.0,0.0,0.0,-0.00865904,0.0,0.0,0.0,0.0,0.0,0.0,0.0,0.0013819688,0.0,-0.004833072,0.0,-0.0036761165,0.0,-0.0042032474,0.0,0.010605432,0.0,0.0004887496,0.0,-0.010778914,0.0,-0.0155871,0.0,-0.011731264,-0.005533109,0.0043050745,0.0,0.008502786,0.0,0.0,0.0,-0.011797922,0.0,0.0,0.0,0.0,0.0,0.0,0.0,0.0,0.0,0.0,0.0,0.0,0.0,0.0,0.0,-0.00055326783,0.0,0.0,0.0,-0.014279499,0.0,0.0,0.0,0.0,0.0,0.0,0.0,0.0,0.0,0.014916628,0.0,-0.00064280094,0.0,-0.014643738,0.0,-0.016392717,0.0,-0.0038409233,0.0,-0.0071853073,0.0,-0.0066386596,0.0,-0.012104243,0.0,0.0043131458,0.0,-0.006349095,-0.010534165,0.0078587625,0.0,0.010825791,0.0,0.00040037182,-0.004799324,-0.00022686504,-0.0027218803,-0.0001079133,0.0,-0.0068374285,-0.009646021,0.0074231154,0.0,0.0007332926
0.033245534,0.024235982,-0.0021532855,0.0,-0.0039601047,0.0,0.0,0.0,0.0,0.0,0.009648654,0.013615169,-0.012863943,0.0,0.039201748,0.0,0.01681937,0.0,0.0312637,0.0,0.023337867,0.0,0.0,0.0,0.0,0.0,0.003522026,0.0,0.004072823,0.0,0.021943329,0.0,0.013252346,0.0,-0.020206457,0.0,0.0,0.0,0.012852892,0.0,0.0,0.0,-0.012163565,0.0,0.008006762,0.0,0.0,0.0,0.0013886866,0.0,0.006576999,0.0,-0.030712552,0.0,0.0,0.0,0.0,0.0,-0.01437823,0.0,-0.0037296638,0.0,0.0047566937,0.0,0.0,0.0,0.0,0.0,0.0040139854,0.0,0.0014634662,0.0,-0.0015090504,0.0,-0.00070105615,0.0,0.023148522,0.0,-0.011802427,0.0,-0.0037450725,0.0,-0.012678698,0.0,-0.012501645,0.0,-0.00046842918,0.0,0.0,0.0,0.0,0.0,0.0,0.0,0.0,0.0,0.0,0.0,0.0,0.0,0.0,0.0,0.0072571244,0.0,0.0,0.0,0.0,0.0,0.0,0.0,0.0,0.0,0.0,0.0,0.0,0.0,0.002934229,0.0,0.0,0.0,-0.010740944,0.0,0.007221344,0.0,-0.0050888928,0.0,0.0,0.0,0.0,0.0,-0.01707834,0.0,0.0,0.0,0.0,0.0,0.0,0.0,0.007396128,0.0,-0.012053707,0.0,-0.009237184,0.0,0.0052513136,0.0,0.009457053,0.0,0.0063196374,0.0,0.0061094505,0.0,-0.0063215974,0.0,-0.011161706,0.0,0.007893248,0.0,-0.011193615,0.0,-0.01501711,0.0,-0.000111269626,0.0,0.020125281,0.0,0.014321107,0.0,0.014266776,0.0,0.015814727,0.0,0.008955207,0.0,0.0,0.0,0.0,0.0,0.0,0.0,0.010212477,0.016098004,0.0,0.0,0.0,0.0,0.0,0.0,0.0,0.0,-0.0019241596,0.0,0.0,0.0,0.0,0.0,0.008478583,0.0,0.0,0.0,-0.00188908,0.0,0.0,0.0,0.0,0.0,0.0,0.0,0.0,0.0,0.015861586,0.0,0.004213203,0.0,-0.0013570125,0.0,0.0032612684,0.0,0.0005580075,0.0,0.001523571,0.0,0.0001945478,0.0,-0.00569483,0.0,0.0056155366,0.0,0.002371078,0.0,0.013112875,0.011691964,0.0015455383,0.0,-0.00022355754,0.0,0.014003636,0.003268817,-0.00062590383,0.0,-0.011427554,0.0,0.0093416525,0.0,0.0012700381,0.0
0.027104111,0.037172493,0.0,0.0,0.0,0.009381225,0.0,0.0,0.0,0.0,0.0134084495,0.021959564,0.0,0.0,0.0,0.03958557,0.0,0.0,0.0,0.04128647,0.0,0.028389432,0.0,0.0,0.0,0.0,0.0,0.014296555,0.0,0.003728607,0.0,0.0063716443,0.0,0.031921215,0.0,0.027107662,0.0,0.0,0.0,0.009669215,0.0,0.0,0.0,0.018830737,0.0,0.01241447,0.0,0.0,0.0,0.020099815,0.0,0.039476268,0.0,-0.011018017,0.0,0.0,0.0,0.0,0.0,0.0,0.0,-0.0054696854,0.0,0.010376035,0.0029314626,0.0,0.0,0.0,0.0,-0.014646084,0.0,-0.0012904791,0.0,-0.0023269784,0.0,0.002028923,0.0,0.0065796864,0.0,0.00423786,0.0,0.013263436,0.0,0.0,0.0,0.0075842845,0.0,0.017707199,0.0,0.0,0.0,0.0,0.0,0.0,0.0,0.0,0.0,0.0,0.0,0.0,0.0,0.0,0.0,0.0,0.0,0.0,0.0,0.0,0.0,0.0,0.0,0.0,0.0,0.0,0.0,0.0,0.0,0.0,0.0,0.0,0.0,0.002334177,0.0,0.010704844,0.0,0.0,0.0,0.0,0.0,0.0,0.0,-0.0015367754,0.0,0.0,0.0,0.02759931,0.0,0.0,0.0,0.015058189,0.0,0.031206535,0.0,0.0,0.0,0.010942227,0.0,0.0,0.010648332,0.021814415,0.0,0.0,0.0,0.0,0.0,0.0045125494,0.0,-0.004491698,0.0,0.00020135066,0.0,0.0024397168,0.0,0.0008582103,0.0,0.022548199,0.0,0.032535307,0.0,0.0042598397,0.0,-0.011481768,0.0,0.021856934,0.0,0.012009648,0.0,0.019940993,0.0,0.0,0.0,0.006185283,0.0,0.0,0.0,0.0,0.0,0.0,0.0,0.0,0.0,0.0,0.0,0.0,0.0,0.0,0.0,0.015632642,0.0,0.0,0.0,0.0,0.0,0.0,0.0,0.0,0.0,0.0,0.0,0.0,0.0,0.0,0.0,-0.011011614,0.0,0.000730581,0.0,0.00855201,0.0,0.009185383,0.0,0.002389795,0.0,0.011310709,0.0,0.0053645787,0.0,0.009931909,0.0,0.008678905,0.0,0.0076288627,0.0,0.011624204,0.0,-0.0017102727,0.0,-0.00043800904,0.0,0.005869699,0.0,-0.00054001826,0.0,0.011826076,0.0,0.007119668
0.037485193,0.051136635,0.002215064,0.005203774,0.0043771723,0.0,0.035812404,0.031159593,0.071653515,0.022536924,0.0030568969,0.013436343,-0.010725564,0.0,0.049366526,0.0,0.030824408,0.010556311,0.018272689,0.0,0.03328052,0.0,0.031608764,0.026974302,0.025578238,0.022029176,-0.0006762295,0.0,0.041219983,0.0,0.033828773,0.0,0.041571375,0.0,0.018559797,0.0,0.03785298,0.0,0.0,0.0,0.0,0.0,-0.0006847197,0.0,0.0,0.0,0.0,0.0,0.01138521,0.0,0.012612024,0.0,0.025688587,0.0,0.022678295,0.0,0.0,0.0,0.043273445,0.0,0.029225927,0.0,0.048296656,0.0,0.0,0.0,0.0,0.0,0.00038408762,0.0,-0.00834006,0.0,-0.019276071,0.0,0.024658158,0.0,0.018124009,0.0,-0.0026919532,0.0,0.0,0.0,0.0,0.0,0.0082020955,0.0,0.0,0.0,0.0,0.0,0.0,0.0,0.0,0.0,0.0,0.0,0.0,0.0,0.0,0.0,0.0,0.0,-0.010989799,0.0,0.0,0.0,0.0,0.0,0.0,0.0,0.0,0.0,0.0,0.0,0.0,0.0,0.0048959334,0.0,0.0,0.0,0.0,0.0,0.0,0.0,0.0,0.0,0.0,0.0,0.0,0.0,0.0,0.0,0.0,0.0,0.0,0.0,0.0,0.0,0.022149488,0.0,0.0,0.0,0.0,0.0,0.025623841,0.0,0.0,0.0,0.0,0.0,0.0,0.0,0.0,0.0,0.020654347,0.0,-0.0018439406,0.0,0.0,0.0,0.017643731,0.0,-0.012419795,0.0,-0.00077192177,0.0,0.035899237,0.0,0.0007904469,0.0,0.013734676,0.0,0.044410627,0.0,0.0,0.0,0.0,0.0,0.0,0.0,-0.011296768,0.0,0.0,0.0,0.0,0.0,0.0,0.0,0.0,0.0,0.0,0.0,0.0,0.0,0.0,0.0,0.0,0.0,0.0,0.0,0.0,0.0,0.0,0.0,0.0,0.0,0.0,0.0,0.0,0.0,0.0072490745,0.0,0.006861413,0.0,0.0043663154,0.0,-0.0013329706,0.0,0.013980431,0.0,0.026258528,0.0,0.0050681494,0.0,0.018906267,0.0,0.018045763,0.01951994,0.009544276,0.0,0.001605931,0.0,0.0070365714,0.0,-0.008940193,0.0,-0.003758375,-0.015783932,-0.010288791,-0.014141921,-0.008276069,0.0,0.0053387587,0.0,0.007797498,0.0
-0.012095297,0.0016477178,0.0,-0.0016178292,0.0,0.008597146,-0.0020592539,0.012453637,-0.024240548,0.016421579,0.0,-0.0029119663,0.0,0.0,0.0,0.020568132,0.0,-0.007617587,0.0,0.014204728,0.0,0.039951902,0.01530405,0.021211732,0.0,0.016245807,0.0,0.011065414,0.0,0.0006546532,0.0,0.023112547,0.0,0.03414789,0.0,0.032438893,0.0,0.0062153605,0.0,0.0,0.0,0.0,0.0,0.009983542,0.0,0.0,0.0,0.0,0.0,0.0,0.0,0.016101558,0.0,-0.0030502663,0.0,0.017578505,0.0,0.01076088,0.0,0.0,0.0,0.025234498,0.0,0.021205638,0.0,0.0,0.0,0.0,0.0,0.0,0.0,0.02293143,0.0,0.023033947,0.0,0.0,0.0,-0.008341137,0.0,0.0,0.0,0.0,0.0,0.0,0.0,0.0,0.0,0.0,0.0,0.0,0.0,0.0,0.0,0.0,0.0,0.0,0.0,0.0,0.0,0.0,0.0,0.0,0.0,0.0,0.0,0.0,0.0,0.0,0.0,0.0,0.0,0.0,0.0,0.0,0.0,0.0,0.0,0.0,0.0,0.0,0.0,0.0,0.0,0.0,0.0,0.0,0.0,0.0,0.0,0.0,0.0,0.0,0.0,0.0,0.0,0.0,0.0,0.0,0.0,0.048319153,0.0,0.0,0.0,0.0,0.0,0.06738052,0.0,0.0,0.0,0.0,0.0,0.0,0.0,0.0,0.0,0.0013256292,0.0,0.029218594,0.0,0.020686956,0.0,0.0,0.0,0.024720825,0.0,0.017324427,0.0,0.018389499,0.0,0.040256053,0.0,0.017680643,0.0,0.038921405,0.0,0.0,0.0,0.0,0.0,0.0,0.0,0.0,0.0,0.0,0.0,0.0,0.0,0.0,0.0,0.0,0.0,0.0,0.0,0.0,0.0,0.0,0.0,0.0,0.0,0.0,0.0,0.0,0.0,0.0,0.0,0.0,0.0,0.0,0.0,0.0,0.0,0.0,0.0,-0.0009608307,0.0,-0.007368956,0.0,-0.0021365846,0.0,-0.0033809876,0.0,-0.0037373307,0.0,0.0055279564,0.0,-0.0009089987,0.0,-0.010702375,0.0,0.0016132665,0.0,-0.0053234585,0.0,0.0015757245,0.0,0.0060735727,0.0,-0.005059221,0.0,0.0051768604,0.0,-0.0028165833,0.0,-0.013534932,0.0,0.0062674726
-0.0016131301,-0.00851034,0.0,0.0,0.016215663,-0.0040076533,0.0,0.0,0.0063856803,0.005473626,0.0044174185,-0.013948694,0.017689697,0.0147002535,0.0,0.0,0.0,0.0,0.0,0.0,0.0,0.0,0.0,0.0,0.0,0.0,0.004225344,0.0011045085,0.0,0.0,0.0,0.0,0.0,0.0,0.0,0.0,0.0,0.0,0.0,0.0,0.0,0.041223716,0.0016210399,-0.0015239695,0.015238313,0.011653357,0.04073745,0.029472833,0.02048925,0.007786678,0.0,0.0,0.0,0.0,0.0,0.0,0.0,0.0,0.0,0.0,0.0,0.0,0.0,0.0,0.0055098357,-0.0042841844,0.0,0.0,0.009373575,0.017912073,0.0,0.0,0.0,0.0,0.0,0.0,0.009752622,0.0,0.0,0.0,0.0,0.0,0.0,0.0,0.0,0.0,0.0,0.0,0.0,0.0,0.0,0.0,0.0,0.0,0.0,0.0,0.0,0.0,0.0,0.0,0.0,0.0,-0.0049381126,0.0,0.0,0.0,0.0,0.0,0.004372343,0.0,0.0,0.0,0.0,0.0,0.0,0.0,0.0052329134,-0.00025712495,0.0,0.0,0.0,0.0,0.0,0.0,0.0,0.0,0.0,0.0,0.0,0.0,0.0,0.0,0.0,0.0,0.0,0.0,0.0,0.0,0.0,0.0,0.0,0.0,0.0,0.0,0.0,0.0,0.0,0.0,0.008031809,-0.006963849,0.0,0.004093849,0.0102457255,0.0014938801,0.0,0.0,0.0,0.0,0.0,0.0,0.0,0.0,0.0,0.0,-0.002698144,-0.0031327445,0.0,0.0,0.0,0.0,0.0,0.0,0.0,0.0,0.0085994955,0.0007725283,-0.0017971884,-0.0055330577,0.0029255543,-0.01099931,0.027350849,0.018669492,0.0066088573,0.004164112,0.008920659,-0.006391973,0.025968367,-0.0035758046,0.0,0.0,-0.00063488504,0.006438907,0.0,0.0,0.0026345353,0.0,0.009437036,0.012025303,0.0,0.0,0.0,0.0,0.0,0.0,0.0,0.0,0.0,0.0,0.0,0.0,0.020070212,0.013719213,0.0108365705,0.018249245,0.022487134,0.02189907,0.007954005,0.018230878,0.019761546,0.0054566637,0.008080643,0.0,0.022430671,0.025011975,0.0058045317,-0.0030365908,-0.00027821664,0.0015566779,0.0010236093,-0.008435518,0.0017199072,-0.0011958157,0.0,0.0016298597,0.0,0.0,0.00035295053,0.0018772424,-0.0061228042,-0.00052013336,0.0016040468,0.0051925015,0.0023989743,0.005169963,0.000491022,-0.008147922
-0.011923028,-0.0145930415,0.0,0.0,0.013215539,-0.01054269,0.0,0.0,-0.0009341345,-0.009508125,-0.009015887,-0.01716347,0.011571512,0.0075514335,0.0,0.0,0.0,0.0,0.0,0.0,0.0,0.0,0.0,0.0,0.0,0.0,-0.020595344,-0.020271175,0.0,0.0,0.0,0.0,0.0,0.0,0.0,0.0,0.0,0.0,0.0,0.0,0.03924126,0.0,0.0016754786,0.005593479,0.0046497798,0.003128838,0.013956434,0.01441261,0.019533223,0.017957093,0.0,0.0,0.0,0.0,0.0,0.0,0.0,0.0,0.0,0.0,0.0,0.0,0.0,0.0,-0.006210971,-0.011863631,0.0,0.0,0.0024158822,0.012380694,0.0,0.0,0.0,0.0,0.0,0.0,0.0,0.0,0.0,0.0,0.0,0.0,0.0,0.0,0.0,0.0,0.0,0.0,0.0,0.0,0.0,0.0,0.0,0.010144787,0.0,0.0,0.0,0.0,0.0,0.0,0.0,0.0,0.00630047,0.0064328136,0.0,0.0,0.0,0.0,0.0,0.014233319,0.0,0.0,0.0,0.0,0.0,0.0,0.00081341283,0.0011252065,0.0,-0.0073269014,0.0,0.0,0.0,0.0,0.0,0.0,0.0,0.0,0.0,0.0,0.0,0.0,0.0,0.0,0.0,0.0,0.0,0.0,0.0,0.0,0.0,0.0,0.0,0.0,0.0,0.0,0.0,0.0,-0.0037711042,-0.018988024,-0.0008860781,-0.0066209394,0.0060662157,-0.008700468,0.0,0.0,0.0,0.0,0.0,0.0,0.0,0.0,0.0,0.0,-0.0018766215,0.003853769,0.0,0.0,0.0,0.0,0.0,0.0,0.0,0.0,0.0058330544,0.0009973886,0.0026355209,-0.004361734,0.0068097888,-0.018245663,0.034365118,0.020130051,-0.0043130782,-0.01100722,-0.0053171003,-0.020479025,0.041434992,0.007337498,0.0,0.0,-0.013235222,-0.0038316601,0.0,0.0,0.0,0.0,-0.0072363587,-0.004874178,0.0,0.0,0.0,0.0,0.0,0.0,0.0,0.0,0.0,0.0,0.0,0.0,0.0076610227,0.0008922429,0.007699169,0.012025567,0.022520918,0.018672042,0.008168143,0.012888828,0.005942773,0.0052123973,0.0,-0.00085118343,0.017984781,0.015571739,0.0020655845,-0.00054400385,-0.0036532986,0.004423009,-0.008038755,-0.009040613,0.0034449352,0.005974912,0.0,-0.009008445,0.0,0.0,-0.003344301,0.002512075,0.0,0.0071597365,0.015513712,0.012206244,3.0868745e-05,-0.002506179,0.0,-0.0033425454
0.0,0.0,0.0,0.0,0.0,0.0,0.0,0.0,0.0,0.0,0.0,0.0,0.033705413,0.016605882,0.0,0.0,0.0,0.0,0.02225196,0.0,0.017260488,0.0,0.0,0.0,0.0,0.0,0.023360094,-0.0029918533,0.0,0.0,0.026190948,0.0,0.01634542,0.0,0.017406004,0.0,-0.00065196777,0.0,0.00056590635,0.0,0.03820879,0.031106576,0.0,0.0,0.02219674,0.0,0.018108971,0.009029877,0.0010320394,0.009898321,0.019495115,0.0,0.0,0.0,0.0,0.0,0.0,0.0,0.0,0.0,-0.011371003,0.0,0.0,0.0,0.0,0.0,0.0,0.0,0.044106897,0.0,0.01690292,0.0,0.017653847,0.0,0.0,0.0,0.008712044,0.0,-0.0052367467,0.0,0.0,0.0,0.027734712,0.0,0.0,0.0,0.0,0.0,0.0,0.0,0.0,0.0,0.022896135,0.0,0.0,0.0,0.0,0.0,0.0,0.0,0.0,0.0,0.022652712,0.0,0.008978325,0.0,0.0,0.0,0.009543773,0.0,0.0,0.0,0.0,0.0,0.011090063,0.0,0.01250094,0.0,0.012243332,0.0,0.0,0.0,0.0,0.0,0.0,0.0,0.0,0.0,0.0,0.0,0.0,0.0,0.0,0.0,0.0,0.0,0.0,0.0,0.0,0.0,0.0,0.0,0.0,0.0,-0.0013552178,0.0,0.0,0.0,0.0,0.0,0.001245384,0.0,0.012051889,0.0,0.0,0.0,0.010087275,0.0,0.0,0.0,0.011055002,0.0,0.013989203,0.0,0.02310782,0.0,0.0076912493,0.0,0.018480314,0.0,0.0034465722,0.0,0.016082922,0.0,0.020590695,0.0,0.0325357,-0.004144576,0.0,0.0,0.020151619,0.0,0.0,0.0,0.0,0.0,0.043296207,0.0,0.008623409,0.0,0.009119249,0.0,0.027653255,0.0,0.017027885,0.0,0.008824514,0.0,0.0,0.0,0.0,0.0,0.0,0.0,0.0026397684,0.0,0.019356798,0.0,0.0,0.0,0.0016493849,0.0,0.015711078,0.0,0.028647581,0.0,0.020977946,0.0,0.0017837201,0.005540982,0.004337789,0.0,0.01300081,0.014977478,-0.0006718323,0.0,-0.0064215185,0.0,0.007973268,0.0,0.042374566,0.014977437,0.009348413,0.0,-0.0018095385,0.0,0.020969175,0.014579891,0.008024359,0.0,0.019237125,0.02149261,0.015374844,0.0,0.0045143818,0.0
0.0,0.0,0.0,0.0,0.0,0.0,0.0,0.0,0.0,0.0,0.0,0.0,0.026189296,0.028788576,0.0,0.0,0.0,0.0,0.0,0.0,0.0,0.017704083,0.0,0.0,0.0,0.0,0.016799401,0.013383364,0.0,0.0,0.0,0.027615603,0.0,0.022008426,0.0,0.034622915,0.0,0.015587432,0.0,0.00080624886,0.017459525,0.02097499,0.0,0.0,0.0,0.01190611,-0.0023985591,0.0019136573,0.0,-0.0016601433,0.0,0.036211945,0.0,0.0,0.0,0.0,0.0,0.0,0.0,0.0,0.0,-0.0059237694,0.0,0.0,0.0,0.0,0.0,0.0,0.0,0.010746983,0.0,0.00495022,0.0,0.0025086703,0.0,0.0,0.0,0.0029931678,0.0,0.0,0.0,0.0,0.0,0.026725953,0.0,0.0,0.0,0.011216755,0.0,0.0,0.0,0.0,0.0,-0.00886593,0.0,0.0,0.0,0.0,0.0,0.0,0.0,0.0,0.0,-0.00045516065,0.0,0.015691971,0.0,0.0,0.0,0.0030110278,0.0,0.0,0.0,0.0,0.0,0.0,0.0,0.009929175,0.0,0.0033805936,0.0,0.0,0.0,0.0,0.0,0.0,0.0,0.0,0.0,0.0,0.0,0.0,0.0,0.0,0.0,0.0,0.0,0.0,0.0,0.0,0.0,0.0,0.0,0.0,0.0,-0.011454218,0.0,0.0,0.0,0.0,0.0,-0.019344902,0.0,0.0,0.0,0.0,0.0,0.0020347666,0.0,0.0,0.0,-0.004144979,0.0,0.0014715234,0.0,0.02765176,0.0,0.0036933373,0.0,0.00018482053,0.0,0.004140394,0.0,-0.0031529602,0.0,0.0063775955,0.0,0.0288143,0.0,0.0,0.0,-0.0010277847,0.0,0.0,0.0,0.0,0.0,0.0,0.0,0.0071274987,0.0,0.0028828168,0.0,0.0024490668,0.0,0.011127902,0.0,-0.004127208,0.0,0.0,0.0,-0.000761657,0.0,-0.0069820643,0.0,0.0063317493,0.0,0.0,0.0,0.0,0.0,0.0060045933,0.0,0.020491691,0.0,0.018891087,0.0,0.013916616,-0.016623765,-0.004490196,0.0,0.0057587605,-0.0012586671,-0.0040509193,0.0,0.002607473,0.0,0.0059084184,0.0,0.0038733997,-0.0008924876,0.012982002,0.0,0.00102633,0.0,0.004375817,-0.0013342684,0.0128229,-0.0010569409,0.0075946683,0.0054816427,0.01052309,0.0010579262,0.004292971,0.0,0.008405356
0.0,0.0,0.0,0.0,0.0,0.0,0.0,0.0,0.0,0.0,0.0,0.0,0.00428035,-0.0008938771,0.0,0.0,0.0,0.0,0.0,0.0,0.0,0.0,0.0,0.0,0.0,0.0,0.015567981,0.0,0.0,0.0,0.0,0.0,0.0,0.0,-0.011206401,0.0,0.002181851,0.0,0.0,0.0,0.009422045,0.002725844,0.006892973,0.0,0.0,0.0,0.022392293,0.022638353,0.0064654746,0.004688119,0.0008860187,0.0,0.0,0.0,0.0,0.0,0.0,0.0,0.0,0.0,0.0,0.0,0.0,0.0,0.0,0.0,0.0,0.0,-0.0024717757,0.0,0.0,0.0,0.0,0.0,0.0,0.0,0.00023795696,0.0,0.0,0.0,0.0,0.0,-0.010962446,0.0,0.0,0.0,0.0,0.0,0.0,0.0,0.0,0.0,0.0,0.0,0.0,0.0,0.0,0.0,0.0,0.0,0.0,0.0,0.004953701,0.0,0.0038543975,0.0,0.0,0.0,0.0,0.0,0.0,0.0,0.0,0.0,0.0,0.0,-0.0032985408,0.0,0.0,0.0,0.0,0.0,0.0,0.0,0.0,0.0,0.0,0.0,0.0,0.0,0.0,0.0,0.0,0.0,0.0,0.0,0.0,0.0,0.0,0.0,0.0,0.0,0.0,0.0,0.0,0.0,0.0,0.0,0.0,0.0,0.0,0.0,0.0,0.0,0.0,0.0,0.0,0.0,0.0,0.0,0.0,0.0,0.0,0.0,0.0019826335,0.0,-0.0052640997,0.0,-0.0028423895,0.0,0.0,0.0,-0.011361597,0.0,-0.0014370236,0.0,0.011260838,0.0,0.0,0.0,-0.0006432557,0.0,0.0,0.0,0.0,0.0,-0.009908007,0.0,0.0025009436,0.0,-0.009026756,0.0,0.0005502078,0.0,-0.0036853913,0.0,-0.012781078,0.0,0.0,0.0,0.0,0.0,0.0,0.0,0.0,0.0,0.0,0.0,0.0,0.0,0.010459285,0.0,-0.0040705414,0.0,-0.0056916755,0.0,-0.0028414591,0.0,0.02128133,0.0007578863,0.001320114,0.0,0.010708844,0.016533857,-0.00526789,0.0,-0.001924906,0.0,-0.01289106,0.0,-0.0031017885,0.0,0.0058742305,0.0,-0.0137548745,0.0,0.0031433466,-0.0051156245,-0.0040129027,0.0,-0.007543613,0.0,0.0050925836,0.0,-0.0044984254,0.0
0.0,0.0,0.0,0.0,0.0,0.0,0.0,0.0,0.0,0.0,0.0,0.0,0.0,0.0,0.0,0.0,0.0,0.0,0.0,0.0,0.0,0.0,0.0,0.0,0.0,0.0,0.0,0.01841556,0.0,0.0,0.0,0.0,0.0,0.0,0.0,0.0,0.0,0.006747435,0.0,0.0,0.0050963643,-0.00020485597,0.0,0.00915927,0.0,0.0,0.01229812,0.01906123,-0.0046422905,0.0026218577,0.0,0.005062595,0.0,0.0,0.0,0.0,0.0,0.0,0.0,0.0,0.0,-0.007864212,0.0,0.0,0.0,0.0,0.0,0.0,0.0,0.005869794,0.0,0.0,0.0,-0.002698125,0.0,0.0,0.0,0.0011363815,0.0,0.0,0.0,0.0,0.0,-0.0027643107,0.0,0.0,0.0,-0.0066794744,0.0,0.0,0.0,0.0,0.0,-0.0036027418,0.0,0.0,0.0,0.0,0.0,0.0,0.0,0.0,0.0,-0.00062052754,0.0,0.0,0.0,0.0,0.0,7.518913e-05,0.0,0.0,0.0,0.0,0.0,-0.008021427,0.0,0.0015901903,0.0,-0.010651325,0.0,0.0,0.0,0.0,0.0,0.0,0.0,0.0,0.0,0.0,0.0,0.0,0.0,0.0,0.0,0.0,0.0,0.0,0.0,0.0,0.0,0.0,0.0,0.0,0.0,0.0,0.0,0.0,0.0,0.0,0.0,0.0,0.0,0.0,0.0,0.0,0.0,-0.002079955,0.0,0.0,0.0,0.0,0.0,-0.0043964256,0.0,-0.008378075,0.0,-0.0013505832,0.0,-0.0017719098,0.0,-0.0060623535,0.0,-0.0070830286,0.0,0.0,0.0,-0.006701817,0.0,0.0,0.0,-0.008562851,0.0,0.0,0.0,0.0,-0.0131055415,-0.011852996,0.0,-0.0035640649,0.0,-0.003121617,0.0,0.0,0.0,0.00052077236,0.0,-0.010147152,0.0,0.0,0.0,0.0,0.0,0.0,0.0,0.0015929176,0.0,0.0,0.0,0.0,0.0,0.014411196,0.0,0.0053912625,0.0,-0.0007020768,0.0,-0.0084399525,-6.365535e-05,0.0005923511,0.0,0.007844631,-0.0016773973,0.0069995946,0.0,-0.004248765,0.0,-0.0005560171,0.0,-0.009599021,0.0,0.00066382147,0.0,-0.0077229924,0.0,0.0034795725,0.0,0.005165181,0.0,-0.0051028975,0.0,-0.005216007,0.0,0.0014988086,0.0,-0.002286544
0.0036282758,-0.0028952,0.0,0.0,0.0,0.0,0.0,0.0,0.0,0.0,-0.0011224904,-0.0069170413,0.00844599,0.007977281,0.0,0.0,0.0,0.0,0.0,0.0,0.0,0.0,0.0,0.0,0.0,0.0,0.021696126,0.02447886,0.0,0.0,0.0,0.0,0.0,0.0,0.0,0.0,0.0,0.0,0.0,0.0,0.031223444,0.0017437543,0.0059054373,-0.011426691,0.024626339,0.017354658,0.0,0.042485762,-0.0059153466,-0.012670327,-0.0030302883,0.0,0.0,0.0,0.0,0.0,0.0,0.0,0.0,0.0,0.0,0.0,0.0,0.0,0.0,0.0,0.0,0.0,0.009595256,0.01578445,0.0,0.0,0.0,0.0,0.0,0.0,-0.0025762198,0.0,0.0,0.0,0.0,0.0,0.0,0.0,0.0,0.0,0.0,0.0,0.0,0.0,0.0,0.0,0.0,0.0,0.0,0.0,0.0,0.0,0.0,0.0,0.0,0.0,-0.0054614176,0.0,-0.0048902784,0.0,0.0,0.0,0.0,0.0,0.0,0.0,0.0,0.0,0.0,0.0,0.0032878746,0.0,0.0,0.0,0.0,0.0,0.0,0.0,0.0,0.0,0.0,0.0,0.0,0.0,0.0,0.0,0.0,0.0,0.0,0.0,0.0,0.0,0.0,0.0,0.0,0.0,0.0,0.0,0.0,0.0,0.0,0.0,0.0,0.0,0.0,0.0,-0.001409054,-0.002075376,0.0,0.0,0.0,0.0,0.0,0.0,0.0,0.0,0.0,0.0,-0.0021045746,0.0,0.0,0.0,0.0,0.0,0.0,0.0,0.0,0.0,-0.0021835407,-0.0018468696,-0.0036556465,-0.017533494,-0.01268696,-0.009173778,-0.004646231,-0.004170136,-0.0070652207,0.0035583286,-0.0033800986,0.0,-0.013118116,-0.023713812,-0.0015447632,0.0,-0.0015772976,0.0,0.000913289,0.0,-0.0023196682,0.0,0.0,0.0,0.0,0.0,0.0,0.0,0.0,0.0,0.0,0.0,0.0,0.0,0.0,0.0,0.010701987,0.0,-0.0022759158,0.0016462209,0.00521457,0.0,-0.004505927,0.0,0.022957534,0.0017881605,0.0040600644,0.0,0.013698647,0.019991728,-0.0035640001,0.0,-0.009447711,-0.005064407,-0.004933544,-0.0020083315,-0.0041278135,0.0030559343,0.0,0.0,-0.009665266,0.0,-0.0060854005,-0.0016450504,-0.0044251634,0.0,-0.009498224,-0.0080551,-0.008904584,-0.006510265,-0.00029479206,0.0
0.00030737254,-0.0070419707,0.0,0.0,0.0,-0.0015302196,0.0,0.0,0.0,0.0029987046,0.001451841,-0.0020442922,0.0028355517,0.011259414,0.0,0.0,0.0,0.0,0.0,-0.017489731,0.0,0.0,0.0,0.0,0.0,0.0,0.0128754,0.018464131,0.0,0.0,0.0,0.0,0.0,0.0,0.0,0.0,0.0,0.0,0.0,0.0,0.028693637,0.019919759,0.008255694,0.0031393743,0.022269608,0.025606679,0.044656355,0.0,0.007490593,0.005325092,0.0,0.0020987394,0.0,0.0,0.0,0.0,0.0,0.0,0.0,0.0,0.0,0.0,0.0,0.0,0.0,0.0,0.0,0.0,0.0,0.026542732,0.0,0.0,0.0,0.0,0.0,0.0,0.0,0.0,0.0,0.0,0.0,0.0,0.0,0.015553286,0.0,0.0,0.0,0.0,0.0,0.0,0.0,0.0,0.0,0.017323911,0.0,0.0,0.0,0.0,0.0,0.0,0.0,0.0,0.0,0.009110289,0.0,0.0,0.0,0.0,0.0,0.012400422,0.0,0.0,0.0,0.0,0.0,0.0,0.0,0.006426749,0.0,0.0,0.0,0.0,0.0,0.0,0.0,0.0,0.0,0.0,0.0,0.0,0.0,0.0,0.0,0.0,0.0,0.0,0.0,0.0,0.0,0.0,0.0,0.0,0.0,0.0,0.0,0.0,0.0,0.0,0.0,0.0,0.0,0.0,-0.0069873603,-0.0070217806,0.0,0.0,0.0,0.0,0.0,0.0,0.0,0.0,0.0,0.0,-0.00090022717,-0.006131978,0.0,0.0,0.0,-0.003991075,0.0,0.0,0.0,0.0,-0.0037450492,-0.0026157105,-0.0006341689,-0.018397832,-0.015188882,-0.01660957,-0.003633942,-0.0020097087,-0.008838065,-0.0076776515,-0.001754131,-0.008653255,-0.010632104,-0.021781841,0.0,0.0,0.0,-0.001666532,0.0,0.0,0.0,0.0026192195,0.0,-0.0049871085,0.0,0.0,0.0,0.0,0.0,0.0,0.0,0.0,0.0,0.0,0.0,0.0,0.0,0.0044261375,0.0044728983,0.00552835,0.0,0.00685552,-0.0037488155,0.0025898505,0.017961757,0.0029437111,0.0,0.0046603107,0.020778153,0.022228086,-0.003809008,-0.0071209096,-0.0069769863,-0.0014365892,-0.0070502665,-0.010206915,-0.0012317788,0.00197697,0.0,0.0036808583,0.0,-0.0050864727,-0.0061577335,-0.004154439,0.0,-0.005815073,-0.0017972924,-0.0038300774,-0.0053934203,-0.007220984,0.0,-0.006925404
-9.0261594e-05,-0.00093665504,0.0,0.0,0.0,0.0,0.0,0.0,-0.0004390113,-0.007027294,0.0013583382,0.0004738475,0.0048933034,-0.0021389767,0.0,0.0,0.0,0.0,0.0,0.0,0.0,0.0,0.0,0.0,0.0,0.0,-0.0076752324,-0.015978156,0.0,0.0,0.0,0.0,-0.0032814995,0.0,-0.0004580907,0.0,0.00016793112,0.0,-0.000348465,0.0,0.0015697009,0.0042177225,0.014710431,0.0,-0.013002643,-0.02516259,-0.012659037,-0.012988919,0.0,-0.019222906,-0.004513712,0.0,0.00043175198,0.0,0.0,0.0,-0.009405023,0.0,-0.004916235,0.0,0.006556717,0.0,0.0,0.0,-0.001178189,-0.0072951657,-0.006554413,-0.009842521,-0.025926786,-0.015348633,0.0,0.0,0.002119576,0.0,0.0,0.0,-0.025471406,0.0,0.0,0.0,0.0,0.0,-0.007530516,0.0,0.0,0.0,0.0,0.0,0.0,0.0,0.0,0.0,-0.030009044,0.0,0.0,0.0,0.0,0.0,0.0,0.0,0.0,0.0,-0.017202348,0.0,-0.0011632063,0.0,0.0,0.0,-0.026122574,-0.024414763,0.0035425513,0.0,0.012695634,0.0,0.0062339157,-0.0003116043,-0.0057576005,-0.023112724,-0.006847305,0.0,0.0,0.0,0.0,0.0,0.0,0.0,-0.0047116224,0.0,0.0,0.0,-0.0051950547,0.0,0.0,0.0,0.0,0.0,0.0,0.0,0.0,0.0,0.0,0.0,0.0,0.0,0.0,0.0,-0.001892281,-0.0032546567,-0.008393966,-0.008935852,0.0002911605,-0.002496277,0.00094531104,-0.0016456799,-0.008381435,0.0,-0.009671076,0.0,0.0,0.0,-0.010545981,0.0,0.0,0.0,0.00015632117,-0.003642726,-0.007998604,0.0,-0.022107122,0.0,-0.009459303,0.0,-0.010490449,0.0,-0.00027866432,-0.0026774767,0.004611828,0.008433791,0.010028741,-0.0076904194,0.005686772,0.0038139368,-0.016431663,-0.020096503,-0.010007977,-0.004318435,0.0026850821,0.0059689847,-0.001850767,0.0,-0.0036408326,-0.0018938464,-0.008799727,0.0,-0.0063940594,0.0,-0.0034227972,-0.007938377,0.0,0.0,0.0,0.0,-0.0068807104,0.0,-0.00080075476,0.0,-0.0038482123,0.0,-0.004144887,0.0,-0.011224355,0.0023941593,-0.018752757,0.0055844816,-0.002824538,-0.012786847,-0.010744387,-0.014478562,-0.0007798067,-0.0045234323,0.0060292627,0.0,0.014594683,-0.012423231,0.003807948,0.0011755734,0.0030470781,0.0028581503,-0.002008796,-0.0016479787,-0.0036979327,0.0007822162,-0.002509339,-0.010250859,0.00010164273,0.0,-0.0013269763,0.009732489,0.002203905,0.012542958,0.0061059142,0.0013334465,-0.0027717857,-0.022373829,0.0063696387,-0.0072316127
-0.010379611,0.0006303593,0.0,0.0,0.0,0.0,0.0,0.0,0.0,0.0,-0.0016761874,0.0073506953,-0.0019444952,0.000996802,0.0,0.0,0.0,0.0,0.0,0.0,0.0,0.0,0.0,0.0,0.0,0.0,-0.007890496,-0.00481851,0.0,0.0,0.0,0.0,0.0,0.0008267827,0.0,-0.0039538834,0.0,0.009007992,0.0,0.0,-0.0031724975,0.00071384164,0.005482717,-0.02932411,-0.018330863,-0.02384698,-0.019099541,-0.013420372,-0.008400782,0.0,0.0,-0.002692146,0.0,0.0,0.0,0.0,0.0,-0.010706061,0.0,-0.02237075,0.0,-0.013570958,0.0,0.0,0.0,0.0,0.0,0.0,-0.016084772,-0.008987308,0.0,0.0,0.0,-0.0016648938,0.0,0.0,0.0,-0.0058563496,0.0,0.0,0.0,0.0,0.0,-0.009872148,0.0,0.0,0.0,0.0,0.0,-0.022277428,0.0,0.0,0.0,-0.037896685,0.0,0.0,0.0,0.0,0.0,0.0,0.0,0.0,-0.026468646,-0.028303193,0.0,-0.006563379,0.0,0.0,0.0,-0.028300194,0.0,-0.022271411,0.0,-0.012467703,0.0,-0.022570515,-0.0077527096,-0.014052717,0.0,-0.010315145,0.0,0.0,0.0,0.0,0.0,0.0,0.0,0.0,0.0,0.0,0.0,0.0,0.0,0.0,0.0,0.0,0.0,0.0,0.0,0.0,0.0,0.0,0.0,0.0,0.0,0.0,0.0,-0.006474856,0.0,0.0,0.0,-0.008011789,-0.000914708,-0.0047227615,0.0,-0.017951237,0.0,0.0,0.0,0.0,0.0,-0.020935887,0.0,0.0,-0.009395373,-0.002684722,0.0,-0.00071729906,0.0,-0.03059767,0.0,0.0,0.0,0.0,0.0029843573,0.002222293,0.012783461,0.0015091331,-0.00042005462,-0.0040012607,-0.005794444,-0.003579132,-0.006742835,-0.011428412,-0.015212869,-0.0053547253,0.0040097325,0.0038067764,0.0,-0.007576767,0.0,-0.008521828,0.0,-0.018100608,0.0,-0.012099584,0.0,-0.015913872,0.0,0.0,0.0,0.0,0.0,-0.023283277,0.0,-0.008639893,0.0,-0.028691022,0.0,0.0,-0.00763872,0.0007134866,-0.007908266,-0.0049012955,-0.013652819,-0.018606462,-0.02505317,-0.02140343,-0.007801268,-0.001679644,1.39289505e-05,-0.00065745425,-0.01209933,-0.014422112,-0.007965296,-0.003481317,-0.0038400458,0.0066505433,-0.0057573384,-0.010745098,0.0025645758,0.0013694802,0.0,-0.00715328,0.0,0.0062089832,-0.004338133,0.009148925,0.0015735383,-0.0029394894,-0.0053354227,0.0019753964,0.0029290188,-0.0043029934,-0.011278594,-0.0021889766
0.0,0.0,0.0,0.0,0.04250567,0.0,0.0,0.0,0.0,0.0,0.0,0.0,0.022588426,0.03304756,0.0,0.0,0.014277278,0.0,0.031010522,0.0,-0.0013974723,0.0,0.0,0.0,0.0,0.0,0.024571368,0.001177243,-0.009929326,0.0,-0.0006704081,0.0,0.024268037,0.0,0.016194755,0.0,0.004763684,0.0,-0.00583616,0.0,0.0,0.0,0.00085636775,0.0,0.0022595301,0.0,0.008630717,0.0,0.006597712,0.0,0.0,0.0,0.0,0.0,0.0,0.0,-0.012640061,0.0,-0.017042372,0.0,-0.018068053,0.0,-0.00466219,0.0,-0.007267822,0.0,0.0,0.0,0.025306454,0.0,-0.0040206495,0.0,0.0010183908,0.0,0.016924156,0.0,0.02390056,0.0,-0.001980149,0.0,0.013938496,0.0,0.022835404,0.0,0.012533423,0.0,0.04367446,0.0,0.0,0.0,0.0,0.0,0.011837811,0.0,0.0,0.0,0.0,0.0,0.0,0.0,0.0,0.0,0.0025467153,0.0,0.0,0.0,0.0,0.0,-0.00020765365,0.0,0.0,0.0,0.0,0.0,0.0,0.0,0.00983662,0.0,0.0,0.0,-8.152218e-05,0.0,0.0,0.0,0.0,0.0,0.0,0.0,0.0,0.0,-0.005524747,0.0,0.0,0.0,0.0,0.0,0.0,0.0,0.0,0.0,-0.0042854794,0.0,0.017908148,0.0,-0.009480508,0.0,0.0,0.0,0.0011572544,0.0,-0.0038359019,0.0,0.00933047,0.0,-0.0026671754,0.0,0.0064978627,0.0,-0.008223385,0.0,-0.0024943892,0.0,0.007943804,0.0,0.030477542,0.0,-6.9003e-05,0.0,0.009369186,0.0,0.0092789205,0.0,0.008933411,0.0,0.0060259495,0.0,0.0048996587,0.01334109,0.0,0.0,0.0025496774,-0.0027794149,0.0,0.0,0.0,0.0,0.030654052,0.0,0.0,0.0,-8.9801324e-05,0.0,0.012287572,0.0,0.0,0.0,0.0052494504,0.0,0.009094494,0.0,0.0,0.0,0.0,0.0,0.0,0.0,0.005570628,0.0,0.0,0.0,0.014079665,0.0,0.021367563,0.0,0.010105944,0.0,0.0032953192,0.0,-0.008942847,-0.009005506,-0.0047599375,0.0,0.010237427,0.0039053576,-0.008503835,0.0,-0.0014196758,-0.004435571,-0.00035717135,0.0,0.017105062,0.0046016094,0.0033648966,0.0,0.0014124507,0.0,0.016810408,0.012754926,-0.0028733006,0.0,-0.005205154,0.005195662,0.0038945805,0.0,-0.006748964,0.0
0.0,0.0,0.0,0.0,0.0,0.0,0.0,0.0,0.0,0.0,0.0,0.0,0.02115102,0.03565254,0.0,0.0,0.0,0.0,0.0,0.020546608,0.0,-0.004928428,0.0,0.0,0.0,0.0,0.0,0.017014809,0.0,0.0,0.0,0.012083487,0.0,0.017816467,0.0,0.034777652,0.0,0.019555166,0.0,-0.003096095,0.0,0.0,0.0,0.0226643,0.0,-0.005473312,0.0,0.0064539276,0.0,0.0030344925,0.0,0.0,0.0,0.0,0.0,0.0,0.0,0.0,0.0,-0.004761477,0.0,-0.00065398606,0.0,0.0,-0.0073161386,-0.009033358,0.0,0.0,0.0,0.00840533,0.0,0.00060288137,0.0,-0.0009645982,0.0,0.0006839488,0.0,-0.00053840544,0.0,0.016323427,0.0,0.023572907,0.0,0.0137076,0.0,0.006203193,0.0,0.030005865,0.0,0.0,0.0,0.0,0.0,0.0015579055,0.0,0.0,0.0,0.0,0.0,0.0,0.0,0.0,0.0,0.008406411,0.0,0.0038584657,0.0,0.0,0.0,0.0,0.0,0.0,0.0,0.0,0.0,0.0,0.0,-0.0006615147,0.0,0.0,0.0,0.020178644,0.0,0.0089334855,0.0,0.0010525092,0.0,0.0,0.0,-0.0021502515,0.0,-0.0068225292,0.0,-0.0046800887,0.0,-0.013398062,0.0,0.0,0.0,-0.019998524,0.0,-0.0020705678,0.0,0.0,0.0,-0.0047465055,0.0,0.0,-0.005811445,-0.005197614,0.0,-0.012209183,0.0,0.0017884892,0.0,-0.0019420625,0.0,-0.00053254206,0.0,0.00034269757,0.0,-0.0047771498,0.0,-0.0038839735,0.0,0.020645259,0.0,0.016281968,0.0,-0.0054970514,0.0,-0.002468738,0.0,0.0073409216,0.0023932278,0.003688105,0.0,0.017363451,0.0,0.0,0.0,-0.014596534,0.0,0.0,0.0,0.0,0.0,0.0,0.0,0.00020907704,0.0,0.0019623453,0.0,0.0036318435,0.0,0.004861799,0.0,-0.0026609048,0.0,0.00034099733,0.0,0.0016563401,0.0,-0.0021220888,0.0,0.0004791612,0.0,-0.004674761,0.0,0.0,0.0,0.0016432388,0.0,0.010588672,0.0,0.012518688,0.0,0.003985383,-0.0062513044,0.005487223,0.0,0.002759888,0.0,-0.00054914964,0.0,-0.0020407774,0.0,0.0027123438,0.0,-0.0017551963,0.0129237445,0.0102410605,0.0,0.009012139,0.0,-0.003044516,0.0,0.014811836,-0.0061288346,-0.0052134297,-0.0068373275,-0.0036437693,0.007562304,0.015349437,0.0,0.0046775234
0.0,0.0,0.0,0.0,0.0,0.0,0.040369023,0.0,0.0712952,0.063601956,0.0,0.0,0.0,0.0,0.0,0.0,0.029272074,0.0,-0.012476605,0.0,0.014990209,0.0,0.018915221,0.0,0.02904162,0.017762115,-0.015857793,0.0,0.058624294,0.0,0.023968752,0.0,0.015531835,0.0,0.0,0.0,0.022352519,0.0,0.058015577,0.0,0.0,0.0,0.0,0.0,0.0,0.0,0.0,0.0,-0.0019349873,0.0,0.0,0.0,0.0,0.0,0.06273224,0.05862006,0.04206202,0.0,0.070227765,0.03755111,0.049890727,0.0,0.042682014,0.0,0.0,0.0,0.0686836,0.037195344,0.001779742,0.0,0.0,0.0,0.00044908863,0.0,0.0,0.0,0.0031860822,0.0,0.0,0.0,0.0,0.0,0.0,0.0,0.0127813015,0.0,0.0,0.0,0.0,0.0,0.0,0.0,0.0,0.0,0.0,0.0,0.016843425,0.0,0.0,0.0,0.0,0.0,0.0046336204,0.0,0.0,0.0,0.02948236,0.0,0.0,0.0,0.0,0.0,0.0,0.0,0.0,0.0,0.0018506185,0.0,0.0,0.0,0.0,0.0,0.0,0.0,0.0,0.0,0.0,0.0,0.026411572,0.0,0.033916436,0.0,0.0,0.0,0.0,0.0,0.029064292,0.0,0.042840853,0.0,0.0,0.0,0.0,0.0,0.0,0.0,0.0,0.0,0.0,0.0,0.0,0.0,0.0,0.0,0.07051569,0.0,0.030029638,0.0,0.033418726,0.0,0.03777024,0.0,0.019448297,0.0,0.0,0.0,0.0,0.0,0.01223749,0.0,0.036879573,0.0,0.03814049,0.0,0.0,0.0,0.0,0.0,0.0,0.0,0.0,0.0,0.0,0.0,0.0,0.0,0.0,0.0,0.0,0.0,0.0,0.0,0.0,0.0,0.0,0.0,0.0,0.0,0.0,0.0,0.0,0.0,0.0,0.0,0.0,0.0,0.0,0.0,0.0,0.0,0.0,0.0,0.00045407133,0.0,0.0138654895,0.0,0.007717972,0.0,0.0050646584,0.0,0.036277547,0.0,-0.0005027187,0.0,0.02996026,0.0,0.014721059,0.0,0.020471932,0.0,0.010294038,0.0,0.0042295097,0.0,0.0029678433,0.0,0.008731259,0.0058059767,0.014781334,0.0,0.015932862,0.0,0.010933866,0.0,0.015267675,0.0
0.0,0.0,0.0,0.0,0.0,0.0,0.0,0.016581127,0.024939045,0.025413604,0.0,0.0,0.0,0.0,0.0,0.0,0.0,-0.008266787,0.0,0.0026000172,0.0,0.00057006977,0.0,0.0,0.0,0.010327378,0.0,-0.005438304,0.0,-0.00153741,0.0,0.0,0.0,0.0019199364,0.0,0.0,0.0,0.001995911,0.0,0.004198105,0.0,0.0,0.0,0.0,0.0,0.0,0.0,0.0,0.0,0.0,0.0,0.0,0.0,0.0,0.013057406,0.018810939,0.0,0.0029858642,0.027048545,0.019788733,0.0,0.030592946,0.0,0.008537828,0.0,0.0,0.024236722,0.015580253,0.0,0.0054983553,0.0,0.0,0.0,0.0120658735,0.0,0.0,0.0,0.0,0.0,0.0,0.0,0.0,0.0,0.0,0.0,0.0,0.0,0.0,0.0,0.0,0.0,0.0,0.0,0.0,0.0,0.0,0.0,0.0008743486,0.0,-0.0039781,0.0,0.0,0.0,0.011959589,0.0,0.0,0.0,0.0,0.0,0.0,0.0,0.0,0.0,0.0,0.0,0.0,0.0,0.0,0.0,0.0,0.0,0.0,0.0,0.0,0.0,0.0,0.0,0.0,0.0,-0.0018537029,0.0,0.014415648,0.0,-0.000335925,0.0,0.0,0.0,0.0008959096,0.0,-0.00016867697,0.0,0.0,0.0,0.0,0.0,0.0038910727,0.0,0.0,0.0,0.0,0.0,0.0,0.0,0.0,0.0,0.040250976,0.0,0.017650299,0.0,-0.011332795,0.0,0.04019895,0.0,0.0,0.0,0.008113349,0.0,0.0,0.0,0.010009107,0.0,0.03382054,0.0,0.015308636,0.0,0.0,0.0,0.0,0.0,0.0,0.0,0.0,0.0,0.0,0.0,0.0,0.0,0.0,0.0,0.0,0.0,0.0,0.0,0.0,0.0,0.0,0.0,0.0,0.0,0.0,0.0,0.0,0.0,0.0,0.0,0.0,0.0,0.0,0.0,0.0,0.0,0.0,0.0,0.0020194917,0.0,0.018451266,0.0,0.0043306164,0.0,0.007438099,0.0,0.009329828,0.0,0.013982445,0.0,0.015340856,0.0,0.0034430905,0.0,0.005561632,0.0,-0.0020846094,0.0,0.0060120216,0.0,-0.0006206831,0.0,-0.003489778,0.0,-0.0024281018,0.0,0.0063162018,0.0,-0.0016109925,0.0,-0.0018086192
0.0,0.0,-0.010094028,0.0,0.0,0.0,0.029836718,0.036464743,0.03363417,0.054728623,0.0,0.0,0.0,0.0,0.021664778,0.0,0.0028252942,0.0,-0.011212324,0.0,0.018719364,0.0,0.02936087,0.0,0.028868746,0.010220435,-0.010279523,0.0,0.002884233,0.0,0.0015919851,0.0,-0.009980204,0.0,0.0,0.0,0.0,0.0,0.016170274,0.0,0.0,0.0,0.0,0.0,0.0,0.0,0.0,0.0,0.0,0.0,0.0,0.0,0.0140583655,0.009781431,0.0,0.05578478,0.05138978,0.03156068,0.03830173,0.0064495187,0.0,0.0,0.009666825,0.03848999,0.0,0.0,0.04199936,0.012032901,0.0,0.0,0.0,0.0,0.0,0.0,0.0,0.0,0.0,0.0,0.0,0.0,0.0,0.0,0.0,0.0,0.0,0.0,0.0,0.0,0.0,0.0,0.0,0.0,0.0,0.0,0.0,0.0,0.0,0.0,0.0,0.0,0.0,0.0,0.0,0.0,0.0,0.0,0.0,0.0,0.0,0.0,0.0,0.0,0.0,0.0,0.0,0.0,0.0,0.0,0.0,0.0,0.0,0.0,0.0,0.0,0.0,0.0,0.0,0.0,0.0702962,0.0,0.007253869,0.0,0.07726455,0.0,0.0,0.0,0.027904613,0.0,0.06844898,0.0,0.0,0.0,0.0,0.0,0.0,0.0,0.0,0.0,0.0,0.0,0.0,0.0,0.0,0.0,0.0105701275,0.0,0.0,0.0,0.049322233,0.0,-0.0034037882,0.0,0.0,0.0,0.0,0.0,0.0,0.0,0.0,0.0,0.0,0.0,0.0,0.0,0.0,0.0,0.0,0.0,0.0,0.0,0.0,0.0,0.0,0.0,0.0,0.0,0.0,0.0,0.0,0.0,0.0,0.0,0.0,0.0,0.0,0.0,0.0,0.0,0.0,0.0,0.0,0.0,0.0,0.0,0.0,0.0,0.0,0.0,0.0,0.0,0.0,0.0,0.0,0.0,-0.011059672,0.0,0.0,0.0,-0.009782939,0.0,0.007679177,0.0090351375,-0.008434348,0.0,0.0019458351,0.0,-0.0061326833,0.0,0.011829267,0.0,0.007448599,0.0,0.0066485964,0.014004133,0.016295826,0.0,-0.0078885695,-0.007649221,0.028427023,0.0,0.0058618435,0.0,0.01112979,0.0,0.020565927,0.0
0.0,0.046117917,0.0,0.0232898,0.0,0.0,0.027675265,0.051939078,0.029661926,0.030981505,0.0,0.0,0.0,0.0,0.0,0.027890224,0.0,0.045962386,0.0,0.013643538,0.0,0.026461106,0.0,0.02898608,0.027960034,0.050963003,0.0,0.0,0.0,0.044720367,0.0,0.0,0.0,0.043404084,0.0,0.0,0.0,0.0,0.0,0.027356183,0.0,0.0,0.0,0.0,0.0,0.0,0.0,0.0,0.0,0.0,0.0,0.0,0.008105557,0.0068832287,0.040559486,0.0,0.010370895,0.0118678035,0.009497061,-0.0054778457,0.0,0.0,0.01903969,0.054692537,0.0,0.0,0.010083033,-0.008109099,0.0,0.0,0.0,0.0,0.0,0.0,0.0,0.0,0.0,0.0,0.0,0.0,0.0,0.0,0.0,0.0,0.0,0.0,0.0,0.0,0.0,0.0,0.0,0.0,0.0,0.0,0.0,0.0,0.0,0.0,0.0,0.0,0.0,0.0,0.0,0.0,0.0,0.0,0.0,0.0,0.0,0.0,0.0,0.0,0.0,0.0,0.0,0.0,0.0,0.0,0.0,0.0,0.0,0.0,0.0,0.0,0.0,0.0,0.0,0.0,0.0,0.013122922,0.0,-0.00785499,0.0,0.042573966,0.0,0.0,0.0,0.037277646,0.0,0.03018418,0.0,0.0,0.0,0.0,0.0,0.0,0.0,0.0,0.0,0.0,0.0,0.0,0.0,0.0,-0.0029464157,0.00783939,0.0,0.0,0.0,0.01505934,0.0,-0.006786593,0.0,0.0,0.0,0.0,0.0,0.0,0.0,0.0,0.0,0.0,0.0,0.0,0.0,0.0,0.0,0.0,0.0,0.0,0.0,0.0,0.0,0.0,0.0,0.0,0.0,0.0,0.0,0.0,0.0,0.0,0.0,0.0,0.0,0.0,0.0,0.0,0.0,0.0,0.0,0.0,0.0,0.0,0.0,0.0,0.0,0.0,0.0,0.0,0.0,0.0,0.0,0.0,0.0,0.0014582472,0.0,0.0,0.0,0.0,0.009823996,0.0071418528,0.0,0.0,0.0,0.0035036383,0.0,0.006200919,0.0021248406,0.002339734,0.0,0.026484843,0.015154925,0.01618493,0.0,0.0039363587,0.0,0.01795078,0.0,0.025048366,0.0,0.011470736,0.0,0.0020362644,0.0,0.025263708
0.0,0.0,0.0,0.0,0.0,0.0,0.02261047,0.0,0.037768062,0.047457613,0.0,0.0,0.0,0.0,0.0,0.0,-0.0017021961,0.0,-0.0036962337,0.0,0.0108860135,0.0,0.0,0.0,0.021829573,0.0,-0.0007157328,0.0,0.0,0.0,-0.0046353373,0.0,0.0,0.0,-0.009960884,0.0,0.0,0.0,0.0,0.0,0.0,0.0,0.0,0.0,0.0,0.0,0.0,0.0,-0.001473117,0.0,-0.00053303357,0.0,0.030347614,0.0,0.069821395,0.024283322,0.0,0.028185794,0.045824744,0.016762652,0.0,0.0,-0.0015564153,0.0,0.02309871,0.027570799,0.074302696,0.026418142,-0.0072485222,0.0,0.0,0.0,0.0,0.0,0.0,0.0,0.0,0.0,0.0,0.0,0.0,0.0,0.0,0.0,0.0,0.0,0.0,0.0,0.0,0.0,0.0,0.0,0.0,0.0,0.0,0.0,0.0,0.0,0.0,0.0,0.0,0.0,0.0,0.0,0.0,0.0,0.0,0.0,0.0,0.0,0.0,0.0,0.0,0.0,0.0,0.0,0.0074399263,0.0,0.0,0.0,0.0,0.0,0.0,0.0,0.0,0.0,0.0,0.0,0.04328942,0.0,0.036257226,0.0,0.0,0.0,0.0,0.0,0.0,0.0,0.0,0.0,0.0,0.0,0.0,0.0,0.0,0.0,0.0,0.0,0.036645003,0.018061137,0.0,0.0,0.0,0.0,0.062466044,0.0,0.0,0.0,0.09188354,0.0,0.016736567,0.011717778,0.0,0.0,0.005903319,0.0,0.010036706,0.0,0.018500749,0.0,0.0,0.0,0.018755816,0.0,0.0,0.0,0.0,0.0,0.0,0.0,0.0,0.0,0.0,0.0,0.028234433,0.0,0.0,0.0,0.0,0.0,0.0,0.0,0.0,0.0,0.0,0.0,0.0,0.0,0.0,0.0,0.0,0.0,0.0,0.0,0.0,0.0,0.0,0.0,0.0,0.0,0.004164671,0.0,-0.0011530404,0.0,-0.0017233791,0.0,-0.0019960597,0.0,0.0041762805,0.0,0.004777403,0.0,0.00056804926,0.0,0.008562314,0.0,0.0020585184,0.0,0.013471821,0.0,0.0032592404,0.0,-0.0013343197,-0.00039232668,0.023485836,0.013614788,0.0053831013,-0.0056236335,0.022499863,0.0,0.0040054726,0.0,0.007640916,0.0,0.025110126,0.0
0.0,0.0,0.0,0.0,0.0,0.0,0.0,0.0036661488,0.012239951,0.05251764,0.0,0.0,0.0,0.0,0.0,0.0,0.0,-0.00066848705,0.0,0.0,0.0,0.0092954105,0.0,0.018157005,0.0,0.00963707,0.0,0.010173807,0.0,0.0,0.0,0.0,0.0,0.0,0.0,0.0,0.0,0.0,0.0,0.014663168,0.0,0.0,0.0,0.0,0.0,0.0,0.0,0.0,0.0,0.0023290575,0.0,0.0,0.0,0.013188822,0.004914735,0.006960367,0.0016886517,0.0,0.008210781,0.036832217,0.0,0.066379204,0.0,0.002955952,0.0,0.0,0.031528413,0.05467819,0.0,0.0,0.0,0.0,0.0,0.0,0.0,0.0,0.0,0.0,0.0,0.0,0.0,0.0,0.0,0.0,0.0,0.0,0.0,0.0,0.0,0.0,0.0,0.0,0.0,0.0,0.0,0.0,0.0,0.0,0.0,0.0,0.0,0.0,0.0,0.0,0.0,0.0,0.0,0.0,0.0,0.0,0.0,0.0,0.0,0.0,0.0,0.0,0.0,0.0,0.0,0.0,0.0,0.0,0.0,0.0,0.0,0.0,0.0,0.0,0.0,0.10287278,0.0,0.05488911,0.0,0.039707556,0.0,0.0,0.0,0.008695376,0.0,0.019823702,0.0,0.0,0.0,0.0,0.0,0.0,0.0,0.0,0.0,0.0,0.0,0.0,0.0,0.0,0.0,0.09702597,0.0,0.0,0.0,0.093383834,0.0,0.018556826,0.0,0.0,0.0,0.008899147,0.0,0.0,0.0,0.017146463,0.0,0.0,0.0,0.0,0.0,0.0,0.0,0.0,0.0,0.0,0.0,0.0,0.0,0.0,0.0,0.0,0.0,0.0,0.0,0.0,0.0,0.0,0.0,0.0,0.0,0.0,0.0,0.0,0.0,0.0,0.0,0.0,0.0,0.0,0.0,0.0,0.0,0.0,0.0,0.0,0.0,0.0,0.0,-0.0012778847,0.0,0.006401341,0.0,0.005809667,0.0,0.012047405,0.0,0.016518986,0.0,0.015447689,0.0,0.007362448,0.0,6.920764e-05,0.0,0.039586075,0.0,0.021909658,0.0,0.02164544,0.0,0.048244018,0.0,-0.0022882842,0.0,0.019694025,0.0,0.011115215,0.0,0.0041711503,0.0,0.043777723
0.00395966,0.024361407,0.0,0.0,0.0,0.0,0.018570961,0.021748697,0.045493968,0.047717232,0.0,0.0,0.0,0.0,0.0,0.0,0.0,0.0,0.0,0.0,0.0,0.0,0.017262628,0.0,0.019026907,0.0034751822,0.0,0.0,0.0,0.0,0.0,0.0,0.0,0.0,0.0,0.0,0.012472489,0.0,0.04118032,0.0,0.0,0.0,0.0,0.0,0.0,0.0,0.0,0.0,-0.00863242,0.0,-0.0054770075,0.0,0.030612804,0.024939511,0.042459864,0.029888425,0.03930609,0.031780433,0.0,0.017337846,0.0,0.0,0.015174212,0.0,0.017510196,0.025239807,0.065412596,0.024292719,0.0,0.0,0.0,0.0,0.0,0.0,0.0,0.0,0.0,0.0,0.0,0.0,0.0,0.0,0.0,0.0,0.0,0.0,0.0,0.0,0.0,0.0,0.0,0.0,0.0,0.0,0.0,0.0,0.0,0.0,0.0,0.0,0.0,0.0,0.0,0.0,0.0,0.0,0.0,0.0,0.0,0.0,0.0,0.0,0.0,0.0,0.0,0.0,0.0,0.0,0.0,0.0,0.0,0.0,0.0,0.0,0.0,0.0,0.0,0.0,0.0,0.0,0.023563355,0.016345406,0.0,0.0,0.0,0.0,0.0,0.0,0.0,0.0,0.0,0.0,0.0,0.0,0.0,0.0,0.0,-0.00091236166,0.029448962,0.01573725,0.0,0.0,-0.010056406,0.0,0.032535598,0.025507506,0.0,0.0,0.0,0.0,0.015618939,0.0118693,0.0,0.0,-0.012204142,0.0,0.0,0.0,0.0,0.0,0.0,0.0,0.0,0.0,-0.01798243,-0.017672347,0.0042425534,0.0,0.0,0.0,0.0,0.0,0.020703193,0.034793198,0.0324379,0.012964188,0.0,0.0,0.0,0.0,0.0,0.0,0.0,0.0,0.0,0.0,0.0,0.0,0.0,0.0,0.0,0.0,0.0,0.0,0.0,0.0,0.0,0.0,0.0,0.0,0.0014324118,0.0,-0.0037346173,0.0,-0.0057815174,0.0,-0.010214315,0.0,0.01066185,0.0,0.014924742,0.0041887425,0.006234717,-0.0008227612,0.0058276346,0.0,0.00018764698,0.0052992576,0.009893372,0.004405202,0.0017174438,0.0,0.009770762,-0.0028543724,0.00248276,-0.0047911163,0.011776797,0.0042336104,0.002080363,-0.0025437826,-0.0031434086,0.0,-0.0026898412,0.0,0.00798727,-0.0011188354
-0.0038496302,0.006007194,0.0,0.0,0.0,0.0,0.0070656836,0.008319089,0.013740879,0.020857096,0.0,0.0,0.0,0.0,0.0,0.0,0.0,0.0,0.0,0.0,0.0,0.0,0.0,0.0,0.0,0.004629394,0.0,-0.0098195,0.0,0.0,0.0,0.0,0.0,0.0,0.0,0.0,0.0,0.0,0.0,0.0,0.0,0.0,0.0,0.0,0.0,0.0,0.0,0.0,0.0,-0.014899371,0.0,-0.015396194,0.024576904,0.02277413,0.017690703,0.01930168,0.01738043,0.018942105,0.029802019,0.0,0.0,0.008095752,0.0,0.008379803,0.03061057,0.026609497,0.028366445,0.038492166,0.0,-0.00906121,0.0,0.0,0.0,0.0,0.0,0.0,0.0,0.0,0.0,0.0,0.0,0.0,0.0,0.0,0.0,0.0,0.0,0.0,0.0,0.0,0.0,0.0,0.0,0.0,0.0,0.0,0.0,0.0,0.0,0.0,0.0,0.0,0.0,0.0,0.0,0.0,0.0,0.0,0.0,0.0,0.0,0.0,0.0,0.0,0.0,0.0,0.0,0.0,0.0,0.0,0.0,0.0,0.0,0.0,0.0,0.0,0.0,0.0,0.0,0.0,0.0,0.020448288,0.0,0.0,0.0,0.0,0.0,0.0,0.0,0.0,0.0,0.0,0.0,0.0,0.0,0.0,0.0,0.0,0.022831522,0.025689896,0.0,0.0,0.0,0.0005875382,0.0,0.026767902,0.0,0.0,0.0,0.0012540054,0.023750547,0.036501676,0.0,0.0,0.0,-0.011795481,0.0,0.0,0.0,-0.0004817372,0.0,0.0,0.0,0.0,-0.01248753,-0.010540148,-0.012776494,-0.0038693943,0.0,0.0,0.0,-0.0009707823,-0.0125387125,0.0055175675,0.0073529896,0.0027115492,0.0,0.0,0.0,0.0,0.0,0.0,0.0,0.0,0.0,0.0,0.0,0.0,0.0,0.0,0.0,0.0,0.0,0.0,0.0,0.0,0.0,0.0,0.0,0.0,0.0,0.0036150939,0.0,-0.008232757,0.0,-0.008566318,0.0,-0.0054500606,0.0,0.0060952394,0.013767023,0.008421007,0.00557478,-0.00088733924,0.0,0.0059508127,0.01229217,0.010509902,0.0030268272,0.0027174482,-0.0008012454,0.0011841068,-0.0061446913,0.002558073,-0.0035379122,0.0049208575,0.0,0.0065183644,-0.0033613727,0.002203921,-0.0042444128,0.0035288422,0.0017927622,0.008419758,-0.003589505,0.0034935807
-0.0077610114,0.0,0.0,0.0,0.0,0.0,-0.009241383,0.0,0.005308144,0.019746833,0.0,0.0,0.0,0.0,0.0,0.0,0.0,0.0,0.0,0.0,0.0,0.0,0.0,0.0,0.0,0.0,0.0,0.0,-0.024398038,0.0,-0.011600908,0.0,-0.02504312,0.0,-0.006577798,0.0,-0.007569265,0.0,0.0031449455,0.0,0.0,0.0,-0.015798733,0.0,0.0,0.0,0.0,0.0,-0.002287565,0.0,-0.015623532,0.0,0.00505983,0.0,0.0,0.0,0.0,0.0,0.0,0.0,0.0,0.0,-0.010737988,0.0,0.0,0.0,0.0,0.0,0.019856535,0.0,0.022067286,0.0,0.014287685,0.0,0.004817514,0.0,0.014756044,0.0,-0.017966075,0.0,0.0,0.0,0.0,0.0,0.0,0.0,0.0,0.0,0.0,0.0,0.0,0.0,0.0,0.0,0.0,0.0,0.0,0.0,0.0,0.0,0.0,0.0,0.0,0.0,0.0,0.0,0.0,0.0,0.0,0.0,0.0,0.0,0.0,0.0,0.0,0.0,0.0021087527,0.0,0.0,0.0,0.0,0.0,0.0,0.0,0.0,0.0,0.0,0.0,0.0,0.0,0.0,0.0,0.0,0.0,0.0,0.0,0.0,0.0,0.02727104,0.0,0.010236136,0.0,0.0,0.0,0.020184234,0.0,0.0,0.0,0.021804608,0.0,0.0,0.0,0.015460375,0.0,0.016538944,0.0,0.033813495,0.0,0.022335637,0.0,0.024290202,0.0,0.028189167,0.0,0.0016539843,0.0,-0.0029479843,0.0,0.032576628,0.0,0.03749694,0.0,0.043976028,0.0,0.0,0.0,0.0,0.0,0.0,0.0,0.004292991,0.0,0.0,0.0,0.0,0.0,0.0,0.0,0.0,0.0,0.0,0.0,0.0,0.0,0.0,0.0,0.0,0.0,0.0,0.0,0.0,0.0,0.0,0.0,0.0,0.0,0.0,0.0,0.0,0.0,0.0,0.0,0.0055239657,0.0,-0.005043212,0.0,0.0021203484,0.0,0.0102475295,0.0,0.00026303963,0.0,-0.0028768887,0.0,-0.0013559988,0.0,-0.0051546777,0.0,0.014304715,0.0,0.025001427,0.0,0.019088876,0.0,0.010992158,0.0,0.0038659142,0.0,-0.00045533618,0.0,-0.007843244,0.0,0.006916196,0.0,0.01428737,0.0
0.0,-0.025673166,0.0,-0.010822699,0.0,0.000146388,0.0,-0.03145378,-0.018663697,-0.0029377572,0.0,0.0,0.0,0.0,0.0,0.0,0.0,-0.019853609,0.0,0.0,0.0,-0.008645688,0.0,0.0,0.0,-0.015189598,0.0,-0.0022298072,0.0,-0.023572491,0.0,-0.005935686,0.0,-0.016301481,0.0,-0.0085286265,0.0,-0.021043492,0.0,-0.010225184,0.0,0.0,0.0,-0.0030123184,0.0,0.0069742887,0.0,0.0,0.0,0.012047069,0.0,-0.013562016,0.0,-0.004633252,0.0,0.0,0.0,-0.009874131,0.0,0.008408349,0.0,0.0,0.0,-0.025256885,0.013264882,0.026518274,0.0,0.0,0.0,-0.0009870381,0.0,-0.004339141,0.0,-0.0006291523,0.0,-0.0066141705,0.0,0.0053491346,0.0,-0.008406487,0.0,0.0,0.0,0.0,0.0,0.0,0.0,-0.002021896,0.0,0.0,0.0,0.0,0.0,0.0,0.0,0.0,0.0,0.0,0.0,0.0,0.0,0.0,0.0,0.0,0.0,0.0,0.0,0.0,0.0,0.0,0.0,0.0,0.0,0.0,0.0,0.0,0.0,0.0,0.0,0.0,0.0,0.0,0.0,0.0,0.0,0.0,0.0,0.0,0.0,-0.00564621,0.0,0.0049627367,0.0,0.0,0.0,0.0,0.0,0.0,0.0,-0.019079586,0.0,0.0049582534,0.0,0.0,0.0,0.016329093,0.0,0.0,0.008861419,0.015022346,0.0,0.0,0.0,0.0,0.0,0.00989771,0.0,0.019587,0.0,-0.019889079,0.0,0.01793805,0.0,0.0005760721,0.0,-0.004985482,0.0,-0.008811016,0.0,0.021741834,0.0,0.010606799,0.0,0.016246334,0.0,0.0,0.0,0.0,0.0,0.0,0.0,0.012724114,0.0,0.0,0.0,0.0,0.0,0.0,0.0,0.0,0.0,0.0,0.0,0.0,0.0,0.0,0.0,0.0,0.0,0.0,0.0,0.0,0.0,0.0,0.0,0.0,0.0,0.0,0.0,0.0,0.0,0.0,0.0,0.016389977,0.0,0.0040978263,0.0,0.007478692,0.0,0.005687155,0.0,-0.007181378,0.0,0.010041174,0.0,-0.0107882675,0.0,-0.0019194443,0.0,-0.0018965658,0.0,-0.010493448,0.0,-0.008140451,0.0,-0.0070469817,0.0,-0.008710324,0.0,-0.013596829,0.0,-0.009541306,0.0,0.0015245009,0.0,-0.009753354
0.025179928,0.016161647,-0.035689056,0.0,-0.022440717,0.0,0.016612822,0.013204026,0.044467464,0.006908047,0.0,0.0,0.0,0.0,0.004599662,0.0,0.053862803,0.0,0.009226747,0.0,0.065695204,0.0,-0.0032416903,0.0,0.03981116,0.015260193,-0.030559901,0.0,0.07174003,0.0,0.10198904,0.0,0.02018245,0.0,0.02569057,0.0,0.03718372,0.0,0.044138115,0.0,0.0,0.0,0.0,0.0,0.0,0.0,0.0,0.0,0.0,0.0,0.00036298187,0.0,0.017707588,0.0,0.024622668,0.02921286,0.004331938,0.0,0.022809748,0.0,0.005963792,0.0,0.0,0.0,0.0,0.0,0.0,0.0,0.0,0.0,0.0,0.0,-0.00044547967,0.0,0.0,0.0,-0.0044969483,0.0,0.0,0.0,0.0,0.0,0.0,0.0,0.025643906,0.0,0.0,0.0,0.0,0.0,0.0,0.0,0.0,0.0,0.0,0.0,0.06356819,0.0,0.0,0.0,0.0,0.0,0.0,0.0,0.0,0.0,0.0,0.0,0.0,0.0,0.0,0.0,0.0,0.0,0.0,0.0,0.0,0.0,0.0,0.0,0.0,0.0,0.0,0.0,0.0,0.0,0.0,0.0,0.03774935,0.0,0.0,0.0,0.0,0.0,0.0,0.0,0.051033754,0.0,0.03754032,0.0,0.0,0.0,0.0,0.0,0.033452824,0.0,0.0,0.0,0.0,0.0,0.0,0.0,0.0,0.0,0.0010793395,0.0,-0.00048635624,0.0,-0.0038370679,0.0,0.0,0.0,-0.0075105336,0.0,0.0,0.0,0.029974977,0.0,0.0081298025,0.0,0.015177683,0.0,0.0077902465,0.0,0.0,0.0,0.0,0.0,0.0,0.0,0.0,0.0,0.0,0.0,0.0,0.0,0.0,0.0,0.0,0.0,0.0,0.0,0.0,0.0,0.0,0.0,0.0,0.0,0.0,0.0,0.0,0.0,0.0,0.0,0.0,0.0,0.0,0.0,0.0,0.0,0.0,0.0,0.0,0.0,-0.0015553322,0.0,0.0,0.0,0.000909561,0.0,0.016021416,0.0,0.0013273549,0.0,0.008166344,0.0,0.0136890635,0.02133563,0.0020436395,0.0,0.005587608,0.0,0.0001370679,0.0,0.0,0.0,0.0008652742,0.0,0.009646101,0.0,0.0080611445,0.0,0.012673259,0.0,0.011818538,0.0
0.011620874,0.027861277,0.0,0.012378006,0.0,0.0,0.0034354336,0.029429534,0.0027664024,0.013354376,0.0,0.0,0.0,0.0,0.0,0.012962121,0.0,0.038388275,0.0,0.002769539,0.0,0.051294222,0.0,0.022890642,-0.000406327,0.038629536,0.0,0.0044113277,0.0,0.038273413,0.0,0.04130779,0.0,0.029463025,0.0,0.021494068,0.0,0.019120675,0.0,0.040529694,0.0,0.0,0.0,0.0,0.0,0.0,0.0,0.0,0.0,0.0,0.0,0.0,0.0,-0.0015075658,0.009214884,0.039533447,0.0,0.0059832376,0.0,-0.0027365605,0.0,0.004093233,0.0,0.0,0.0,0.0,0.0,0.0,0.0,0.0,0.0,0.0,0.0,0.014243394,0.0,0.0,0.0,0.0,0.0,0.0,0.0,0.0,0.0,0.0,0.0,0.0,0.0,0.0,0.0,0.0,0.0,0.0,0.0,0.0,0.0,0.0,0.0,0.0,0.0,0.0,0.0,0.0,0.0,0.0,0.0,0.0,0.0,0.0,0.0,0.0,0.0,0.0,0.0,0.0,0.0,0.0,0.0,0.0,0.0,0.0,0.0,0.0,0.0,0.0,0.0,0.0,0.0,0.0,0.0,0.011122537,0.0,0.0,0.0,0.037169863,0.0,0.0,0.0,0.030109014,0.0,0.04734684,0.0,0.0,0.0,0.0,0.0,0.0,0.0,0.0,0.0,0.0,0.0,0.0,0.0,0.0,0.0,0.0012227849,0.0,0.012704327,0.0,0.018891087,0.0,-0.009084841,0.0,0.0,0.0,0.0,0.0,0.0,0.0,0.011560777,0.0,0.0,0.0,0.0,0.0,0.0,0.0,0.0,0.0,0.0,0.0,0.0,0.0,0.0,0.0,0.0,0.0,0.0,0.0,0.0,0.0,0.0,0.0,0.0,0.0,0.0,0.0,0.0,0.0,0.0,0.0,0.0,0.0,0.0,0.0,0.0,0.0,0.0,0.0,0.0,0.0,0.0,0.0,0.0,0.0,0.00810855,0.0,-0.004565271,0.0,0.002051794,0.0,-0.0021950463,0.0,-0.0011912892,0.0,-0.002129187,0.0,0.0029366554,0.0,-0.0007797928,0.0,0.019668745,0.0,0.0040538698,0.0,0.0018251723,0.0,0.006486063,0.0,0.021721406,0.0,0.0050762207,0.0,0.006099904,0.0,0.018558597
-0.0029855056,0.007554433,0.0,0.0,0.0022838095,0.0,0.0,0.0,0.01022358,0.007952957,-0.0066246237,-0.008736506,-0.004104291,-0.0077510215,0.0,0.0,0.0,0.0,-4.2803236e-05,0.0,0.0,0.0,0.0,0.0,0.0,0.0,-0.009654588,0.0,0.0,0.0,0.0,0.0,0.0,0.0,0.0,0.0,0.0,-0.0026492553,0.0,0.0,0.0039656064,0.014011639,0.0,0.0,0.0,0.0,0.0,0.0,0.008236324,0.0,-0.005753358,0.006702196,0.0,0.0,0.0,0.0,0.02056275,0.0,0.026024377,0.020762984,0.0,-0.0027053072,0.0,0.0,0.0,0.026265522,0.022197405,0.020049915,0.0,0.0,0.0057169115,0.0043825703,0.00942537,0.010345056,0.0,0.0072039496,0.0,0.009246241,0.0,0.0,0.0,0.0,0.0,0.0,0.0,0.0,0.0,0.0,0.0,0.0,0.0,0.0,0.0,0.0,0.0,0.0,0.0,0.0,0.0,0.0,0.0,0.0,0.0,0.013996525,0.0,0.0,0.0,0.0,0.0,0.0,0.0,0.0,0.0,0.0,0.0,0.0,0.0,0.0,0.0,0.0,0.0,0.0,0.0,0.0,0.017991735,0.010683777,0.0,0.0,0.0,0.0,0.0263966,0.02094937,0.0,0.0,0.0,0.0,0.0,0.0,0.0,0.0,0.0,0.0,0.0,0.0,0.01198526,0.008613006,0.012765184,0.007995184,0.021972405,0.022386476,0.014023158,0.013606063,0.012184749,0.007823787,0.0,0.0,0.0,0.0017183415,0.0,0.0,0.033699453,0.032927822,0.0,0.012196306,0.0,0.00549849,0.0066769123,0.0,0.01561092,0.013086215,0.0,0.004675503,-0.0045295088,-0.0029387933,0.009940269,0.002580498,0.0049134567,0.006632397,0.0045738397,-0.0006221691,0.025940467,0.021019364,0.0054907976,0.006782397,0.024364121,0.016090589,0.008113478,0.0067926846,0.0,0.0,0.0,0.0,0.0,0.0,0.0,0.0,0.0,0.015327125,0.0,0.0,0.0,0.0,0.0,0.0,0.0,0.0,0.0,0.0,0.0,0.0,0.0,0.0,-0.00024408662,0.0014538947,0.018539943,0.012922809,0.02005433,0.0047422107,0.015685372,0.012887922,0.015342699,0.0012121192,0.017893797,0.017727332,0.013986116,0.010648539,0.01987255,0.015725123,0.008161373,0.008505557,0.008698465,0.014957581,0.01048786,-0.0011201383,0.009019245,0.01043045,0.014293211,0.01575304,0.015436855,0.015243394,0.022001788,0.01875837,0.010916107,0.004503995,0.007831273,0.0026195748
-0.017681655,-0.0060034506,0.0,0.0,0.0,-0.0011590339,0.0,0.0,-0.0021941538,0.0039814026,-0.0140359765,-0.012207447,-0.010214097,-0.006447132,0.0,0.0,0.0,0.0,0.0,0.0,0.0,0.0,0.0,0.0,0.0,0.0,0.0,-0.008270162,0.0,0.0,0.0,0.0,0.0,0.0,0.0,0.0,0.0,0.0,0.0,0.0,-0.0016792681,0.00908573,0.0,0.0,0.0,0.0,0.0,0.0,0.010324111,0.0,0.0,-0.005938107,0.0,0.0,0.0,0.0,0.005578783,0.0,0.0050566667,0.008938494,0.0,0.005271509,0.0,0.0,0.018147012,0.0,0.007946671,0.01931654,0.0,0.0,-0.0070432615,-0.00069190864,0.0,-1.1107124e-05,0.0,-0.003969472,0.0,0.0,0.0,0.0,0.0,0.0,0.0,0.0,0.0,0.0,0.0,0.0,0.0,0.0,0.0,0.0,0.0,0.0,0.0,0.0,0.0,0.0,0.0,0.0,0.0,0.0,0.0,0.0,0.0,0.0,0.0,0.0,0.0,0.0,0.0,0.0,0.0,0.0,0.0,0.0,0.0,0.0,0.0,0.0,0.0,0.0,0.0,0.0,0.0,0.017258286,0.0,0.008088039,0.0,0.0,0.011233688,0.014507837,0.0,0.0,0.0,0.0,0.0,0.0,0.0,0.0,0.0,0.0,0.0,0.0,0.0006367186,0.012365318,0.010559446,0.007852873,0.010823629,0.023023153,0.018560011,0.009500953,0.012594044,0.006503852,0.0,0.0,0.0,0.0069521796,0.0,0.0,0.00478411,0.013258095,0.0,0.005910925,0.0,-9.259489e-05,0.0,0.0,0.0057666725,0.00835386,0.0,0.0057870946,0.0,-0.004899843,0.01057859,0.00878561,-0.003989195,-0.0024490454,0.004915375,-0.0041160914,0.02026703,0.012443464,0.0040437384,0.0027306343,0.016784556,0.016440136,0.0018588953,0.0022884451,0.0,0.0,0.0,0.009111584,0.0,0.0,0.0,0.0,0.0,0.0044237445,0.0,0.0,0.0,0.0,0.0,0.0,0.0,0.0,0.0,0.0,0.0,0.0,0.0,0.0,-0.012189707,-0.0029704715,0.0046896753,0.00013538267,0.007520319,0.0049067605,0.009817579,0.004392775,-0.00020224966,-0.002196234,0.005455369,0.013308858,-0.0027380746,0.0010429971,0.0060803005,0.010183887,-0.008721079,-0.0018946023,-0.005024733,0.0007347172,-0.0023229665,-0.0063079665,-0.0055202385,0.010904687,0.004562424,0.004128827,-0.0004807223,0.0045837485,0.012443716,0.008296389,0.005247882,0.0021037166,-0.008831622,-0.0008191675
0.0040597953,0.0016834729,0.0,0.0,0.0,0.0,-0.002379275,-0.0021931583,0.028881142,0.012579601,0.0015278376,0.006250988,0.0058878185,0.005768028,0.0,0.0,0.0,0.0,0.0,0.0,0.0,0.0,0.0,0.0,0.0,0.010985916,0.0,0.0,0.0,0.0,0.0,0.0,0.0,0.0,0.0,0.0,0.0,0.0,0.0,0.0,0.0,0.0,0.0,0.0,0.0,0.0,0.0,0.0,-0.0026897525,0.0,0.0,0.0,0.009287437,0.0063796416,0.00740224,-0.0004908426,0.022974158,0.013907455,0.026108267,0.0055119214,0.0,0.0,0.0,0.0,0.0026439473,0.006511329,0.0,0.011605315,0.0,0.0,0.0,-0.017008688,0.0,0.0,0.0,0.0,0.0,0.0,0.0,0.0,0.0,0.0,0.0,0.0,0.0,0.0,0.0,0.0,0.0,0.0,0.0,0.0,0.0,0.0,0.0,0.0,0.0,0.0,0.0,0.0,0.0,0.0,0.0,0.0,0.0,0.0,0.0,0.0,0.0,0.0,0.0,0.0,0.0,0.0,0.0,0.0,0.0,0.0,0.0,0.0,0.0,0.0,0.0,0.0,0.0,0.0,0.0,0.0,0.0,0.0,0.021028157,0.005393289,0.0,0.0,0.0,0.0,0.0,0.0,0.0,0.0,0.0,0.0,0.0,0.0,0.0,0.0,0.0040918975,-0.0013822452,0.00056262285,-0.0037291686,-0.0015157848,0.0039979853,0.006020498,0.008072124,0.0,0.01562998,0.0,0.0,0.0,0.0,0.012705019,0.015366483,0.0,0.0,0.0,0.0,0.0,0.0,0.0,0.0,0.0,0.0,0.0,0.0,-0.0006265289,-0.002489097,0.010077351,0.0012889442,0.008678473,0.0026239618,0.0041730152,0.0072729355,0.0038205336,0.0070582987,0.018324798,0.0008220971,-0.0029861366,-0.00053371844,0.0,0.0,0.0,0.0,0.0,0.0,0.0,0.0,0.0,0.0,0.0,0.0,0.0,0.0,0.0,0.0,0.0,0.0,0.0,0.0,0.0,0.0,0.0,0.0,-0.012963032,0.0,0.004006285,-0.002590798,0.0025938656,-0.0050443728,0.00972857,0.004476844,-0.00057507993,-0.0069377613,0.0025460268,0.0037617553,0.0050274986,-0.0026990823,0.0027752102,0.0059768087,0.002018083,-0.0032138396,0.00074262876,0.00085909764,0.009332791,-0.0019293324,0.014282255,0.012250576,0.0020715583,0.0,0.008097137,-0.0019009052,0.008290918,0.0009835411,0.0025902055,-0.0070489086,0.009815454,-0.00033422047
-0.00070578523,0.0056389607,0.0,0.0,0.0,0.0,0.008143859,0.0028356216,0.017620357,0.028452681,-0.0006638691,0.008888255,-0.0043270364,0.00029568406,0.0,0.0,0.0,0.0,0.0,0.0,0.0,0.0,0.0,0.0,0.0,0.00807087,0.0,0.0,0.0,0.0,0.0,0.0,0.0,0.0,0.0,0.0,0.0,0.0,0.0,0.0,0.0,0.0,0.0,0.0,0.0,0.0,0.0,0.0,0.0032777009,0.0,0.0,0.0,0.024174968,0.021078646,0.012066587,0.017656077,0.020103885,0.036203653,0.029778665,0.042563394,0.0,0.0,0.0,0.0,0.025729617,0.030422745,0.036139403,0.0,0.0,0.0,0.0,0.0,0.0,0.0,0.0,0.0,0.0,0.0,0.0,0.0,0.0,0.0,0.0,0.0,0.0,0.0,0.0,0.0,0.0,0.0,0.0,0.0,0.0,0.0,0.0,0.0,0.0,0.0,0.0,0.0,0.0,0.0,0.0,0.0,0.0,0.0,0.0,0.0,0.0,0.0,0.0,0.0,0.0,0.0,0.0,0.0,0.0,0.0,0.0,0.0,0.0,0.0,0.0,0.0,0.0,0.0,0.0,0.0,0.0,0.0,0.026703192,0.034199234,0.0,0.0,0.0,0.0,0.0,0.0,0.0,0.0,0.0,0.0,0.0,0.0,0.0,0.0,0.0020272215,-0.0038296487,0.01769613,0.021203578,0.0036193482,0.0051758224,0.006673258,0.0005343521,0.0,0.056867614,0.0,0.0,0.0,0.0,0.036510393,0.044337254,0.0,0.0,0.0,0.0,0.0,0.0,0.0,0.0067403195,0.0,0.0,0.0,0.0,0.011605248,0.008267477,0.013125134,0.0015429474,-0.00022419142,-0.0030945444,0.0049090893,0.006565972,0.005692883,0.012729957,0.024695871,0.014484546,0.0013710577,0.0069472217,0.0,0.0,0.0,0.0,0.0,0.0,0.0,0.0,0.0,0.0,0.0,0.0,0.0,0.0,0.0,0.0,0.0,0.0,0.0,0.0,0.0,0.0,0.0,0.0,0.0,0.0,0.010248582,0.006201848,0.006370071,0.008005621,0.008890875,0.013665208,8.693501e-05,0.001984192,0.012911584,0.011060619,0.0,0.008929877,0.010404412,0.019791685,0.006542657,0.0093088355,0.0071642003,0.018842053,0.0035608844,0.020421743,0.0020085445,0.012846293,0.0,0.0,0.00091501424,0.011450391,0.017550888,0.018394962,0.0117973685,0.006910544,0.004947067,0.016449763
0.0,0.0,0.0,0.0,0.0,0.0,0.0,0.0,0.0,0.0,0.002876069,0.0,0.0051590414,0.0012233615,0.0,0.0,0.0,0.0,0.0,0.0,0.0,0.0,0.0,0.0,0.0,0.0,-0.0045377854,0.0,0.0,0.0,0.0,0.0,0.011015147,0.0,-0.003575684,0.0,-0.022092119,0.0,-0.0037790316,0.0,0.009562742,0.004342006,-0.01711486,0.0,0.0006109668,0.0,0.015065545,0.0,0.017607521,-0.0009432508,-0.0213939,0.0,0.00012978242,0.0,0.0,0.0,0.001842496,0.0,0.0,0.0,-0.004546145,0.0,0.0,0.0,0.0,0.0,0.0,0.0,0.0,0.0,-0.0155597385,0.0,-0.019914512,0.0,0.0,0.0,0.03214654,0.0,0.0013513836,0.0,0.0,0.0,0.01834371,0.0,0.0,0.0,0.010848193,0.0,0.0028677986,0.0,-0.0003396846,0.0,0.014959803,0.0,0.015492176,0.0,0.016959703,0.0,0.0,0.0,-0.0018124004,0.0,-0.0135970535,0.0,0.014712572,0.0,0.014117367,0.0,0.017681662,0.0,-0.016246155,0.0,-0.030327963,0.0,-0.036042836,0.0,0.016479794,0.0,-0.008183768,0.0,0.0,0.0,0.0,0.0,0.0,0.0,-0.003070693,0.0,0.0,0.0,0.0049242037,0.0,0.0,0.0,0.00028035752,0.0,0.0,0.0,0.0,0.0,-0.0032579452,0.0,0.0,0.0,0.0056596524,0.0,-0.000870847,0.0014063045,0.0,0.0,0.002539492,0.0,0.0023632878,-0.0018069684,0.0011462464,0.0,0.003773937,0.0,0.0031395885,0.0,0.007530485,0.0,-0.010955388,0.0,-0.017226577,0.0,-0.020902004,0.0,0.0077704177,0.0,0.016222944,0.0,-0.0033866984,0.0,-0.0030628762,-0.003995053,-0.025855279,0.009733392,-0.022964256,-0.013698944,0.008249812,0.0070895674,0.0010594601,0.0027887204,0.025946531,0.0,-0.003744553,-0.009942052,0.008829691,0.0,-0.00124536,0.0064126765,-0.0066773663,0.0,0.0050402354,0.0,0.013117072,0.010906161,0.014403441,0.0,0.013710528,0.0,0.005501782,0.0,0.011644203,0.0,0.0095483875,0.0,0.0040188283,0.0,0.04420564,0.0,0.027893372,0.02458997,0.03054232,0.0,0.01355532,0.010269323,-0.0032886087,-0.0069178776,-0.0026994012,0.0,0.010241297,0.0001254218,0.008822537,0.0,-0.0005011277,0.0,0.00539481,0.0,-0.014659537,-0.0129363565,-0.009698456,0.0,-0.0033368105,0.0,-0.0025315555,-0.012425246,-0.013178347,-0.006719974,-0.013072147,-0.0090272045,-0.0056662075,0.028058983,-0.00086384546,-0.0070476495
0.0,0.0,0.0,0.0,0.0,0.0,0.0,0.0,0.0,0.0,0.0,-0.009351084,0.0027610501,0.0020543009,0.0,0.0,0.0,0.0,0.0,0.0,0.0,0.0,0.0,0.0,0.0,0.0,0.0,-0.0019931742,0.0,0.0,0.0,0.0,0.0,-0.008428075,0.0,-0.015629716,0.0,-0.020599384,0.0,0.0,0.02262573,0.023039076,0.0,0.010822531,0.0,0.019920437,0.02423761,0.025903674,0.021711169,0.019162448,0.0,-0.011122653,0.0,-0.0016630352,0.0,0.0,0.0,0.0,0.0,-0.00019806095,0.0,-0.01003064,0.0,0.0,0.0,0.0,0.0,0.0,0.0,0.0,0.0,-0.0070301006,0.0,-0.008242751,0.0,-0.0052180747,0.0,0.016311223,0.0,0.0016317373,0.0,-0.0029690089,0.0,0.02043996,0.0,0.0,0.0,0.0055046016,0.0,0.014054845,0.0,0.015598085,0.0,0.02483912,0.0,0.021371664,0.0,0.0,0.0,0.0,0.0,0.011248404,0.0,0.018952886,0.0,0.014204681,0.0,0.016771352,0.0,0.037179142,0.0,0.014335322,0.0,0.0063638324,0.0,0.0063540502,0.0,0.014903203,0.0,-0.010575651,0.0,0.0,0.0,0.0,0.0,0.005320642,0.0,0.0034650841,0.0,0.0,0.0,0.002775349,0.0,0.0,0.0,0.013279478,0.0,0.0032609582,0.0,0.0,0.0,0.0,0.0,0.0,0.0,0.00051534595,0.004166699,0.006747344,0.0,0.0,0.007505488,0.0040727486,0.014380327,0.007752658,0.0,0.007125772,0.0,-0.0071713882,0.0,0.0,0.0,0.0047068717,0.0,-0.0025237496,0.0,-0.0065517253,0.0,-0.015175335,0.0,0.0034552172,0.0,-0.005035173,0.0,-0.015113163,0.010910682,0.0046449457,-0.0067151524,0.0017441843,-0.008033126,-0.01352732,0.01509946,0.018257262,-0.0062440964,0.0010065491,0.0,-0.0052033165,0.0055831317,-0.0063167564,0.0,0.006422358,-0.0032797318,0.0026846211,0.0,0.0059396406,0.0,0.003973984,0.0011820451,0.0069515547,0.0,0.018729039,0.0,0.02031389,0.0,0.021343656,0.0,0.017549196,0.0,0.014426062,0.0,0.014761054,0.0,0.018013733,0.013926302,0.018430905,0.02491707,0.014167418,0.0115767885,0.010950011,0.0072226212,0.00354727,0.0,0.0015527123,0.028377833,0.020768927,0.0,0.004814574,0.0,-0.0012242105,0.001909574,0.0011789148,-0.0071317162,-0.0046417485,0.0,0.011907419,0.0,-0.007175636,-0.0046813297,0.0016193045,-0.0008126045,-0.0013586205,0.008150579,-0.0037075256,-0.0064807837,0.003945324,0.0,-0.00078137446
0.0,0.0,0.0,0.0,0.0,0.0,0.0,0.0,0.0,0.0,0.0,0.0,0.0,0.0,0.0,0.0,0.0,0.0,0.0,0.0,0.0,0.0,0.0,0.0,0.0,0.0,0.0,0.0,0.0,0.0,0.0,0.0,0.006599304,0.0,0.000287712,0.0,0.008693335,0.0,0.016931789,0.0,0.0,0.0,-0.025524871,0.0,0.0,0.0,0.0,0.0,0.0,0.0,-0.012668688,0.0,0.0,0.0,0.0,0.0,0.0,0.0,0.0,0.0,0.02904867,0.0,0.0,0.0,0.013160152,0.009174979,0.0,0.0,-0.00079280906,0.0,0.0,0.0,0.074482486,0.0,0.037115205,0.0,0.039626773,0.0,0.06377475,0.0,-0.013555866,0.0,-0.011226176,0.0,-0.0085968,0.0,-0.0029212488,0.0,0.0,0.0,0.0,0.0,0.0,0.0,0.0,0.0,0.0,0.0,0.0,0.0,0.0,0.0,0.0,0.0,0.0,0.0,0.0,0.0,0.0,0.0,0.0,0.0,0.0,0.0,0.0,0.0,-0.0009440237,0.0,0.0,0.0,0.025326546,0.0,0.017125692,0.0,0.0,0.0,0.0,0.0,0.0,0.0,-0.0036627047,-0.001392645,0.0,0.0,0.0,0.0,-0.02533271,0.0,-0.011879116,0.0,-0.013927561,0.0,-0.011068616,0.0,0.08341165,0.0,3.12188e-05,0.0,0.018456198,0.016548557,-0.0070795435,0.0,-0.01875991,0.0,-0.0026109915,0.0,0.07124604,0.0,0.0,0.0,-0.00909017,-0.009407273,0.036995146,0.0,-0.01632407,0.0,-0.004836417,0.0,0.01892046,0.0,0.014722348,0.0,0.0061580106,0.0,-0.017669262,0.0025342961,0.0,0.0,0.0,0.0,-0.012731883,0.0,0.0,0.0,0.026007311,0.0,0.0,0.0,0.0,0.0,0.0,0.0,0.0,0.0,0.0,0.0,0.0,0.0,0.0,0.0,0.0,0.0,0.0,0.0,0.0,0.0,0.0,0.0,0.0,0.0,0.0,0.0,0.0038764535,0.0,0.0,0.0,-0.0075699026,0.0,-0.0079068,0.0,-0.01292087,0.0,-0.009785647,0.0,0.0010844088,0.0,-0.0031278178,0.0,-0.0016985688,0.0,-0.004195563,0.0,0.0,0.0,-2.2050046e-05,0.0,-0.0042012613,0.0,-0.008284198,-0.00752551,-0.026402153,-0.0130473515,-0.007814169,0.020020438,0.0,0.0
0.0,0.0,0.0,0.0,0.0,0.0,0.0,0.0,0.0,0.0,0.0,0.0,0.0,0.0,0.0,0.0,0.0,0.0,0.0,0.0,0.0,0.0,0.0,0.0,0.0,0.0,0.0,0.0,0.0,0.0,0.0,0.0,0.0,0.02074894,0.0,0.014496858,0.0,0.014304398,0.0,0.04125165,0.0,0.0,0.0,0.0021343126,0.0,0.0,0.0,0.0,0.0,0.0,0.0,0.0007086873,0.0,0.0,0.0,0.0,0.0,0.0,0.0,0.0,0.0,0.022997502,0.0,0.0,0.0125945965,0.00931214,-0.0042787055,0.0,0.0,0.001804397,0.0,0.0,0.0,0.11189259,0.0,0.11018812,0.0,0.032189984,0.0,0.06952316,0.0,-0.004375832,0.0,0.0,0.0,-0.0051398296,0.0,0.014208824,0.0,0.0,0.0,0.0,0.0,0.0,0.0,0.0,0.0,0.0,0.0,0.0,0.0,0.0,0.0,0.0,0.0,0.0,0.0,0.0,0.0,0.0,0.0,0.0,0.0,0.0,0.0,0.0,0.0,0.0,0.0,0.0,0.0,0.024446154,0.0,0.0837523,0.0,0.0,0.0,0.0,0.0,0.0,-0.0033243399,7.540315e-06,0.0,0.0,0.0,-0.008378545,0.0,-0.013333936,0.0,0.005466226,0.0,0.0163647,0.0,0.005939692,0.0,0.050882418,0.0,-0.005676937,0.016526328,0.014081982,0.0,-0.0036863475,0.0,-0.00072768866,0.0,-0.0038691221,0.0,0.07779015,0.0,0.008667526,-0.0062580537,-0.005519688,0.0,0.08364609,0.0,0.009488678,0.0,0.0017585849,0.0,0.023440106,0.0,0.020116871,0.0,-0.00040278363,-0.0068897195,-0.0024135807,0.0,0.0,0.0,0.0,0.0,-0.002734755,0.0,0.0,0.013314212,0.00955078,0.0,0.0,0.0,0.0,0.0,0.0,0.0,0.0,0.0,0.0,0.0,0.0,0.0,0.0,0.0,0.0,0.0,0.0,0.0,0.0,0.0,0.0,0.0,0.0,0.0,0.0,0.0,0.0039959215,0.0,0.0,0.0,-0.009238363,0.0,-0.0004672277,0.0,0.007457232,0.0,0.0042596716,0.0,0.008202173,0.0,-0.0056195487,0.0,-0.0014404343,0.0,0.011631693,0.0,0.0,0.0,0.0049118986,0.0,0.0020842266,0.0,0.010667794,0.0,-0.0027553982,0.0,0.002924784,0.0,0.0075100237
-0.008990932,0.0,0.0,0.0,0.0,0.0,0.0,0.0,0.0,0.0,0.0,0.0,0.0,0.0,0.0,0.0,0.0,0.0,0.0,0.0,0.0,0.0,0.0,0.0,0.0,0.0,0.0,0.0,0.0,0.0,-0.018470298,0.0,-0.009833472,0.0,-0.009550757,0.0,0.00031276408,0.0,-0.007963494,0.0,0.0,0.0,-0.026658727,0.0,0.0,0.0,0.0,0.0,-0.0053119157,0.0,-0.010071947,0.0,-0.02432233,0.0,0.0,0.0,0.0,0.0,0.0,0.0,0.0048044682,0.0,-0.01662079,0.0,-0.0013895473,0.0,0.0,0.0,0.006107403,0.0,0.070995525,0.0,0.0,0.0,-0.0026125514,0.0,0.03478124,0.0,0.037436202,0.0,-0.012491846,0.0,-0.010608161,0.0,-0.02163901,0.0,-0.013951064,0.0,0.0,0.0,0.0,0.0,0.0,0.0,0.0,0.0,0.0,0.0,0.0,0.0,0.0,0.0,-0.012827012,0.0,0.0,0.0,0.0,0.0,-0.013633074,0.0,0.0,0.0,0.0,0.0,0.0,0.0,0.0032442454,0.0,0.009899571,0.0,-0.001802241,0.0,-0.01065876,0.0,-0.011501114,0.0,-0.030356055,0.0,0.0,0.0,-0.012140575,-0.012311343,-0.016390318,0.0,-0.03692563,0.0,-0.038753644,0.0,-0.029507134,0.0,-0.032001574,0.0,-0.013908361,0.0,0.04608032,0.0,-0.016143328,0.0,0.012990338,0.0009567716,-0.01757235,0.0,-0.022959184,0.0,-0.016574474,0.0,0.06542406,0.0,0.0,0.0,-0.0152920885,0.0,0.03330585,0.0,-0.017110178,0.0,-0.010013166,0.0,0.016018579,0.0,-0.0019997656,0.0,0.0029332675,0.0,-0.016972562,-0.012063587,0.0,0.0,0.0,0.0,-0.010585959,-0.014317519,0.0,0.0,0.0,0.0,0.0,0.0,0.0,0.0,0.0,0.0,0.0,0.0,0.0,0.0,-0.009522486,0.0,-0.0072721457,0.0,0.004214923,0.0,0.0,0.0,0.0,0.0,0.007066956,0.0,-0.027734203,0.0,0.016071497,0.0,-0.0032777067,0.0,-0.010205544,0.0,-0.010292544,0.0,-0.0063181384,0.0,-0.026197746,0.0,-0.008625966,0.0,-0.015193853,0.0,-0.013932586,0.0,-0.016343672,0.0,0.0013675296,0.0036903187,-0.00024866115,0.0,-0.00851589,0.0,0.009241369,-0.012325077,-0.016181033,-0.012406078,-0.031595785,-0.01284692,-0.0073190467,0.0,-0.010405278,0.0
0.0,0.0040567224,0.0,0.0,0.0,-0.008040581,0.0,0.0,0.0,0.0,0.0,0.0,0.0,0.0,0.0,0.0,0.0,0.0,0.0,0.0,0.0,0.0,0.0,0.0,0.0,0.0,0.0,9.804685e-05,0.0,0.0,0.0,0.0,0.0,0.01048354,0.0,0.012716026,0.0,0.008159363,0.0,0.020151325,0.0,0.0,0.0,0.0045600315,0.0,0.0025841156,0.0,0.0,0.0,0.0009840654,0.0,0.002625234,0.0,0.0029687132,0.0,0.0,0.0,0.0,0.0,0.0,0.0,0.009888295,0.0,0.022931643,-1.4690851e-05,-0.005165068,0.0,0.0,0.0,0.0029617455,0.0,0.092328146,0.0,0.0,0.0,0.09054943,0.0,0.014075831,0.0,0.05320923,0.0,-0.0027264825,0.0,-0.0100738965,0.0,-0.0063135377,0.0,0.014064909,0.0,0.0,0.0,0.0,0.0,0.0,0.0,0.0,0.0,0.0,0.0,0.0,0.0,0.0,0.0,0.004002092,0.0,0.0,0.0,0.0,0.0,0.0,0.0,0.0,0.0,0.0,0.0,0.0,0.0,0.0,0.0,0.0,0.0,0.015584278,0.0,0.05938576,0.0,-0.0058945804,0.0,0.0,0.0,0.0,0.0,-0.010259142,0.0,-0.0022145938,0.0,-0.00888531,0.0,-0.014566693,0.0,-0.0042477087,0.0,0.0061009536,0.0,0.0053346423,0.0,0.02446139,0.0,-0.007798139,0.005738328,0.0044571855,0.0,-0.0070307525,0.0,-0.0068097333,0.0,-0.012541563,0.0,0.05464255,0.0,-0.0033393078,-0.009379129,-0.009329733,0.0,0.058415413,0.0,0.010311193,0.0,-0.00038457368,0.0,0.008846643,0.0,0.004389312,0.0,-0.0038258617,-0.009153002,-0.006226965,0.0,0.0,0.0,0.0,-0.005114633,-0.008400237,0.0,0.0,0.0,0.0,0.0,0.0,0.0,0.0,0.0,0.0,0.0,0.0,0.0,0.0,0.0,0.0,0.0,-0.0046680393,0.0,0.011911844,0.0,0.0,0.0,0.0,0.0,0.0,0.0,-0.018742437,0.0,0.0,0.0,-0.00042642443,0.0,0.0062429206,0.0,-0.0088728415,0.0,-0.0010098857,0.0,-0.006034095,0.0,0.0045819883,0.0,0.0012690058,0.0,-0.0057768985,0.0,-0.01752164,0.0,0.007909474,0.0,-0.0051462785,0.0,-0.0020809914,0.0,0.00023966693,0.0,0.0010167019,0.0,-0.0013360665,0.0,-0.00012462791,0.0,-0.0031697669
0.0,0.0,0.0,0.0,0.0,0.0,0.0,0.0,0.0,0.0,0.0,0.0,0.0,0.0,0.0,0.0,0.0,0.0,0.0,0.0,-0.011475456,0.0,0.0,0.0,0.0,0.0,0.0,0.0,0.0,0.0,0.0,0.0,0.0,0.0,0.013293878,0.0,-0.016077291,0.0,-0.0010128395,0.0,0.0,0.0,0.0,0.0,0.0,0.0,0.0,0.0,0.0,0.0,0.0004455355,0.0,0.0,0.0,0.0,0.0,0.0,0.0,0.0,0.0,-0.002097748,0.0,0.0,0.0,0.0,0.0,0.0,0.0,0.0,0.0,0.0026444928,0.0,-0.0015899156,0.0,0.0,0.0,0.012509755,0.0,0.023191126,0.0,0.028588599,0.0,0.012481823,0.0,0.05445054,0.0,0.043666463,0.0,0.0,0.0,0.0,0.0,0.0,0.0,-0.001894132,0.0,0.009455762,0.0,-0.008288847,0.0,0.0,0.0,0.0,0.0,0.0,0.0,0.0,0.0,0.0,0.0,0.0,0.0,0.0,0.0,0.0,0.0,0.0,0.0,0.0,0.0,0.003049452,0.0,0.032363117,0.0,0.0,-0.004933933,0.0,0.0,0.0,0.0,0.0,-0.0020582406,0.0,0.0,-0.01011358,0.0,0.0059289057,0.0,-0.0077294377,0.0,0.018872848,0.0,0.028000118,0.0,0.011217366,0.0,0.008647074,0.0076793567,-0.003354614,0.0028957142,0.0,0.0,0.016152436,0.021423802,0.0,0.0,0.0063399994,0.0,0.0,0.0,0.0,0.0,-0.0027400304,0.0,-0.0069926158,0.0,-0.018047787,0.0,-0.0011505416,0.0,-0.0011432782,0.0,-0.0034459697,0.0,0.011890418,0.01653849,0.0,0.0,0.0,0.0,-0.005805759,0.0,0.0,0.0,0.0,0.0,0.0,0.0,0.0,0.0,0.0,0.0,0.0,0.0,0.0,0.0,0.0,0.0,0.0,0.0,0.009894383,0.0,0.0,0.0,0.0,0.0,0.0,0.0,0.0,0.0,0.0,0.0,0.0,0.0,0.0,0.0,0.0,0.0,0.0,0.0,0.0,0.0,0.0,0.0,0.00027197626,0.0,-0.0011513358,0.0,0.0032130473,0.0,0.0,-0.0067672716,0.0,0.0,0.0,0.0,-0.0015046392,0.0,-0.0024938805,-0.0027404404,-0.008161149,-0.002368761,0.0011461357,0.0,0.0,0.0
0.0,0.0,0.0,0.0,0.0,0.0,0.0,0.0,0.0,0.0,0.0,0.0,0.0,0.0,0.0,0.0,0.0,0.0,0.0,0.0,0.0,0.0,0.0,0.0,0.0,0.0,0.0,0.0,0.0,0.0,0.0,0.0,0.0,0.013591302,0.0,0.011937109,0.0,0.008395178,0.0,0.0,0.0,0.0,0.0,0.0,0.0,0.0,0.0,0.0,0.0,0.0,0.0,0.0006950808,0.0,0.0,0.0,0.0,0.0,0.0,0.0,0.0,0.0,0.014094557,0.0,0.0,0.004317948,-0.0042149406,0.0,0.0,0.0,-0.005659612,0.0,0.08338301,0.0,0.0844855,0.0,0.0,0.0,0.02814051,0.0,0.06384863,0.0,-0.0014968076,0.0,-0.0043962733,0.0,-0.0097940955,0.0,0.01914781,0.0,0.0,0.0,0.0,0.0,0.0,0.0,0.0,0.0,0.0,0.0,0.0,0.0,0.0,0.0,0.0,0.0,0.0,0.0,0.0,0.0,0.0,0.0,0.0,0.0,0.0,0.0,0.0,0.0,0.0,0.0,0.0,0.0,0.028676448,0.0,0.060034707,0.0,0.0,0.0,0.0,0.0,0.0,-0.001985549,0.0016874888,0.0,0.0,0.0,-0.0112946965,0.0,-0.015893523,0.0,-0.005570107,0.0,0.0077718305,0.0,0.001727552,0.0,0.029185181,-0.008549908,-0.008512607,0.0016161815,0.0046513155,0.0,0.0,-0.012970538,-0.007598923,0.0,-0.0017031375,0.0,0.05498172,0.0,0.0,-0.006479999,0.0,0.0,0.05745946,0.0,0.0014754339,0.0,-0.00041551984,0.0,0.010011728,0.0,0.0038598273,0.0,-0.0016107964,-0.010856525,-0.008311626,0.0,0.0,0.0,0.0,-0.0010884522,-0.00096313655,0.0,0.0,0.0,-0.0023800465,0.0,0.0,0.0,0.0,0.0,0.0,0.0,0.0,0.0,0.0,0.0,0.0,0.0,0.0,0.0,0.005438345,0.0,0.0,0.0,0.0,0.0,0.0,0.0,-0.019854723,0.0,0.0,0.0,0.0,0.0,0.0,-0.009976928,-0.013854813,0.0,0.0,0.0,0.0,0.0,0.011870758,0.0,0.0045685736,0.0,-0.00039415763,0.0,-0.008977623,0.0,-0.00059035356,0.0,0.0,0.0,0.0,0.0,-0.0015278651,0.0033922587,0.00015627647,0.0,-0.010986497,-0.004188701,0.004334814,0.0,-0.0013280697
0.0,0.0,0.0,0.0,0.0055834944,0.0,0.0,0.0,0.0,0.0,0.0,0.0,-0.0072369156,0.0,0.0,0.0,0.0,0.0,0.0,0.0,0.0,0.0,0.0,0.0,0.0,0.0,-0.021643212,0.0,0.0,0.0,-0.017536895,0.0,-0.018341282,0.0,-0.011444302,0.0,-0.032334574,0.0,-0.034128055,0.0,-0.018120665,0.0,0.008734816,0.0,-0.01697344,0.0,-0.012799127,0.0,-0.009426651,0.0,-0.017293472,0.0,-0.027809197,0.0,0.0,0.0,0.0,0.0,0.0,0.0,0.0050841724,0.0,-0.03070198,0.0,0.0,0.0,0.0,0.0,-0.052199952,0.0,-0.041764133,0.0,-0.023219813,0.0,-0.026735993,0.0,0.0,0.0,0.0047119376,0.0,-0.03016103,0.0,-0.015199766,0.0,-0.014219116,0.0,-0.020769184,0.0,0.0,0.0,-0.022240141,0.0,-0.024594523,0.0,-0.016969966,0.0,-0.025953261,0.0,0.0,0.0,0.0,0.0,-0.025951177,0.0,-0.014865472,0.0,-0.017132245,0.0,-0.0133733535,0.0,-0.014978173,0.0,0.0033880325,0.0,-0.006976555,0.0,-0.0059985756,0.0,-0.026844831,0.0,-0.010367954,0.0,-0.017884474,0.0,-0.023466306,0.0,-0.02832771,0.0,0.0,0.0,-0.020036297,0.0,-0.022482388,0.0,-0.02980253,0.0,-0.024579635,0.0,-0.039637182,0.0,-0.02356305,0.0,-0.027577564,0.0,-0.021388605,0.0,-0.025587995,0.0,-0.024975874,-0.023963248,-0.022255223,0.0,-0.024604421,0.0,-0.022556439,0.0,-0.045265544,0.0,-0.015956152,0.0,-0.019695567,0.0,-0.023058912,0.0,-0.020619405,0.0,-0.032430727,0.0,-0.020532861,0.0,-0.022011733,0.0,-0.04597205,0.0,-0.038830765,-0.02797181,-0.03515682,0.0,0.0,0.0,-0.009256464,0.0007432712,0.0,0.0,0.0,0.0,-0.0356967,0.0,-0.009099245,0.0,-0.02004229,0.0,-0.017528838,0.0,-0.03320259,0.0,-0.021440018,0.0,-0.019487763,0.0,-0.019813007,0.0,-0.009043278,0.0,-0.008952805,0.0,-0.02827425,0.0,-0.027016273,0.0,0.009164977,0.0,-0.017670387,0.0,-0.012708597,0.0,-0.026964866,-0.02784433,-0.0102135455,-0.026011163,-0.0085965255,0.0,-0.0012843747,-0.0102567915,-0.00022929868,0.0,-0.0006531792,0.0010181138,-0.020467188,0.0,-0.072417766,-0.042286936,-0.023673674,0.0,0.010725232,0.0,-0.019523116,-0.013815008,-0.012319015,-0.013458935,-0.0042218147,-0.021912396,-0.03767943,-0.020507468,-0.036375802,0.0
0.0,0.0,0.0,0.0,0.0,0.0,0.0,0.0,0.0,0.0,0.0,0.0,0.0,0.0,0.0,0.0,0.0,0.0,0.0,0.0,0.0,0.0,0.0,0.0,0.0,0.0,0.0,-0.010485248,0.0,0.0,0.0,0.0,0.0,-0.010382945,0.0,-0.010098538,0.0,-0.024961025,0.0,-0.012907573,0.0,0.0,0.0,-0.0015483664,0.0,-0.002768735,0.0,0.0,0.0,-0.0070690615,0.0,0.007182514,0.0,0.0,0.0,0.0,0.0,0.0,0.0,0.0,0.0,-0.027892146,0.0,0.0,-0.022213256,0.0,0.0,0.0,0.0,-0.027165199,0.0,0.023913184,0.0,0.03301849,0.0,0.022823794,0.0,0.0,0.0,0.030104313,0.0,-0.011535868,0.0,-0.0035587086,0.0,-0.0015656314,0.0,0.0014035115,0.0,0.0,0.0,0.0,0.0,-0.0020294837,0.0,-0.0066906856,0.0,-0.0041316184,0.0,0.002004191,0.0,0.0,0.0,0.0010229398,0.0,0.0021134492,0.0,0.0015956773,0.0,-0.00015225813,0.0,0.0,0.0,0.0,0.0,0.0,0.0,-0.002486145,0.0,-0.030501327,0.0,0.019664044,0.0,0.026087262,0.0,0.0,0.0,-0.0022444958,0.0,-0.005613521,-0.0033751482,-0.0016739954,0.0,0.0,0.0,0.010874467,0.0,-0.0069351173,0.0,0.0,0.0,-0.015963558,0.0,0.0049039377,0.0,-0.005750871,0.0,-0.003706929,-0.02132607,-0.018206097,0.0,-0.0014487195,0.0,-0.0035557316,0.0,-0.0112234205,0.0,-0.012382648,0.0,-0.013663021,0.0,-0.011555904,0.0,0.036159176,0.0,-0.008801108,0.0,-0.038781878,0.0,-0.014439327,0.0,0.0007957607,0.0,-0.032795664,-0.01187593,-0.02015853,0.0,-0.028374862,0.0,0.0,-0.009127643,0.005267225,0.0,0.0,0.0,0.0,0.0,0.0,0.0,0.00884619,0.0,0.007171757,0.0,-0.0026062417,0.0,-0.011709861,0.0,-0.006490595,0.0,-0.001164419,0.0,-0.000954169,0.0,0.007759651,0.0,-0.001255643,0.0,-0.00449882,0.0,-0.003755969,0.0,-0.01709286,0.0,-0.035365276,0.0,-0.011972634,0.0,-0.03729564,-0.0016143337,-0.0015701794,0.0,0.0041242773,0.017770166,0.008444801,0.0,0.01230686,0.0,-0.00047504835,0.0,0.010677232,0.0,0.0082591465,0.0,-0.0024920276,0.0,0.01710107,0.0,0.040544294,0.0,0.020824255,0.0,0.0149827525,0.0,-0.052659553,0.0,0.0014366681
0.0,0.0,0.0,0.0,0.0,0.0,0.0,0.0,0.0,0.0,0.0,0.0,0.0,0.0,0.0,0.0,0.0,0.0,0.0,0.0,0.0,0.0,0.0,0.0,0.0,0.0,0.0,0.0,0.0,0.0,0.0,0.0,0.0,0.0,0.025782539,0.0,0.0032709101,0.0,0.013868911,0.0,0.0,0.0,-0.0072663487,0.0,0.0,0.0,0.0,0.0,0.0,0.0,0.0063096355,0.0,0.0,0.0,0.0,0.0,0.0,0.0,0.0,0.0,0.008747543,0.0,0.0,0.0,0.0,0.0,0.0,0.0,0.009708345,0.0,0.052356865,0.0,0.055048447,0.0,0.050123964,0.0,0.004987432,0.0,0.0,0.0,0.0057960316,0.0,0.006106122,0.0,0.03928753,0.0,0.009965493,0.0,0.0,0.0,0.0,0.0,0.02482606,0.0,-0.009430697,0.0,0.0052082054,0.0,-0.0077362456,0.0,0.0,0.0,0.0014037067,0.0,-0.011311004,0.0,0.0012146372,0.0,0.0,0.0,0.0,0.0,0.0,0.0,0.0,0.0,-0.009255748,0.0,0.0,0.0,0.04805202,0.0,0.010159825,0.0,0.0,0.0,0.0,0.0,0.0,0.0,0.0,0.0,0.0,0.0,-0.019402185,0.0,-0.0065615894,0.0,0.0,0.0,-0.008584674,0.0,-0.0202176,0.0,0.049307067,0.0,-0.007586725,0.0,-0.0068679503,-0.0010448445,-0.0069630016,0.0,-0.010068956,0.0,0.0,0.0,0.034035914,0.0,0.0,0.0,0.0,0.0,0.024716409,0.0,-0.005286082,0.0,-0.002981792,0.0,0.001233366,0.0,-0.0069839107,0.0,-0.0024028462,0.0,0.0,0.0012189001,0.0,0.0,0.0,0.0,0.0,0.0,0.0,0.0,0.0,0.0,0.0,0.0,0.0,0.0,0.010701193,0.0,0.01615289,0.0,0.0,0.0,0.0,0.0,-0.0140381325,0.0,-0.012303063,0.0,0.0,0.0,-0.0055490774,0.0,-0.00092628505,0.0,-0.015615316,0.0,0.0,0.0,-0.0010191343,0.0,0.010072169,0.0,-0.01205422,0.0,-0.002957717,0.0,0.011870288,0.0,-0.0017191139,0.0,0.009400708,0.0,-0.009380885,0.0,0.0026233746,0.0,0.004508761,0.0,0.0,0.0,0.0,0.0,-0.011357038,0.0,0.012231126,0.0054873764,0.016198033,0.0,0.0013761787,0.0,0.0004451459,0.0
0.0,0.0,0.0,0.0,0.0,0.0,0.0,0.0,0.0,0.0,0.0,0.0,0.0,0.0,0.0,0.0,0.0,0.0,0.0,0.0,0.0,0.0,0.0,0.0,0.0,0.0,0.0,0.0,0.0,0.0,0.0,0.0,0.0,0.0,0.0,0.016799295,0.0,-0.005678231,0.0,0.0,0.0,0.0,0.0,0.0,0.0,0.0,0.0,0.0,0.0,0.0,0.0,0.008705378,0.0,0.0,0.0,0.0,0.0,0.0,0.0,0.0,0.0,6.8240006e-05,0.0,0.0,0.0,0.0,0.0,0.0,0.0,0.013104644,0.0,0.05117085,0.0,0.055153657,0.0,0.0635556,0.0,0.016622407,0.0,0.0,0.0,0.0021919124,0.0,0.0068486813,0.0,0.010125726,0.0,0.03506017,0.0,0.0,0.0,0.0,0.0,0.0,0.0,0.0040281415,0.0,-0.01593246,0.0,0.0,0.0,0.0,0.0,0.0,0.0,0.0,0.0,0.0,0.0,0.0,0.0,0.0,0.0,0.0,0.0,0.0,0.0,0.0,0.0,0.0,0.0,0.046391986,0.0,0.051096756,0.0,0.0,0.0,0.0,0.0,0.0,0.00492783,0.0,0.0,0.0,0.0,-0.0041319546,0.0,-0.011519152,0.0,0.0,0.0,-0.0020631393,0.0,0.015374397,0.0,0.012530944,0.0,0.0,0.007794536,0.008444048,0.0,0.0,0.0,0.0,0.0,0.0,0.0,0.026154187,0.0,0.0,0.0,0.0,0.0,0.0378219,0.0,0.021084264,0.0,-0.0054107006,0.0,0.011355727,0.0,0.010106765,0.0,0.004422909,0.008851012,0.008322257,0.0,0.0,0.0,0.0,0.0,0.005446022,0.0,0.0,0.0,0.0,0.0,0.0,0.0,0.0,0.0,0.0,0.0,0.0,0.0,0.0,0.0,0.0,0.0,-0.008384645,0.0,0.002730615,0.0,0.0,0.0,0.0,0.0,0.0,0.0,-0.015380829,0.0,0.0,0.0,0.0,0.0,0.0,0.0,0.0,0.0,0.0,0.0,0.0,0.0,0.0,0.0,0.0,0.0,-0.0028888136,0.0,0.007803273,0.0,0.007382498,0.0,0.0,0.0,0.0,0.0,0.0,0.0,0.013423967,0.0,0.0,0.0,-0.0075187734,0.0,0.0
0.0,0.0,0.0,0.0,0.0,0.0,0.0,0.0,0.0,0.0,0.0,0.0,0.0,0.0,0.0,0.0,0.0,0.0,0.0,0.0,0.017183494,0.0,0.0,0.0,0.0,0.0,0.0,0.0,-0.009602391,0.0,0.008246012,0.0,0.0,0.0,-0.0038585311,0.0,0.006271022,0.0,0.0,0.0,0.0,0.0,0.0,0.0,0.0,0.0,0.0,0.0,0.0,0.0,0.008171199,0.0,0.0,0.0,0.0,0.0,0.0,0.0,0.0,0.0,0.0,0.0,0.0,0.0,0.0,0.0,0.0,0.0,0.0,0.0,-0.009369252,0.0,-0.008315446,0.0,-0.00040009333,0.0,0.006547751,0.0,-0.008705138,0.0,0.0,0.0,0.00856735,0.0,0.028513376,0.0,0.016296556,0.0,-0.004789727,0.0,-0.004060875,0.0,-0.004003217,0.0,0.015467419,0.0,0.022223858,0.0,0.041947547,0.0,-0.0027070683,0.0,-0.0027303149,0.0,0.0,0.0,-0.015037997,0.0,0.0,0.0,0.0,0.0,0.0,0.0,0.0,0.0,0.0,0.0,0.0,0.0,-0.014465333,0.0,-0.0046430803,0.0,0.0,-0.0021066552,0.0,0.0,0.0,0.0,0.0,0.0,0.0,0.0,0.0,0.0,0.012433283,0.0,0.0,0.0,0.014614147,0.0,0.02197355,0.0,-0.011562969,0.0,0.0017371667,-0.00033234133,0.00072479516,0.0006856233,0.0,0.0,0.008813933,0.0,0.0,0.0,0.0,0.0,0.0,0.0,0.0,0.0,0.0,0.0,-0.004585199,0.0,0.0,0.0,-0.012881044,0.0,0.0,0.0,-0.00288523,0.0,0.020249363,0.012259198,0.0,0.0,0.0,0.0,0.0,0.0,0.0,0.0,0.0,0.0,0.0,0.0,-0.008847145,0.0,0.0070446976,0.0,0.0036442543,0.0,0.0,0.0,0.0057596783,0.0,0.0,0.0,-0.0032460636,0.0,0.0,0.0,0.0,0.0,0.0,0.0,0.0,0.0,0.0,0.0,0.0,0.0,0.0,0.0,0.0030805217,0.0,0.0,0.0,0.0,0.0,-0.0005453046,0.0,0.0015340912,0.0,0.004405385,0.0,-0.0023232107,0.0,0.0,0.0,0.0,0.0,0.0,0.0,0.0016072718,0.0,-0.0055485894,-0.0057640243,-0.003934041,0.0,0.004268565,0.0,0.0,0.0
0.0,0.0,0.0,0.0,0.0,0.0,0.0,0.0,0.0,0.0,0.0,0.0,0.0,0.0,0.0,0.0,0.0,0.0,0.0,0.0,0.0,0.0,0.0,0.0,0.0,0.0,0.0,0.0,0.0,0.0,0.0,0.0,0.0,0.0,0.0,0.012688508,0.0,-0.004866711,0.0,0.0,0.0,0.0,0.0,0.0,0.0,0.0,0.0,0.0,0.0,0.0,0.0,0.022763068,0.0,0.0,0.0,0.0,0.0,0.0,0.0,0.0,0.0,0.0,0.0,0.0,0.0,0.0,0.0,0.0,0.0,0.0026447868,0.0,-0.011370611,0.0,-0.012009543,0.0,-0.0095395865,0.0,-0.0010254888,0.0,-0.016444495,0.0,0.0,0.0,0.01816507,0.0,0.007412737,0.0,0.034350306,0.0,0.00784851,0.0,-0.008172364,0.0,-0.0011251724,0.0,0.030013466,0.0,-0.008737801,0.0,0.02863895,0.0,0.015312251,0.0,-0.008511855,0.0,0.0,0.0,-0.009065013,0.0,0.0,0.0,0.0,0.0,0.0,0.0,0.0,0.0,0.0,0.0,0.0,0.0,-0.0151703665,0.0,-0.016597662,-0.0062118056,0.0,0.0,0.0,0.0,0.0,-0.0056464067,0.0,0.0,0.0,0.0,-0.010396875,0.0,0.025047457,0.0,0.0,0.0,0.0293192,0.0,0.008897638,0.0,-0.0070949835,-0.01154367,-0.005762421,-0.007974077,-0.0029760355,0.0,-0.005516942,-0.0049034227,0.009785432,0.0,0.0,0.0,0.0,0.0,0.0,0.0,0.0,0.0,0.0,0.0,0.0012543123,0.0,-0.00046209496,0.0,-0.0019023076,0.0,0.0,0.0,-0.008099693,0.010255881,0.018639266,0.0,0.0,0.0,0.0,-0.01653991,-0.015546131,0.0,0.0,0.0,0.0,0.0,0.0,0.0,-0.0116150025,0.0,-0.008898238,0.0,-0.0028168056,0.0,0.0,0.0,-0.0041272044,0.0,0.0,0.0,-0.004540995,0.0,0.0,0.0,-0.006966741,0.0,0.0052918103,0.0,0.0,0.0,0.0,0.0,0.0,0.0,-0.017309232,-0.013241083,0.0018399935,0.0,0.0055176406,0.0,-0.00071888365,0.0,-0.0017084026,0.0,-0.007914145,0.0,0.011114104,0.0,0.0029595871,0.0,-0.007999626,0.0,0.0,0.0,0.0,0.0,-0.0054580537,0.0,-0.0151519105,0.0,-0.0050522825,-0.013436517,0.008502846,0.0,-0.010669518
0.0,0.0,0.0,0.0,0.0,0.0,0.0,0.0,0.0,0.0,0.0,0.0,0.0,0.0,0.0,0.0,0.0,0.0,0.0,0.0,0.0,0.0,0.0,0.0,0.0,0.0,0.021507831,0.0,0.0,0.0,0.0,0.0,0.0,0.0,0.0,0.0,-0.0049546114,0.0,0.0,0.0,0.0,0.0,0.029543739,0.0,0.0007541123,0.0,0.0,0.0,0.015492794,0.0,0.0224421,0.0,0.0,0.0,0.0,0.0,0.0,0.0,0.0,0.0,0.0,0.0,0.0,0.0,0.0,0.0,0.0,0.0,0.02897677,0.0,-0.0035381848,0.0,0.00021037266,0.0,0.015252916,0.0,0.009467397,0.0,0.017157234,0.0,0.033050854,0.0,0.0,0.0,0.035715565,0.0,0.038946956,0.0,0.0078117955,0.0,-0.000343981,0.0,0.0103115365,0.0,0.021829754,0.0,0.027645007,0.0,0.0050734757,0.0,0.0071253004,0.0,0.010193339,0.0,-0.00016196632,0.0,-0.0012167791,0.0,0.014571571,0.0,0.0,0.0,0.0024400642,0.0,0.0,0.0,0.014566721,0.0,0.0055651246,0.0,0.007370226,0.0,-0.007351951,0.0,0.0,-9.638495e-05,0.0,0.0,0.0,0.0,0.0,0.0,0.0,0.0,-0.006690866,0.0,-0.012730592,0.0,0.0,0.0,-0.0014187124,0.0,0.017781837,0.0,-0.006174151,0.0,-0.0075214338,-0.01278649,0.0,0.0,-0.0023148237,0.0,0.014488284,0.0,0.0,0.0,0.0,0.0,0.0,0.0,0.0,0.0,0.0,0.0,0.010983308,0.0,0.0,0.0,-0.005435223,0.0,0.0,0.0,0.0,0.0,0.018433657,0.0,0.008850013,0.0,0.0,0.0,0.024595061,0.012969707,0.0,0.0,0.0,0.0,0.0,0.0,0.007170802,0.0,0.013167444,0.0,0.0022381998,0.0,0.005425274,0.0,0.01566217,0.0,0.0006413406,0.0,-0.0012150711,0.0,0.0,0.0,0.007319623,0.0,-0.0026835136,0.0,0.0,0.0,0.013031857,0.0,0.02066478,0.0,0.026759522,0.0,0.01967343,0.0,0.0025139505,0.0,-3.588833e-05,0.0,0.021925362,0.012312058,0.0042873947,0.0,-0.00058312254,0.0,0.008433795,0.0,0.013301131,0.0,0.0,0.0,0.0015889058,0.0,0.006577563,0.0,-0.0056460393,0.0,0.01661716,0.0,0.0054309284,0.0,-0.0060868077,0.0
0.0,0.0,0.0,0.0,0.0,0.0,0.0,0.0,0.0,0.0,0.0,0.0,0.0,0.0,0.0,0.0,0.0,0.0,0.0,0.0,0.0,0.0,0.0,0.0,0.0,0.0,0.0,0.007082062,0.0,0.0,0.0,0.0,0.0,0.0,0.0,0.0,0.0,0.0,0.0,0.0,0.0,0.0,0.0,0.027721282,0.0,0.007238477,0.0,0.026860174,0.0,0.017638702,0.0,0.016710846,0.0,0.0,0.0,0.0,0.0,0.0,0.0,0.0,0.0,0.0,0.0,0.0,0.0,0.0,0.0,0.0,0.0,0.032368917,0.0,0.0,0.0,-0.0021362707,0.0,-0.0010758337,0.0,0.013714135,0.0,0.0198757,0.0,0.036230832,0.0,0.0,0.0,0.034018207,0.0,0.033107717,0.0,0.007658266,0.0,-0.00026150566,0.0,0.013910412,0.0,0.034162123,0.0,-0.0058681564,0.0,0.012867054,0.0,0.014533173,0.0,0.0074223126,0.0,0.0005626106,0.0,-0.0010159748,0.0,0.010370678,0.0,0.0065156873,0.0,0.0071755704,0.0,0.0,0.0,0.011583488,0.0,0.009340012,0.0,0.0334227,0.0,-0.0031524294,0.0,0.0,0.0,0.0,0.0,0.0,0.0,0.0,0.0,0.0,0.0,-0.00083301263,0.0,-0.0026993228,0.0,0.0,0.0,-0.0016216185,0.0,0.026790759,0.0,-0.000479158,0.0006440188,-0.006005679,0.005391675,0.0,0.0,-0.001335706,0.0,0.0115554035,0.0,0.0,0.0,0.0,0.0,0.0,0.0,0.0,0.0,0.0,0.0,0.021360785,0.0,0.0,0.0,0.010632275,0.0,0.0,0.0,0.0,0.0,0.015768925,0.0,0.019174647,0.0,0.0,0.022533681,0.014190685,0.0,0.0,0.0,0.0,0.0,0.0,0.0,0.0041045966,0.0,0.008488504,0.0,0.010284094,0.0,0.0012634493,0.0,0.012909485,0.0,0.0,0.0,0.008385553,0.0,0.013136788,0.0,0.009906368,0.0,0.006806168,0.0,-0.0047358624,0.0,0.0,0.0,0.02133318,0.0,0.031089306,0.0,0.030407608,0.0,-0.0022715598,0.0,-0.0026703696,0.021684427,0.018106401,0.0,-0.0002822053,0.0,-0.001466276,0.0,0.011572009,0.0,-0.0035573968,0.0,0.008870307,0.0,-0.004225133,0.0,0.0007893965,0.0010836347,0.0032063054,0.0,0.012676054,-0.0052452874,-0.011398344,0.0,-0.0052159647
0.0,0.0,0.0,0.0,0.0,0.0,0.0,0.0,0.0,0.0,0.0,0.0,0.0,0.0,0.0,0.0,0.02948313,0.0,0.0,0.0,0.007985729,0.0,0.013667412,0.0,0.034249708,0.0,0.0,0.0,0.008441038,0.0,0.00792877,0.0,0.012477468,0.0,0.023199107,0.0,-0.0009699114,0.0,0.009477355,0.0,0.0,0.0,0.0,0.0,0.0,0.0,0.0,0.0,0.0,0.0,0.00733488,0.0,0.0075803045,0.0,0.0,0.0,0.0,0.0,0.0,0.0,0.0,0.0,0.017216621,0.0,0.0,0.0,0.0,0.0,0.0,0.0,-0.008145711,0.0,-0.008783112,0.0,0.049141005,0.0,0.00084237545,0.0,0.017955683,0.0,0.070394956,0.0,0.028511578,0.0,0.0,0.0,0.04585791,0.0,0.0012460707,0.0,0.0053317617,0.0,0.0010818965,0.0,0.012355899,0.0,0.051166415,0.0,0.032025512,0.0,-0.0016548403,0.0,-0.0031207362,0.0,-0.00668043,0.0,-0.0023733124,0.0,0.0,0.0,0.0,0.0,0.0,0.0,0.0,0.0,0.0,0.0,0.0,0.0,0.014358434,0.0,0.02358434,0.0,0.0,0.0,-0.0027468249,0.0,0.0,0.0,0.0,0.0,0.0,0.0,0.017936358,0.0,0.01616995,0.0,-0.0057662977,0.0,0.033794653,0.0,0.04543081,0.0,-0.00026099867,0.0,0.009538535,0.0,0.0,-0.0015840563,0.0,0.0,0.040033665,0.0,0.0033509347,0.0,0.0,0.0,0.0,0.0,0.0,0.0,0.0,0.0,0.0,0.0,-0.0022743512,0.0,-0.0064822715,0.0,0.0,0.0,0.0,0.0,0.0,0.0,0.0,0.0,0.0,0.0,0.0,0.0,0.0,0.0,0.0,0.0,0.0,0.0,0.0,0.0,0.0,0.0,0.0,0.0,0.0,0.0,0.0,0.0,-0.009841482,0.0,0.0026388385,0.0,0.0,0.0,0.005218985,0.0,0.0,0.0,0.0054238425,0.0,0.0,0.0,0.0,0.0,0.0,0.0,0.007291767,0.0,0.0,0.0,0.0,0.0,0.00022301827,0.0,-0.0010229197,0.0,0.0010613569,0.0,0.0026257057,0.0,0.0,0.0,0.0,0.0,0.0,0.0,0.0,0.0,0.0,0.0,0.0,0.0,0.009413574,0.0,0.0,0.0
0.0,0.0,0.0,0.0,0.0,0.0,0.0,0.0,0.0,0.0,0.0,0.0,0.0,0.0,0.0,0.0,0.0,0.0,0.0,-0.0033978776,0.0,0.008965306,0.0,0.0,0.0,0.0,0.0,0.021447837,0.0,0.0,0.0,0.015724245,0.0,0.025315344,0.0,0.015733136,0.0,-0.00220445,0.0,0.0,0.0,0.0,0.0,0.0,0.0,0.0,0.0,0.0,0.0,0.0,0.0,0.014863141,0.0,0.0,0.0,0.0,0.0,0.0,0.0,0.0,0.0,0.0,0.0,0.0,0.0,0.0,0.0,0.0,0.0,0.0,0.0,-0.015624902,0.0,-0.013946703,0.0,-0.013795391,0.0,-0.0028955087,0.0,0.00529341,0.0,0.041434754,0.0,0.04047034,0.0,0.0,0.0,0.020900734,0.0,0.0029191282,0.0,0.009837622,0.0,0.0016523275,0.0,0.022398507,0.0,0.015643565,0.0,0.029724373,0.0,0.012611477,0.0,0.0022636733,0.0,0.0,0.0,0.0013167439,0.0,0.0,0.0,0.0,0.0,0.0,0.0,0.0,0.0,0.0,0.0,0.0,0.0,0.026053742,0.0,-0.008100265,0.0,0.0,0.0,0.0,0.0,0.0,0.0,0.0,0.0,0.0,0.0,-0.0056242417,0.0,0.017834304,0.0,0.0,0.0,0.020793451,0.0,0.039506502,0.0,0.00042295363,0.0,0.0,0.0,0.0,0.0,0.0,0.0,0.0,0.0,0.0,0.0,0.0,0.0,0.0,0.0,0.0,0.0,0.0,0.0,-0.007952295,0.0,-0.0063040666,0.0,-0.0032280618,0.0,0.0,0.0,0.0,0.0,0.0,0.0,0.0,0.0,0.0,0.0,0.0,0.0,0.0,0.0,0.0,0.0,0.0,0.0,0.0,0.0,0.0,0.0,0.0,0.0,0.0,0.0,0.0,0.0,-0.019899638,0.0,-0.009140855,0.0,0.0,0.0,-0.0053062476,0.0,0.0,0.0,-0.008106131,0.0,0.0,0.0,0.0,0.0,0.0,0.0,0.008747149,0.0,0.0,0.0,0.0,0.0,-0.004523823,0.0,0.0,0.0,-0.00013297221,0.0,0.008424216,0.0,0.0,0.0,0.0,0.0,0.0,0.0,0.0,0.0,0.0,0.0,-0.0015476819,0.0,0.0,0.0,0.0
0.0,0.0,0.0,0.0,0.0,0.0,0.0,0.0,0.0,0.0,0.0,0.0,0.0,0.0,0.0,0.0,0.0,0.0,0.0,0.0,0.0,0.0,0.0,0.0,0.0,0.0,0.0,0.0,0.0,0.0,0.0,0.0,0.0071584783,0.0,0.009369588,0.0,-0.011061122,0.0,0.0,0.0,0.0,0.0,0.0,0.0,0.0,0.0,0.0,0.0,0.0,0.0,0.02202636,0.0,0.0,0.0,0.0,0.0,0.0,0.0,0.0,0.0,0.0,0.0,0.0,0.0,0.0,0.0,0.0,0.0,0.008480658,0.0,-0.008032586,0.0,-0.0014497155,0.0,0.043667298,0.0,-0.004337239,0.0,0.011236218,0.0,0.03754589,0.0,0.023389531,0.0,0.044934444,0.0,0.0,0.0,0.0,0.0,-0.012494739,0.0,-0.005881059,0.0,0.0016727389,0.0,0.0013874412,0.0,-0.010045393,0.0,-0.0013582609,0.0,-0.0013733482,0.0,0.0,0.0,0.0,0.0,0.0,0.0,0.0,0.0,0.0,0.0,0.0,0.0,0.0,0.0,0.0,0.0,0.010083005,0.0,0.029517392,0.0,0.0,0.0013967942,0.0,0.0,0.0,0.0,0.0,0.0,0.0,0.0,-0.0050986633,0.0,-0.004315054,0.0,0.0,0.0,0.013265695,0.0,0.04001779,0.0,-0.0068192496,0.0,0.00094342564,0.0,-0.0057322294,-0.0034235702,0.020097233,0.0,0.03238401,0.0,0.0,0.0,9.232428e-05,0.0,0.0,0.0,0.0,0.0,0.0057850457,0.0,0.0074177133,0.0,-0.011292993,0.0,-0.006956867,0.0,0.0010079842,0.0,-0.005485864,0.0,0.0,0.02049593,0.0,0.0,0.0,0.0,0.0,0.0,0.0,0.0,0.0,0.0,0.0,0.0,0.0,0.0,0.0,0.0,0.0,0.0,0.0,0.0,0.0,0.0,0.0035298069,0.0,0.0017558839,0.0,0.0,0.0,0.008291696,0.0,0.0,0.0,0.0,0.0,0.0,0.0,0.0,0.0,0.0,0.0,0.0,0.0,0.0,0.0,0.008307834,0.0,0.0030637034,0.0,0.0035035857,0.0,0.0051864265,0.0,0.011337602,0.0,-0.006603243,0.0,0.0,0.0,0.0,0.0,-0.0043306565,0.0,0.006186602,0.0,0.007455933,0.0,-0.0007838269,0.0,0.0,0.0
0.0,0.0,0.0,0.0,0.0,0.0,0.0,0.0,0.0,0.0,0.0,0.0,0.0,0.0,0.0,0.0,0.0,0.0,0.0,0.0,0.0,0.0,0.0,0.0,0.0,0.0,0.0,0.007382258,0.0,0.0,0.0,0.0,0.0,0.0,0.0,0.0056058154,0.0,-0.00955087,0.0,0.0,0.0,0.0,0.0,-0.009344704,0.0,-0.0102191605,0.0,0.0,0.0,0.0,0.0,0.003098303,0.0,0.0,0.0,0.0,0.0,0.0,0.0,0.0,0.0,0.0017569378,0.0,0.0,0.0,0.0,0.0,0.0,0.0,0.009709286,0.0,0.0069597405,0.0,0.0070184194,0.0,0.017165842,0.0,0.016372997,0.0,0.039375275,0.0,0.031401657,0.0,0.01842275,0.0,0.008819829,0.0,0.0,0.0,-0.00017749588,0.0,-0.013676062,0.0,0.001748164,0.0,0.004344316,0.0,-0.02333266,0.0,-0.005358809,0.0,0.0038344464,0.0,0.0,0.0,0.0,0.0,-0.011573766,0.0,0.0,0.0,0.0,0.0,0.0,0.0,0.0,0.0,0.0,0.0,0.0,0.0,0.033046406,0.0,0.013430136,0.0,0.0,0.0,0.0,0.0,0.0,0.002267147,0.0,0.0,0.0,0.0,-0.0115280915,0.0,0.00647291,0.0,0.0,0.0,0.007050157,0.0,0.02178956,0.0,-0.0015764826,-0.0023571905,0.0,0.0009179409,0.010192225,0.0,0.0,0.0,0.0196726,0.0,0.0,0.0,0.0029153295,0.0,0.0,0.0,0.0,0.0,0.0040658284,0.0,-0.00022938239,0.0,-0.004998389,0.0,0.0006087368,0.0,0.0027624003,0.0,-0.0022779258,0.019274184,0.025316464,0.0,0.0,0.0,0.0,0.0,0.0010189923,0.0,0.0,0.0,0.0,0.0,0.0,0.0,0.0,0.0,0.0,0.0,0.0,0.0,0.0,0.0,0.008626582,0.0,-0.012469677,0.0,-0.008104083,0.0,0.0,0.0,0.0,0.0,0.0,0.0,-0.005539874,0.0,0.0,0.0,0.0,0.0,0.0,0.0,0.00035599706,0.0,-0.0028326267,0.0,0.0,0.0,0.0013771964,0.0,0.0007989899,0.0,-0.0052624024,0.0,0.00687643,0.0,0.0020715974,0.0,0.0,0.0,0.0,0.0,-0.0035705084,0.0,0.0016705493,0.0,-0.0020986644,0.0,-0.0010729837,0.0,-0.0003843749
0.0,0.0,0.0,0.0,0.0,0.0,0.0,0.0,0.0,0.0,0.0,0.0,0.0,0.0,0.0,0.0,0.0,0.0,0.0,0.0,0.0,0.0,0.0,0.0,0.0,0.0,0.0,0.0,0.0,0.0,0.0,0.0,0.0,0.0,0.0,0.0,0.0,0.0,0.0,0.0,0.0,0.0,0.0,0.0,0.0,0.0,0.0,0.0,0.0,0.0,0.0,0.0,0.0,0.0,0.0,0.0,0.0,0.0,0.0,0.0,0.0,0.0,0.0,0.0,0.0,0.0,0.0,0.0,0.010513179,0.0,0.0,0.0,0.0,0.0,0.0,0.0,0.0,0.0,0.0,0.0,-0.008525248,0.0,-0.0012373681,0.0,0.0074579287,0.0,0.0,0.0,0.0,0.0,0.037457556,0.0,0.008505372,0.0,-0.022719664,0.0,0.0003822233,0.0,-0.009311798,0.0,-0.01537736,0.0,0.00060088595,0.0,0.009705707,0.0,0.038795553,0.0,-0.0049097366,0.0,0.0068081142,0.0,0.0034884932,0.0,0.002030883,0.0,0.0008160408,0.0,0.0020736714,0.0,0.0,0.0,0.0,0.0,0.0,0.0,0.012139398,0.010761078,0.0,0.0,0.0,0.0,0.0044020526,0.0,0.007525638,0.0,0.012450427,0.0,0.0,0.0,-0.0036853952,0.0,-0.01814825,0.0,0.0,0.0,0.0037965141,0.009014488,0.0,0.0,-0.011882852,0.00066183944,-0.0066342023,0.00042518985,0.0,0.0,0.0,0.0,0.0,0.0,0.0,0.0,0.0,0.0,0.0,0.0,0.0,0.0,0.0,0.0,0.0,0.0,0.0,0.0,0.0,0.0,0.0,0.0,0.0,0.0,-0.004844686,-0.0040674238,0.0,0.0,0.0,0.0,0.0,0.0,0.0154877165,0.0,-0.0037460157,0.0,-0.0040148655,0.0,-0.00041659965,0.0,-0.0043213344,-0.00058707345,0.007841011,0.0,0.0061788396,0.0,0.0,0.0,0.026817607,0.0,-0.000912455,0.0,0.009115808,0.0,0.0,0.0,0.005940119,0.0,0.009381249,0.0,0.006714246,0.0,-0.01213752,0.0,0.0,0.0,-0.007812696,0.0,0.0060163797,0.0,0.0011176673,0.0,0.004089177,0.0,0.015777657,0.0,0.0,0.0,0.0,0.0,0.0054439213,0.0,0.012504892,0.009936124,0.00880899,0.00581464,0.009288136,0.0,0.0,0.0
0.0,0.0,0.0,0.0,0.0,0.0,0.0,0.0,0.0,0.0,0.0,0.0,0.0,0.0,0.0,0.0,0.0,0.0,0.0,0.0,0.0,0.0,0.0,0.0,0.0,0.0,0.0,0.0,0.0,0.0,0.0,0.0,0.0,0.0,0.0,0.0,0.0,0.0,0.0,0.0,0.0,0.0,0.0,0.0,0.0,0.0,0.0,0.0,0.0,-0.030972663,0.0,0.0,0.0,0.0,0.0,0.0,0.0,0.0,0.0,0.0,0.0,0.0,0.0,0.0,0.0,0.0,0.0,0.0,0.0,-0.00803918,0.0,0.0,0.0,0.0,0.0,0.0,0.0,0.0,0.0,0.0,0.0,-0.008836814,0.0,-0.007632004,0.0,-0.021595487,0.0,-0.0012692864,0.0,0.0,0.0,-0.023378178,0.0,-0.018598637,0.0,-0.02486009,0.0,-0.009460041,0.0,-0.010925526,0.0,-0.027663488,0.0,-0.021375062,0.0,-0.012390179,0.0,-0.014340803,0.0,-0.017569603,0.0,-0.026658807,0.0,-0.010980831,0.0,-0.009889868,0.0,-0.004339881,0.0,-0.0076206764,0.0,0.0,0.0,0.0,0.002856455,0.0,-0.0077614035,-0.011590957,0.0,0.0,0.0,0.0,0.0,0.0,0.0,-0.011765476,0.0,-0.012715572,0.0,0.0,0.0,0.0,0.0,-0.0059299786,0.0,0.0,-0.0010697263,-0.013860243,-0.0041237962,0.0,-0.003003748,-0.010231447,-0.0023718474,-0.012738611,0.0,0.0,0.0,0.0,0.0,0.0,0.0,0.0,0.0,0.0,0.0,-0.001487483,0.0,0.0,0.0,0.002257955,0.0,0.0,0.0,0.0,-0.008279018,-0.009351057,0.0,0.006815355,0.0,0.0,-0.0060049756,-0.007658136,0.0,0.0,0.0,0.0,0.0,0.0,0.0,-0.01289747,0.0,-0.0077027264,0.0,-0.013494976,0.0,-0.010394825,-0.0062477253,-0.009058957,0.0,-0.02300731,0.0,-0.009007627,0.0,0.0,0.0,-0.016464269,0.0,-0.017051559,0.0,-0.017104222,0.0,0.0155170495,0.0,-0.0010232907,0.0,-0.007415675,-0.008959542,-0.0056423093,0.0,-0.0053763934,0.0,-0.0064441287,-0.02019621,-0.018662117,0.0,-0.011675941,0.0,-0.004428516,0.0,0.006045938,0.0,-0.00014504393,0.0,0.001176939,0.0,0.0,0.0,0.007027046,0.011801392,-0.0021213866,0.0,0.0005529925,-0.0038340644,-0.009928421,0.0,0.006255683
0.0,0.0,0.0,0.0,0.0,0.0,0.0,0.0,0.0,0.0,0.0,0.0,0.0,0.0,0.0,0.0,0.0,0.0,0.0,0.0,0.0,0.0,0.0,0.0,0.0,0.0,0.0,0.0,0.0,0.0,0.0,0.0,0.0,0.0,0.0,0.0,0.0,0.0,0.0,0.0,0.0,0.0,0.0,0.0,0.0,0.0,0.0,0.0,0.0,0.0,0.0,0.0,0.0,0.0,0.0,0.0,0.0,0.0,0.0,0.0,0.0,0.0,0.0,0.0,0.0,0.0,0.0,0.0,0.001496184,0.0,0.0,0.0,0.0,0.0,0.0,0.0,0.0031534666,0.0,0.0,0.0,-0.016940247,0.0,-0.0112103475,0.0,-0.0010010392,0.0,-0.020873498,0.0,0.022323707,0.0,0.0,0.0,0.007918713,0.0,-0.0095493235,0.0,0.027267756,0.0,0.010006128,0.0,0.010185952,0.0,0.0029303054,0.0,0.007882297,0.0,0.033948235,0.0,0.0053663426,0.0,0.00019382052,0.0,-0.00014957185,0.0,0.00045148598,0.0,-0.0062336163,0.0,-0.014933696,0.0,0.0,0.0,-0.016503146,0.0,0.0,0.0062486655,0.01906445,0.013597045,0.0,0.0,0.0,0.0,0.007508386,0.0,0.01577937,0.0,0.012733209,0.0,0.0,0.0,0.0,0.0,-0.029874368,0.0,0.0,0.0,0.005273049,0.00665992,0.0040417267,-0.009955698,-0.018857414,-0.012101077,-0.014853229,-0.014937093,0.0,0.0,0.0,0.0,0.0,0.0,0.0,0.0,0.0,0.0,0.0,0.0,0.0,0.0,0.0025190993,0.0,0.0,0.0,0.0,0.0,-0.018485095,-0.018805692,0.0,0.0,0.0,0.0,-0.0014340768,-0.0033165824,0.0,0.0,0.0,0.0,0.0,0.0,0.010098786,0.019674206,-0.013486278,-0.011901837,0.011318953,0.0,-0.01900016,0.0,-0.009616557,-0.005195769,0.009608316,0.0,0.008385588,0.0,0.0,0.0,0.024673246,0.0,0.008833337,0.0,0.016869856,0.0,0.0,0.0,0.0026283036,0.0,0.0036791093,0.0,0.000371799,0.0042982795,0.008204319,0.0,0.006543022,0.0,0.0010826642,0.00061450846,0.0041234586,0.0,0.0033023336,0.0,-0.0082565695,0.0,0.010075968,0.0,0.0,0.0,0.0,0.0,0.0052977544,-0.0039107655,0.014360383,0.00085930695,0.012653686,-0.001207689,0.009993274,0.011968397,0.0,0.0
0.0,0.0,0.0,0.0,0.0,0.0,0.0,0.0,0.0,0.0,0.0,0.0,0.0,0.0,0.0,0.0,0.0,0.0,0.0,0.0,0.0,0.0,0.0,0.0,0.0,0.0,0.0,0.0,0.0,0.0,0.0,0.0,0.0,0.0,0.0,0.0,0.0,0.0,0.0,0.0,0.0,0.0,0.0,0.0,0.0,0.0,0.0,0.0,0.0,0.0,0.0,0.0,0.0,0.0,0.0,0.0,0.0,0.0,0.0,0.0,0.0,0.0,0.0,0.0,0.0,0.0,0.0,0.0,0.0,-0.003445477,0.0,0.0,0.0,0.0,0.0,0.0,0.0,0.0,0.0,0.0,0.0,-0.01016281,0.0,-0.008129093,0.0,-0.0014004719,0.0,-0.024295256,0.0,-0.0058374093,0.0,0.0,0.0,-0.004784494,0.0,0.0016470912,0.0,0.041923974,0.0,0.02151834,0.0,0.004409525,0.0,0.011926046,0.0,0.0043141185,0.0,0.0040631327,0.0,0.007979512,0.0,0.0088512,0.0,0.015744813,0.0,0.0,0.0,0.0,0.0,-0.002676353,0.0,0.0,0.0,0.0,0.0,0.0,0.0,0.004365098,0.0,0.0,0.0,0.0,0.0,0.0,0.0,0.011061402,0.0,0.005971929,0.0,0.0,0.0,0.0,0.0,-0.017309245,0.0,0.0,-0.01257338,-0.0012093752,-0.015731078,0.0,0.0,-0.002515112,0.0,0.0,0.0,0.0,0.0,0.0,0.0,0.0,0.0,0.0,0.0,0.0,0.0,0.0,0.0,0.0,0.0,-0.0066394433,0.0,0.0,0.0,0.0,0.0,0.0,0.0,0.0,0.0,0.0,0.005809305,0.0015382598,0.0,0.0,0.0,0.0,0.0,0.0,0.0,0.00025793776,0.0,-0.012069156,0.0,-0.017392745,0.0,-0.010210951,0.0,-0.0049017314,0.0,0.004704324,0.0,-0.010353672,0.0,-0.0058667744,0.0,0.0022026075,0.0,-0.016133461,0.0,0.02507002,0.0,0.0,0.0,0.00094043894,0.0,0.0002917285,-0.012481559,0.0021658929,0.0,0.008839731,0.0,0.0,0.005143066,-0.0074083456,0.0,-0.0034973614,0.0,0.004938107,0.0,-0.0053433464,0.0,0.0,0.0,0.0,0.0,0.0,0.0,0.002019444,0.0,-0.0016108458,0.0,-0.0013344764,0.0,-0.0018586067,0.0,0.0
0.0,0.0,0.0,0.0,0.0,0.0,0.0,0.0,0.0,0.0,0.0,0.0,0.0,0.0,0.0,0.0,0.0,0.0,0.0,0.0,0.0,0.0,0.0,0.0,0.0,0.0,0.024247918,0.0,0.0,0.0,0.0,0.0,0.0,0.0,0.0,0.0,0.0,0.0,0.0,0.0,0.0,0.0,0.010374547,0.0,0.0,0.0,0.0,0.0,-0.011911057,0.0,0.020274619,0.0,0.0,0.0,0.0,0.0,0.0,0.0,0.0,0.0,0.0,0.0,0.0,0.0,0.0,0.0,0.0,0.0,0.01031918,0.0,0.0,0.0,0.0,0.0,0.0,0.0,2.9557888e-05,0.0,0.0039400244,0.0,0.008346792,0.0,0.021259487,0.0,0.010177985,0.0,0.013426424,0.0,-0.00509659,0.0,-0.0007034853,0.0,0.0,0.0,0.008660565,0.0,0.005449698,0.0,-0.007729158,0.0,-0.0026351556,0.0,0.007342312,0.0,-0.0036865969,0.0,0.0045800167,0.0,0.0034104108,0.0,0.0002889662,0.0,0.0023626317,0.0,-0.0028296371,0.0,0.015130918,0.0,0.010984,0.0,0.0,0.0,0.008040207,0.0,0.0,0.0,0.0,-0.00206555,0.0,0.0,0.0,0.0,0.0,0.0,-0.003250179,0.0,-0.0011106231,0.0,0.0,0.0,0.0,0.0,0.0155433295,0.0,0.0,0.0,0.001887865,-0.002578236,0.0,0.0,0.007908543,0.0,0.004773069,0.0,0.0,0.0,0.0,0.0,0.0,0.0,0.0,0.0,0.0,0.0,0.0027456398,0.0,0.0,0.0,0.0020632828,0.0,0.0,0.0,0.0,0.0,0.0011099398,0.0047522523,-0.0019410611,0.010239446,0.0,0.0,0.0046398905,0.0,0.0,0.0,0.0,0.0,-0.008117789,0.0,0.00065623276,0.0,0.016883327,0.0,-0.013450998,0.0,0.006870949,0.0,0.017077858,0.0,-0.002123511,0.0,0.002900732,0.0,0.0,0.0,-0.0006647279,0.0,-0.0048180167,0.0,-0.0017611487,0.0,0.011913762,0.0,0.013180103,0.0,0.017337508,0.0,0.008909564,0.0,-0.0061813393,0.0010674355,0.00900934,0.0,-0.003562374,-0.015639551,0.0018681886,0.0,0.0002615601,0.0,0.014641537,0.0,0.0033947218,0.0,0.0012807323,0.0,0.0071920324,0.0,1.2203742e-05,-0.00028992107,0.0055702366,0.0050459323,-0.002085581,0.0011779505,-0.0010451063,0.0,0.01130997,0.0
0.0,0.0,0.0,0.0,0.0,0.0,0.0,0.0,0.0,0.0,0.0,0.0,0.0,0.0,0.0,0.0,0.0,0.0,0.0,0.0,0.0,0.0,0.0,0.0,0.0,0.0,0.0,0.0,0.0,0.0,0.0,0.0,0.0,0.0,0.0,0.0,0.0,0.0,0.0,0.0,0.0,0.002380169,0.0,-0.014972329,0.0,-0.0076982155,0.0,0.014793045,0.0,-0.018668178,0.0,-0.009969115,0.0,0.0,0.0,0.0,0.0,0.0,0.0,0.0,0.0,0.0,0.0,0.0,0.0,0.0,0.0,0.0,0.0,0.016988356,0.0,0.0,0.0,0.0,0.0,0.0,0.0,0.012587826,0.0,0.0,0.0,-0.007744353,0.0,0.0057710893,0.0,-0.008345044,0.0,-2.733352e-05,0.0,0.00084947585,0.0,-0.0059003243,0.0,0.0,0.0,-0.010577086,0.0,-0.0026450267,0.0,-0.011140843,0.0,0.0031979748,0.0,-0.0035932935,0.0,-0.0011807668,0.0,0.0028859982,0.0,-0.0020803455,0.0,-0.0018972476,0.0,-0.006328117,0.0,0.0023628466,0.0,0.0069105243,0.0,-0.00019627312,0.0,0.0,0.0,0.0,0.010844453,0.0,-0.0023400544,-0.0067360047,0.0,0.0,0.0,0.0,0.0,0.0,0.0,-0.01713204,0.0,-0.010217587,0.0,0.0,0.0,0.0,0.0,0.0,0.0,0.0,-0.0020022527,-0.0033389465,0.0061417096,0.0,0.0,-0.0027226664,0.0,-0.003921539,0.0,0.0,0.0,0.0,0.0,0.0,0.0,0.0,0.0,0.0,0.0,-0.0049473247,0.0,0.0,0.0,0.011847986,0.0,0.0,0.0,0.0,0.0,-0.007247652,-0.004981304,0.012413061,0.0,-0.0062635224,0.0,0.002362538,0.0,0.0,0.0,0.0,-0.009762764,-0.0065344907,0.0,-0.0047770925,0.0,0.0011161208,0.0,-0.012447738,0.0,0.003473633,0.0,0.0073348605,0.0,-0.018218884,0.0,-0.008137017,0.0,0.0,0.0,-0.0047080135,0.0,-0.016910782,0.0,-0.008862241,0.0,0.03916991,0.0,0.009810061,0.0,-0.00034967298,-0.0034731615,0.0033511415,-0.0005583843,-0.0019747687,0.0,0.0091999695,0.0012464949,-0.0048561185,0.0,-0.002561143,0.0,0.0062791384,0.0,0.006156497,0.0,0.004355111,0.0,0.013455337,0.0,-0.0020353054,0.0020694756,0.0030483413,-0.002367473,0.0012850061,0.0,-0.0050171097,-0.0015749839,0.013015016,0.0,0.0017525578
0.0,0.0,0.0,0.0,0.0,0.0,0.0,0.0,0.0,0.0,0.0,0.0,0.0,0.0,0.0,0.0,0.0,0.0,0.0,0.0,0.0,0.0,0.0,0.0,0.0,0.0,0.0,0.0,0.0,0.0,0.0,0.0,0.0,0.0,0.0,0.0,0.0,0.0,0.0,0.0,0.0,0.0,0.0,0.0,0.0,0.0,0.0,0.0,0.0,0.0,0.0,0.0,0.0,0.0,0.0,0.0,0.0,0.0,0.0,0.0,0.0,0.0,0.0,0.0,0.0,0.0,0.0,0.0,0.0078688925,0.0,0.0,0.0,0.0,0.0,-0.00897855,0.0,-0.010247665,0.0,-0.009522881,0.0,0.024556594,0.0,0.011336685,0.0,-0.0008273611,0.0,-0.0023271558,0.0,-0.007010917,0.0,0.0025032854,0.0,0.0024073757,0.0,0.0,0.0,0.016419606,0.0,0.028720468,0.0,0.009198592,0.0,0.0029307732,0.0,-0.008145709,0.0,-0.0070102564,0.0,0.0057420693,0.0,0.0,0.0,0.0040634205,0.0,0.0,0.0,0.0,0.0,0.007902742,0.0,-0.009147449,0.0,-0.0014625776,0.0,0.0,0.0,0.0,0.0,0.0,0.0,0.0,0.0,0.0,0.0,0.0,0.0,0.0063260733,0.0,0.0,0.0,0.015949883,0.0,0.0077699963,0.0,0.0,0.0,-0.001445675,0.0,0.0,0.0,0.0015464147,0.0,0.004956723,0.0,0.0,0.0,0.0,0.0,0.0,0.0,0.0,0.0,0.0,0.0,0.0018877839,0.0,0.0,0.0,0.0,0.0,0.0,0.0,0.0,0.0,0.0104658725,0.003502583,0.0,0.0,0.0,0.0,0.0032407818,0.0,0.0,0.0,0.0,0.0,0.0,0.0,-0.0010827254,0.0,0.0068063024,0.0,-0.015068159,0.0,0.0044374075,0.0,0.0051307,0.0,0.0,0.0,-0.0043954733,0.0,0.0,0.0,-0.007928164,0.0,0.0,0.0,0.0,0.0,0.0,0.0,-0.0029608423,0.0,0.0049060346,0.0,0.0120177325,0.0,-0.006687615,0.0,0.0,0.0,-0.0035441602,0.0,0.0107376445,0.0,0.007391248,0.0,0.0155225145,0.0,0.0035387513,0.0,0.0,0.0,0.0,0.0,0.007621438,0.0,0.0020474195,0.0,0.00041286155,0.007831492,0.0011501961,0.0,0.0,0.0
0.0,0.0,0.0,0.0,0.0,0.0,0.0,0.0,0.0,0.0,0.0,0.0,0.0,0.0,0.0,0.0,0.0,0.0,0.0,0.0,0.0,0.0,0.0,0.0,0.0,0.0,0.0,0.015001671,0.0,0.0,0.0,0.0,0.0,0.0,0.0,0.0,0.0,0.0,0.0,0.0,0.0,0.0,0.0,0.0,0.0,0.0,0.0,0.0,0.0,0.0,0.0,0.0,0.0,0.0,0.0,0.0,0.0,0.0,0.0,0.0,0.0,0.0,0.0,0.0,0.0,0.0,0.0,0.0,0.0,0.0003803169,0.0,0.0,0.0,0.0,0.0,0.0,0.0,0.0015630889,0.0,0.0025941974,0.0,0.011683871,0.0,0.009965823,0.0,-0.007370674,0.0,0.004445435,0.0,-0.012742073,0.0,-0.0029328794,0.0,-0.01629819,0.0,0.0,0.0,0.0022629919,0.0,0.009687297,0.0,-0.00034634798,0.0,-0.017582588,0.0,-0.011228689,0.0,-0.01600432,0.0,-0.018064907,0.0,-0.022148011,0.0,-0.017150443,0.0,0.0,0.0,0.0,0.0,-0.010109455,0.0,-0.004730118,0.0,0.0,0.0,0.0,0.0,0.0,0.0,0.0,0.0,0.0,0.0,0.0,0.0,-0.0147605,0.0,-0.0013466825,0.0,0.0,0.0,0.0,0.0,-0.0048426744,0.0,0.0,-0.0026140788,-0.004438852,-0.017475985,0.0,0.0,-0.011989198,0.0,-0.0096836025,0.0,0.0,0.0,0.0,0.0,0.0,0.0,0.0,0.0,0.0,0.0,-0.0038539271,0.0,0.0,0.0,0.0,0.0,0.0,0.0,0.0,0.0,0.0,0.0,0.0,0.0,0.0,0.0,-0.016027046,0.0,0.0,0.0,0.0,0.0,0.0,0.0,-0.013858575,0.0,-0.009564478,0.0,-0.015199626,0.0,-0.0107524255,0.0,-0.007442917,0.0,0.0,0.0,-0.016549084,0.0,0.0,0.0,-0.017148944,0.0,-0.015803441,0.0,0.0,0.0,0.0,0.0,-0.005277492,0.0,-0.006509291,0.0,-0.005176936,0.0,0.0019159403,0.0,0.0,-0.014275496,-0.011019833,0.0,0.0046256795,0.0,0.0028664109,0.0,0.00954672,0.0,-0.00012690976,0.0,0.0,0.0,0.0,0.0,-0.009245539,0.0,0.0018924488,0.0,-0.0057114777,0.0,-0.012611237,0.0,0.002692822
0.0,0.0,0.0,0.0,0.0,0.0,0.0,0.0,0.0,0.0,0.0,0.0,0.0,0.0,0.0,0.0,0.00469885,0.0,0.0,0.0,0.02065893,0.0,0.0,0.0,0.02268397,0.0,0.0,0.0,-0.001013827,0.0,0.03731546,0.0,0.00052042794,0.0,0.02195667,0.0,0.0,0.0,0.0,0.0,0.0,0.0,0.0,0.0,0.0,0.0,0.0,0.0,0.0,0.0,0.0,0.0,0.01617512,0.0,0.0,0.0,0.0,0.0,0.0,0.0,0.0,0.0,0.029712856,0.0,0.0,0.0,0.0,0.0,0.0045133047,0.0,0.0,0.0,0.0,0.0,-0.003912861,0.0,0.0064958753,0.0,0.0032161695,0.0,0.046630807,0.0,0.026324945,0.0,0.05360792,0.0,-0.0013604062,0.0,0.00010180042,0.0,0.018582102,0.0,0.00012497552,0.0,0.030763976,0.0,0.0,0.0,0.06399309,0.0,0.020305369,0.0,0.0008789329,0.0,-0.007027031,0.0,-0.014204678,0.0,0.010623478,0.0,0.0058871056,0.0,0.0005356411,0.0,0.0,0.0,0.0,0.0,-0.0041833976,0.0,-0.0009316506,0.0,-0.020058671,0.0,0.0,-0.004764188,-0.020394944,-0.019764854,0.0,0.0,0.0,0.0,-0.009921647,0.0,-0.0002049905,0.0,-5.02643e-05,0.0,-0.0060172877,0.0,0.018567419,0.0,0.009016952,0.0,0.0,0.0,-0.013490779,-0.028565679,-0.0045465766,-0.011851502,-0.0055757705,-0.024567762,0.005544175,-0.02662629,0.009090915,0.0,0.0,0.0,0.0,0.0,0.0,0.0,0.0,0.0,0.0,0.0,0.0,0.0,0.006193836,0.0,0.0,0.0,0.0,0.0,0.011776259,-0.0044620493,0.0,0.0,0.0,0.0,0.028908636,0.002761333,0.0,0.0,0.0,0.0,0.0,0.0,-0.0068511683,0.0,0.010044471,0.0,0.0,0.0,-0.0025992275,0.0,0.0077776527,0.0,-0.01048397,0.0,-0.0018379183,0.0,0.0,0.0,-0.0093671605,0.0,-0.00038259468,0.0,-0.0075530442,0.0,0.0,0.0,0.0,0.0,0.017701963,0.0,0.018087419,0.012582405,0.009590889,0.0,-0.00039690422,0.0,0.015366088,0.0,0.007322894,0.0,0.0040762676,0.0,0.0059500816,0.0,-0.004742728,0.0,0.0,0.0,0.0065440475,0.0,0.0012309006,0.0,-0.0032633427,-0.00862088,0.012365141,-0.0044553587,-0.00784623,0.0,0.0,0.0
0.0,0.0,0.0,0.0,0.0,0.0,0.0,0.0,0.0,0.0,0.0,0.0,0.0,0.0,0.0,0.0,0.0,0.0055296663,0.0,0.0,0.0,0.0,0.0,0.0,0.0,0.0,0.0,0.0,0.0,0.0,0.0,0.0,0.0,0.0,0.0,0.0,0.0,0.0,0.0,0.0,0.0,0.0,0.0,0.0,0.0,0.0,0.0,0.0,0.0,0.0,0.0,0.0,0.0,0.00041911565,0.0,0.0,0.0,0.0,0.0,0.0,0.0,0.0,0.0,0.0,0.0,0.0,0.0,0.0,0.0,0.0,0.0,0.0,0.0,0.0,0.0,0.0,0.0,-0.010888636,0.0,-0.019545473,0.0,-0.0058998438,0.0,-0.0059609083,0.0,0.0011583202,0.0,-0.023037754,0.0,0.002474631,0.0,0.02953023,0.0,-0.0026737195,0.0,0.004679198,0.0,0.0,0.0,0.021423416,0.0,0.0052061933,0.0,0.0031951035,0.0,-0.0028836187,0.0,0.008860044,0.0,0.0,0.0,0.0,0.0,-0.0073664053,0.0,0.0,0.0,0.0,0.0,-0.009032717,0.0,0.0,0.0,0.0,0.0,0.0,0.0,0.022624034,0.0,0.0,0.0,0.0,0.0,0.0,0.0,0.015956247,0.0,0.017866138,0.0,0.0,0.0,0.0,0.0,-0.015422319,0.0,0.0,-0.009383904,0.0,0.0,0.0,0.0,-0.0045976364,0.0,0.0,0.0,-0.0058335937,0.0,0.0,0.0,0.0,0.0,0.0,0.0,0.0,0.0,0.0,0.0,0.0,0.0,-0.0024954155,0.0,0.0,0.0,0.0,0.0,-0.0040114685,0.0,0.0,0.0,0.0,0.0,0.0,0.0,0.0,0.0,0.0,0.0,0.0,0.0,0.0,0.0,0.0,0.0,0.0,0.0,0.0,0.0,0.0,0.0,0.011628642,0.0,-0.0016743719,0.0,0.0,0.0,0.009435827,0.0,-0.0037346503,0.0,0.033299856,0.0,0.0,0.0,0.0,0.0,-0.0029917902,0.0,0.003025294,0.0,0.011059513,0.0,-0.0037539403,0.0,-0.0043602344,0.0,0.0013707413,0.0,0.009186546,0.0,0.004848524,0.0,0.0,0.0,0.0,0.0,0.0,0.0,0.0,0.0,0.0020107871,0.0,0.004754465,0.0,0.0042226156,0.0,0.0
0.0,0.0,0.0,0.0,0.0,0.0,0.0,0.0,0.0,0.0,0.0,0.0,0.0,0.0,0.0,0.0,0.0,0.0,0.0,0.0,0.034975246,0.0,0.0,0.0,0.0,0.0,0.0,0.0,0.0,0.0,0.032802477,0.0,0.0,0.0,0.0,0.0,0.0,0.0,0.0,0.0,0.0,0.0,0.0,0.0,0.0,0.0,0.0,0.0,0.0,0.0,0.0,0.0,0.0,0.0,0.0,0.0,0.0,0.0,0.0,0.0,0.0,0.0,0.0,0.0,0.0,0.0,0.0,0.0,0.0,0.0,0.0,0.0,0.0,0.0,-0.024364276,0.0,0.0,0.0,-0.011771631,0.0,0.03263103,0.0,-0.015579253,0.0,0.0004970659,0.0,-0.029069433,0.0,-0.008534664,0.0,0.024222268,0.0,-0.011446044,0.0,0.0065946775,0.0,0.03738025,0.0,0.0,0.0,0.0052413302,0.0,-0.010319501,0.0,-0.016159663,0.0,-0.008965783,0.0,0.0,0.0,0.0,0.0,0.0,0.0,0.0,0.0,0.0,0.0,0.0,0.0,-0.015796088,0.0,-0.0102283275,0.0,-0.0034378122,-0.012810909,0.0,0.011981373,0.0,0.0,0.0,0.0,-0.002416483,0.0,0.026226869,0.0,0.024412427,0.0,0.0,0.0,0.019871049,0.0,-0.0052109533,0.0,0.0,0.0,0.0022753936,0.0035059382,0.0019342299,-0.0014489725,-0.0077824495,0.0,-0.008908237,-0.014974012,0.0,0.0,0.0,0.0,0.0,0.0,0.0,0.0,0.0,0.0,0.0,0.0,0.0,0.0,-0.007309274,0.0,0.0,0.0,0.0,0.0,-0.0068239854,-0.012965217,0.0,0.0,0.0,0.0,-0.00043898835,-0.0013334823,0.0,0.0,0.0,0.0,0.0,0.0,-0.015834156,0.0,-0.0038436777,0.0,-0.0004891561,0.0,-0.016696347,0.0,-0.0042127413,0.0,0.0,0.0,-0.01098284,0.0,0.0,0.0,-0.013610982,0.0,0.0,0.0,0.019849095,0.0,0.0,0.0,0.0,0.0,0.0,0.0,-0.006292881,0.0,0.0,0.0,0.0,0.0,0.0,0.0,0.004354255,0.0,0.008008419,0.0,-0.0075701424,0.0,0.0,0.0,0.0,0.0,0.0,0.0,0.0,0.0,0.0,-0.008967246,-0.007213486,0.0016323525,-0.00366254,0.008923289,0.0,0.0
0.0,0.0,0.0,0.0,0.0,0.0,0.0,0.0,0.0,0.0,0.0,0.0,0.0,0.0,0.0,0.0,0.0,0.0,0.0,0.0,0.0,0.0,0.0,0.0,0.0,0.0,0.0,0.0,0.0,0.0,0.0,0.0,0.0,0.0,0.0,0.0,0.0,0.0,0.0,0.0,0.0,0.0,0.0,0.0,0.0,0.0,0.0,0.0,0.0,0.0,0.0,0.0,0.0,-0.009813139,0.0,0.0,0.0,0.0,0.0,0.0,0.0,0.0,0.0,0.0,0.0,0.0,0.0,0.0,0.0,0.0,0.0,0.0,0.0,0.0,0.0,0.0,0.0,-0.012365327,0.0,0.0,0.0,0.035339892,0.0,0.011236559,0.0,0.008610666,0.0,-0.0026149123,0.0,0.0014684882,0.0,0.017790955,0.0,-0.005960415,0.0,0.024781188,0.0,0.023001043,0.0,0.0,0.0,0.01683165,0.0,0.0019459141,0.0,-0.012268386,0.0,-0.012030493,0.0,0.0,0.0,0.0,0.0,0.0,0.0,0.0,0.0,0.0,0.0,0.0,0.0,-0.025500486,0.0,-0.024348328,-0.022936974,0.0,0.0,0.009466583,0.0,0.0,0.0,0.0,0.0,0.0,0.0,0.0007939492,0.0,0.03234885,0.0,0.0,0.0,0.0,0.0,-0.0018980124,0.0,0.0,-0.013358887,0.0033870044,-0.013195392,0.0,-0.004363557,5.0928866e-05,-0.01284505,-0.003601995,0.0,-0.00903417,0.0,0.0,0.0,0.0,0.0,0.0,0.0,0.0,0.0,0.0,0.0,0.0,0.0,0.0,0.0,0.0,0.0,0.0,0.0055258526,0.009027426,0.0,0.0,0.0,0.0,-0.0036169612,0.0015083068,0.0,0.0,0.0,0.0,0.0,0.0,0.0,-0.015211296,0.0,-0.013273633,0.0,-0.021643652,0.0,0.0,0.0,-0.0026018787,0.0,0.0,0.0,-0.019765597,0.0,0.0,0.0,-0.010435297,0.0,0.0,0.0,0.01480254,0.0,0.0,0.0,0.0,0.0,-0.0062853503,-0.011857303,-0.00050014525,0.0,0.0016941985,0.0,0.0,0.0,-0.005805631,0.0,-0.009214165,0.0,0.0042503714,0.0,-0.0060026604,0.0,0.0,0.0,0.0,0.0,0.0,0.0,0.0,0.0,-0.017403359,0.0,-0.0059977155,-0.0022480108,0.011347954,0.0,0.0
0.0,0.0,0.0,0.0,0.0,0.0,0.0,0.0,0.0,0.0,0.0,0.0,0.0,0.0,0.0,0.0,0.0,0.0,0.0,0.0,0.0,0.0,0.0,0.0,0.0,0.0,0.0,0.0,0.0,0.0,0.0,0.0,0.0,0.0,0.0,0.0,0.0,0.0,0.0,0.0,0.0,0.0,0.0,0.0,0.0,0.0,0.0,0.0,0.0,0.0,0.0,0.0,0.0,0.0,0.0,0.0,0.0,0.0,0.0,0.0,0.0,0.0,0.0,0.0,0.0,0.0,0.0,0.0,-0.0069662654,0.0,0.0,0.0,0.0,0.0,0.0,0.0,0.0,0.0,0.0,0.0,-0.0026275602,0.0,0.0033889515,0.0,0.0023936585,0.0,-0.004363196,0.0,-0.032602806,0.0,0.0012636537,0.0,-0.006073585,0.0,-0.0187993,0.0,0.011415566,0.0,0.001128139,0.0,0.0,0.0,-0.010730078,0.0,-0.014995691,0.0,-0.00889733,0.0,-0.028700545,0.0,-0.0036441453,0.0,-0.003820726,0.0,0.0,0.0,0.0,0.0,-0.009080843,0.0,0.0,0.0,0.0,0.0,0.0,0.0,0.0,0.0,0.0,0.0,0.0,0.0,0.0,0.0,-0.012483726,0.0,-0.006703266,0.0,0.0,0.0,0.0,0.0,-0.0073608477,0.0,0.0,0.0,-0.015219546,-0.013387568,0.0,0.0,-0.0074594733,0.0,-0.010832893,-0.008346285,0.0,0.0,0.0,0.0,0.0,0.0,0.0,0.0,0.0,0.0,0.0,0.0,0.0,0.0,0.0,0.0,0.0,0.0,0.0,0.0,0.0,0.0,0.0,0.0,0.0,0.0,-0.007834983,0.0,0.0,0.0,0.0,0.0,0.0,0.0,-0.008873182,0.0,0.0041039516,0.0,0.0,0.0,-0.009401672,0.0,-0.0019759818,0.0,0.0,0.0,-0.014820365,0.0,0.0,0.0,-0.009107268,0.0,0.0,0.0,-0.017348662,0.0,0.0,0.0,0.0018760281,0.0,-0.007300816,0.0,-0.008544518,0.0,0.0,0.0,0.0,0.0,-0.0057616048,0.0,-0.0031617144,0.0,0.0,0.0,0.0,0.0,0.0,0.0,0.0,0.0,0.0,0.0,0.0021666412,0.0,0.0,0.0,-0.014410509,0.002712707,-0.0027355594,0.0036258518,0.0,0.0
0.0,0.0,0.0,0.0,0.0,0.0,0.0,0.0,0.0,0.0,0.0,0.0,0.0,0.0,0.0,0.0,0.0,0.0,0.0,0.0,0.0,0.0,0.0,0.0,0.0,0.0,0.0,0.0,0.0,0.0,0.0,0.0,0.0,0.0,0.0,0.0,0.0,0.0,0.0,0.0,0.0,0.0,0.0,0.0,0.0,0.0,0.0,0.0,0.0,0.0,0.0,0.0,0.0,0.0,0.0,0.0,0.0,0.0,0.0,0.0,0.0,0.0,0.0,0.0,0.0,0.0,0.0,0.0,0.0,-0.007522932,0.0,0.0,0.0,0.0,0.0,0.0,0.0,0.0,0.0,0.0,0.0,-0.0035380132,0.0,-0.014813001,0.0,-0.015201985,0.0,-0.0055019516,0.0,-0.018742997,0.0,-0.011384144,0.0,-0.014976343,0.0,-0.021655519,0.0,0.0039665406,0.0,0.0030610026,0.0,0.0,0.0,-0.0125210425,0.0,-0.0028312604,0.0,-0.005254735,0.0,-0.025115052,0.0,-0.01766188,0.0,0.0024839854,0.0,0.0,0.0,-0.015966147,0.0,-0.006533821,0.0,0.0,0.0,0.0,0.0,0.0,0.0,0.005443113,0.0,0.0,0.0,0.0,0.0,0.0,0.0,0.008673655,0.0,-0.0032052663,0.0,0.0,0.0,0.0,0.0,-0.0033549096,0.0,0.0,0.005536257,0.0031086253,0.0,0.0,0.0,-0.0037974126,0.0,0.0,0.0,0.0,0.0,0.0,0.0,0.0,0.0,0.0,0.0,0.0,0.0,0.0,0.0,0.0,0.0,0.0,0.0,0.0,0.0,0.0,0.0,0.0,0.0,0.0,0.0,0.0,0.0,-0.01684203,0.0,0.0,0.0,0.0,0.0,0.0,0.0,-0.010888456,0.0,-0.009886635,0.0,0.0,0.0,-0.0023996474,0.0,-0.013584403,0.0,0.0,0.0,0.0024112586,0.0,0.0,0.0,-0.006774906,0.0,0.0,0.0,-0.00059071236,0.0,0.0,0.0,-0.0020310793,0.0,-0.0141075915,0.0,-0.011744055,0.0,-0.0035241786,0.0,0.0,0.0,-0.01747328,0.0,-0.010888836,0.0,-0.002886889,0.0,0.0,0.0,0.0,0.0,0.0,0.0,0.0,0.0,-0.0026006252,0.0010081982,0.0061879237,0.0,0.003201609,0.0,0.0009685548,0.0,0.0
0.0,0.0,0.0,0.0,0.0,0.0,0.0,0.0,0.0,0.0,-0.006266555,-0.014704318,-0.00019597057,-0.0046249344,0.0,0.0,0.0,0.0,0.0,0.0,0.0,0.0,0.0,0.0,0.0,0.0,0.0052183424,0.0,0.0,0.0,0.0,0.0,-0.011358139,0.0,-0.017447235,0.0,-0.008330166,0.0,0.010364683,0.0,-0.0013751584,-0.0021513551,-0.03025065,0.0,-0.01711166,0.0,-0.006617192,0.0,-0.011210325,-0.023326514,-0.019694546,0.0,0.0014294971,0.0,0.0,0.0,0.0,0.0,0.0,0.0,0.0,0.0,0.0,0.0,0.0,0.0,0.0,0.0,0.028430557,0.0,0.0,0.0,-0.0090237735,0.0,0.0,0.0,0.042925604,0.0,-0.002645167,0.0,-0.007680142,0.0,-0.00065790553,0.0,-0.007874312,0.0,-0.0011053742,0.0,0.0044857664,0.0,0.0045977975,0.0,0.01657285,0.0,0.010135238,0.0,0.00057219283,0.0,0.00013846093,0.0,0.003931609,0.0,0.0,0.019864872,0.019270701,0.011574697,0.015370482,0.011197921,0.010687097,0.0,0.0053642388,0.009010933,-0.01978746,0.013302303,-0.013734225,0.0,0.0085802,0.0,-0.003609899,0.018218255,0.0,0.0,0.0,0.0,0.0,-0.0010678055,-0.0057891416,-0.004184638,0.0,0.0,0.0,0.0,-0.0066979905,0.0,0.0035850306,0.0,-0.005792539,0.0,0.0,0.0,0.0,0.0,-0.0038398262,0.0,0.0,0.0,-0.0023314897,-0.0010411525,0.0,0.0053402376,0.004248444,-0.00022726343,-0.0046402174,-0.008082595,0.0001622735,0.0,0.0,0.0,0.0,0.0,0.003544328,0.0,0.0,0.0,-0.022814907,0.0,-0.00961394,0.0,0.009987741,0.0,0.0,0.0,0.0,0.0,0.0062920772,0.003383048,-0.0037256228,-0.0061229905,-0.021270161,-0.002406924,0.0059316913,0.00032780087,0.027518757,0.014483535,0.026939513,0.0,-0.010904264,-0.012388683,0.015265579,0.010013799,-0.000211002,0.0044426094,-0.0068639126,0.00030169234,0.004553922,0.0169287,0.0005633531,0.0015753076,0.01416757,0.0,0.0050930753,0.0,0.0040646167,0.0,0.011166788,0.0,0.0032939136,0.0032891792,-0.0023814153,0.0074888417,0.037752494,0.0,0.025686994,0.013587972,0.019965213,0.004539284,0.006183508,0.010310019,-0.0069861067,-0.002748761,-0.0066754543,0.0,-0.0031148295,-0.007016853,-0.012812647,0.0,-0.012789791,-0.0077989376,0.005381288,-0.00102296,0.017945869,0.0059729796,-1.08866425e-05,0.0,-0.0032487365,-0.015757209,0.063359655,0.040598918,-0.0110492995,-0.010958121,-0.017367028,0.0013006341,0.018611833,0.037436105,-0.014419259,-0.0009067289
0.0,0.0,0.0,0.0,0.0,0.0,0.0,0.0,0.0,0.0,0.0,-0.010272325,-0.0035905445,-0.012988073,0.0,0.0,0.0,0.0,0.0,0.0,0.0,0.0,0.0,0.0,0.0,0.0,0.0,-0.008349513,0.0,0.0,0.0,0.0,0.0,0.0,0.0,-0.0074842665,0.0,0.0,0.0,0.0,0.0,-0.01134154,0.0,-0.019163888,0.0,-0.023165109,0.0,-0.0103294635,0.0,-0.0294435,0.0,-0.028019655,0.0,0.0023177685,0.0,0.0,0.0,0.0,0.0,0.0,0.0,0.0,0.0,0.0,0.010281443,0.0,0.0,0.0,0.0,0.007501904,0.0,0.0,0.0,-0.009133621,0.0,0.0,0.0,0.020330952,0.0,0.0,0.0,-0.016995806,0.0,-0.0048759812,0.0,-0.0074452115,0.0,0.0,0.0,-0.0110472515,0.0,0.0041225906,0.0,-0.009090502,0.0,-0.016748685,0.0,0.008086197,0.0,-0.011560164,0.0,-0.009516361,-0.039357733,0.0,0.024867956,0.019078057,0.0,0.019668842,-0.008300271,0.00575748,-0.003345937,0.011338434,0.0,0.007786516,0.0,-0.0060310597,0.0,0.0055149454,-0.0036251075,0.002707069,0.0,0.0,0.0,0.0,-6.0346876e-05,0.0,0.002172116,0.0025970202,0.0,0.0,0.0,0.0,0.0,0.0,0.0,-0.0029494548,0.0,-0.009104482,0.0,0.0,0.0,0.0,0.0,-0.018770581,0.0,0.0,-0.006498947,0.0031656171,0.010721718,0.004297492,-0.007587985,-0.008231332,-0.0136723025,-0.017391799,0.0,-0.0021233263,0.0,0.0,0.0,0.0,0.0,0.0,0.0,0.0,0.0,-0.015810585,0.0,0.0,0.0,0.013133089,0.0,0.0,0.0,0.0,-0.01195745,-0.0065910397,-0.016508535,0.001961659,-0.024901448,-0.008560085,0.0022861667,3.6786434e-05,0.0,0.0133269625,0.0,-0.007853317,-0.018959085,-0.0104668755,0.013184219,0.008888265,-0.015353791,-0.0052844128,-0.025606526,-0.0027943838,-0.0007642954,0.012643626,-0.0014260552,-0.004821161,0.0,0.014417351,0.0,0.0036834362,0.0,-0.003433858,0.0,0.013422271,0.0006465839,-0.0038422416,0.0,0.017115433,0.0,0.029827153,0.02135397,0.015615813,0.0,0.009549881,0.00046332946,0.014906399,-0.012435333,-0.009154169,0.0,-0.0038995394,-0.007941407,-0.0149525795,0.0,-0.011068062,0.0,0.0028583382,0.0,-0.0051455386,-0.006609907,-0.003789502,0.0,-0.0012914476,0.0,-0.017892778,0.006310215,-0.0024166584,-0.008285028,0.0027576645,-0.018522685,0.002966747,0.00225976,0.03390478,0.0,-0.007751864
0.0,0.0,0.0,0.0,0.0,0.0,0.0,0.0,0.0,0.0,0.0,0.0,0.0,0.0,0.0,0.0,0.0,0.0,0.0,0.0,0.0,0.0,0.0,0.0,0.0,0.0,0.0,0.0,0.0,0.0,0.0,0.0,0.0,0.0,0.0,0.0,0.0,0.0,0.0,0.0,0.0,0.0,0.008427534,0.0,-3.5581514e-05,0.0,-0.006527953,0.0,-0.0029252234,0.0,0.0,0.0,0.0,0.0,0.0,0.0,0.0,0.0,0.0,0.0,0.0,0.0,0.0,0.0,0.0,0.0,0.0,0.0,-0.002252507,0.0,0.0,0.0,0.0,0.0,0.0,0.0,-0.008673374,0.0,-0.0021486403,0.0,0.0,0.0,-0.0030095712,0.0,8.515606e-05,0.0,0.0,0.0,0.014881352,0.0,0.012793659,0.0,-6.6642504e-05,0.0,-0.002360018,0.0,-0.0021079814,0.0,-0.006759933,0.0,-0.0032061196,0.0,0.013817456,0.016005924,0.0,0.06580414,0.03465046,0.042951196,0.0033040575,0.0,0.019714352,0.046218794,0.008565201,0.0,0.009266619,0.0,-0.0024035212,0.0,0.034541544,0.011876426,0.0,0.0,0.0,0.0,0.0,0.0,0.010844392,0.0,0.0,0.0,0.0,0.0,0.0,0.0,0.014624953,0.0,0.0,0.0,0.0,0.0,0.0,0.0,0.0047159865,0.0,0.0,0.0,0.011360609,0.0,0.0,0.0,0.0048521096,0.007572414,0.0066274772,0.0,0.0,0.0,0.0,0.0,0.0,0.0,0.0,0.0,0.0,0.0,0.0075087314,0.0,0.0,0.0,0.008198286,0.0,0.0,0.0,0.0,0.0,0.0,0.0,0.006876985,0.0,0.0,0.0,0.004071512,0.009287806,0.0,0.0,0.0,0.0,0.0,0.0,0.07013187,0.058722664,-0.00066890416,0.038849913,0.0139245335,0.047529694,0.043061834,0.057369404,0.0030720965,0.008919988,0.061114363,0.0,0.036488075,0.0,0.061413456,0.0,0.048603915,0.03957421,0.033527076,0.018079313,0.021237731,0.0,-0.0006153392,0.0,0.0064978837,0.0,0.015641086,0.0,0.004610675,0.0050884476,-0.0021462436,0.0046465304,0.0059942687,0.0,0.00810328,0.0040174713,0.010323884,0.0,0.0072715157,0.0,0.0027094246,0.0,0.0073873135,0.0,0.0,0.0,0.02134622,0.0,0.0025934337,0.0068437434,0.029223219,0.03285564,0.021173112,0.020433458,0.01059071,0.0,0.016806403,0.0
0.0,0.0,0.0,0.0,0.0,0.0,0.0,0.0,0.0,0.0,0.0,0.0,0.0,0.0,0.0,0.0,0.0,0.0,0.0,0.0,0.0,0.0,0.0,0.0,0.0,0.0,0.0,-0.002731403,0.0,0.0,0.0,0.0,0.0,0.0,0.0,0.0,0.0,0.0,0.0,0.0,0.0,0.0,0.0,0.006842965,0.0,0.0,0.0,0.0,0.0,-0.0010072576,0.0,0.0044297134,0.0,0.0,0.0,0.0,0.0,0.0,0.0,0.0,0.0,0.0,0.0,0.0,0.0,0.0,0.0,0.0,0.0,0.006464931,0.0,0.0,0.0,0.0,0.0,0.0,0.0,-0.0018369053,0.0,0.0,0.0,0.0,0.0,-0.0017428139,0.0,0.0,0.0,0.0,0.0,0.00016383336,0.0,0.01032672,0.0,0.00457507,0.0,-0.0033523387,0.0,0.017086823,0.0,-0.003585421,0.0,0.005554383,0.013824514,0.029643921,0.07030629,0.0,0.0468847,0.054696225,0.0,0.028034667,0.01756246,0.048335865,0.0,0.038835824,0.0,0.005892772,0.0,0.004554622,0.021472948,0.006491123,0.0,0.0,0.0,0.0,0.0,0.0,0.0,0.025658038,0.0,0.0,0.0,0.0,0.0,0.0,0.0,0.017229382,0.0,0.0086142365,0.0,0.0,0.0,0.0,0.0,0.0,0.0,0.0,0.0,0.0,0.0,0.0,-0.004124082,0.00095249934,0.0,-0.0018826217,0.0,0.0,0.0,0.0,0.0,0.0,0.0,0.0,0.0,0.0,0.0,-0.0005717847,0.0,0.0,0.0,-0.0032586043,0.0,0.0,0.0,0.0,0.0,0.0,0.0,0.0,0.0,0.0,-0.0051689437,0.00271042,0.0,0.0,0.0,0.0,0.0,0.0,0.06543537,0.069627784,-0.010800944,0.025071878,0.0072987485,0.042066388,0.02708315,0.05466873,-0.0064383624,0.0014361034,0.0,0.06759934,0.0,0.036295462,0.0,0.058180403,0.0,0.055875253,0.02570476,0.015231947,0.0,0.045376703,0.0,0.0069488785,0.0,-0.003996046,0.0,0.01889323,-0.0020407815,0.0017678525,0.0,0.00090494216,0.0,0.0077247936,0.0026352205,-0.0029131433,0.0,0.0071616345,0.0,0.00097356836,0.0,0.004649209,0.0,0.014404091,0.0,0.0051742857,0.0,0.0070929145,0.0,0.007641406,0.0,0.032345574,0.0,0.0126823345,0.0,0.0044079632,0.0,0.016394237
0.0,0.0,0.0,0.0,0.0,0.0,0.0,0.0,0.0,0.0,0.0,0.0,0.0,0.0,0.0,0.0,0.022627836,0.0,0.0,0.0,0.0,0.0,0.0,0.0,0.0,0.0,0.0,0.0,0.0,0.0,0.0,0.0,0.0,0.0,0.0,0.0,0.0,0.0,0.0,0.0,0.0,0.0,0.0,0.0,0.0,0.0,0.0,0.0,0.0,0.0,0.0,0.0,0.0067309905,0.0,0.0,0.0,0.0,0.0,0.0,0.0,0.0,0.0,0.0,0.0,0.0,0.0,0.0,0.0,0.008351965,0.0,0.0,0.0,0.0,0.0,0.0,0.0,-0.0024444596,0.0,0.012394859,0.0,-0.0065860613,0.0,0.0068915305,0.0,0.017750481,0.0,0.0,0.0,0.034471907,0.0,0.04138155,0.0,0.013281522,0.0,-0.004169001,0.0,0.0070811366,0.0,-0.0126818465,0.0,0.0048762066,0.0,0.017761622,0.0,0.043621674,0.046491727,0.0,0.046489596,0.008173783,0.0,0.008123549,0.0,-0.0055655483,0.0,-0.00036258085,0.0,0.0021281596,0.0,-0.0056868833,0.0,0.0,0.0,0.0,0.0,0.0,0.0,0.025337808,0.023230106,0.0,0.0,0.0,0.0,0.020309867,0.0,0.01572955,0.0,0.024555424,0.0,0.0,0.0,0.0,0.0,0.00022569383,0.0,0.0,0.0,0.012490252,0.021108922,0.0,0.0,0.00027064825,0.002344845,0.00147789,0.01064494,0.014406109,0.0,0.0,0.0,0.0,0.0,0.0,0.0,0.0,0.0,0.0,0.0,0.0,0.0,0.0059298985,0.0,0.0,0.0,0.0,0.0,0.0021464883,0.0,0.0,0.0,0.0,0.0,-0.0036425728,0.009228504,0.0,0.0,0.0,0.0,0.0,0.0,0.04107396,0.041246638,-0.014177084,0.009086473,-0.0002181939,0.0,0.002717101,0.018578049,-0.006282785,0.003682459,0.036771923,0.0,0.030038565,0.0,0.033057246,0.0,0.053995732,0.0,0.014677116,0.008095826,0.023237664,0.0,0.0022943586,0.0,0.0034885863,0.0,0.01509334,0.0,0.0053140037,0.011740374,-0.00498134,0.0,0.015266836,0.0,0.0077499677,0.0021402119,0.014445846,0.0,0.0056251255,0.0,0.009589025,0.0097317705,0.012307631,0.0,0.0,0.0,0.0,0.0,0.0008554094,0.00578415,0.029605404,0.02969772,0.023658602,0.01665705,0.011095051,0.0,0.015199083,0.0
0.0,0.0,0.0,0.0,0.0,0.0,0.0,0.0,0.0,0.0,0.0,0.0,0.0,0.0,0.0,0.0,0.0,0.0,0.0,0.0,0.0,0.0,0.0,0.0,0.0,0.0,0.0,0.0,0.0,0.0,0.0,0.0,0.0,0.0,0.0,0.0,0.0,0.0,0.0,0.0,0.0,0.0,0.0,0.0,0.0,0.0,0.0,0.0,0.0,0.0,0.0,0.0,0.0,0.0,0.0,0.0,0.0,0.0,0.0,0.0,0.0,0.0,0.0,0.0,0.0,0.0,0.0,0.0,0.0,0.0119600985,0.0,0.0,0.0,0.0,0.0,0.0,0.0,0.0037175312,0.0,0.0,0.0,-0.0059545734,0.0,0.003160095,0.0,0.007351669,0.0,-0.0037520416,0.0,-0.008515168,0.0,0.0007786652,0.0,0.00460188,0.0,-0.016370842,0.0,0.02012861,0.0,-0.013581703,0.0,-0.0023268678,0.008284313,0.018335244,0.042089608,0.050445937,0.039858844,0.0,0.0,0.014500814,0.014326646,0.02426551,0.0,0.017421441,0.0,0.0035302315,0.0,-0.0015711953,0.0,-0.0035827262,0.0,0.0,0.0,0.0,0.010097175,0.0,0.0072408174,0.017375192,0.0,0.0,0.0,0.0,0.0,0.0,0.0,0.008354392,0.0,0.00039787203,0.0,0.0,0.0,0.0,0.0,0.011256989,0.0,0.0,0.016860764,0.0,0.005524996,0.0,-0.00849258,-0.009013106,0.0,-0.0002864521,0.0,0.0,0.0,0.0,0.0,0.0,0.0,0.0,0.0,0.0,0.0,0.0050198664,0.0,0.0,0.0,-0.00051679846,0.0,0.0,0.0,0.0,0.0,0.0,0.0,0.0,0.0,0.0,-0.008910641,-0.0038025973,0.0,0.0,0.0,0.0,0.0,0.0,0.03025762,0.03716711,-0.025722234,-0.0033777338,0.0,0.003442824,0.007873594,0.02545362,-0.022169575,-0.019565074,0.0,0.039176837,0.0,0.05607217,0.0,0.034193423,0.0,0.05351438,0.0,0.010530933,0.0,0.022793535,0.0,0.0,0.0,0.01191531,0.0,0.018349407,-0.003155869,0.0062912134,0.0,0.0014489398,0.0,0.010794199,0.0030761661,-0.010072579,0.0,0.0049256077,0.0,1.7719005e-05,0.0,0.008409958,0.0,0.011160192,0.0,0.0005584261,0.0,0.008450648,0.0,0.007226718,0.0,0.025521243,0.0,0.012616095,0.0,0.0050894804,0.0,0.0
0.013713522,0.0,0.0,0.0,0.0,0.0,0.0,0.0,0.0,0.0,0.011159351,0.010436332,0.015892185,0.0,0.0,0.0,0.0,0.0,0.0,0.0,0.0,0.0,0.0,0.0,0.0,0.0,0.021917267,0.0,0.0,0.0,0.0,0.0,0.0,0.0,0.0,0.0,0.0,0.0,0.0,0.0,0.0044851215,0.0,0.019684799,0.0,0.0,0.0,0.0,0.0,-0.016331222,0.0,0.0083033,0.0,0.0,0.0,0.0,0.0,0.0,0.0,0.0,0.0,0.0,0.0,0.0,0.0,0.0,0.0,0.0,0.0,0.004806902,0.0,0.0,0.0,0.005334632,0.0,0.0,0.0,-0.014822124,0.0,0.0,0.0,0.0,0.0,0.011814494,0.0,0.0,0.0,0.0,0.0,-0.008236888,0.0,0.003102373,0.0,0.006339702,0.0,0.004536105,0.0,0.0026942876,0.0,0.0,0.0,0.0015571394,0.0,0.0068329065,-0.0118899215,0.0056178845,0.0,0.00041760848,0.0,0.0,0.0,0.020405492,0.0,0.020588595,0.0,0.010584382,0.0,0.012458,0.0,0.013147025,0.013656005,0.0,0.0,0.0,0.0,0.0,0.0,0.0,0.0,0.0,0.0,0.0,0.0,0.0,0.0,0.005674259,0.0,0.0,0.0,0.0,0.0,0.0,0.0,0.0,0.0,0.0,0.0,0.0071627325,-0.0023333775,0.0,0.0057012993,0.007719066,0.010250979,0.019111563,0.0054769744,0.0,0.0,0.0,0.0,0.0,0.0,0.0,0.0,0.0,0.0,0.007867169,0.0,0.0,0.0,0.0049431715,0.0,0.0,0.0,0.0,0.0,0.008658906,0.011933793,0.011185625,0.008585677,0.020867944,0.0,0.011560951,0.013655581,0.013547749,0.0,0.0,0.0,2.613176e-05,0.010177023,0.0078244805,0.002302714,0.0126723815,0.0113932025,-0.0071832626,-0.00033953175,0.010355365,0.012940332,0.012386665,0.005502905,0.0,0.0,0.0060834084,0.0,0.0,0.0,0.00056272524,0.0,-0.0024079375,0.0,0.0009624864,0.0,0.0045891716,0.0,-0.00043613277,0.0,0.012204589,0.0,0.014923104,-0.0048274887,-0.006723897,-0.0029074834,0.011577731,0.0,0.0055753863,-0.0066522933,0.01328627,0.0,-0.0019734905,0.0,0.012960654,0.0,0.010283398,0.009148305,0.011867654,0.0,0.012052037,0.013887471,-0.0063019674,-0.0028062146,0.0182055,0.014930981,0.011662005,0.012791694,0.005142469,-0.008394642,0.0064898776,0.0099327
0.0,0.0,0.0,0.0,0.0,0.0,0.0,0.0,0.0,0.0,0.00043005424,0.006216148,0.0,0.005340653,0.0,0.0,0.0,0.0,0.0,0.0,0.0,0.0,0.0,0.0,0.0,0.0,0.0,0.0,0.0,0.0,0.0,0.0,0.0,0.0,0.0,0.0,0.0,0.0,0.0,0.0,0.0,0.016835934,0.0,-0.0037385074,0.0,-0.0053592175,0.0,0.002982754,-0.018946221,-0.015592548,0.0,0.0,0.0,0.0,0.0,0.0,0.0,0.0,0.0,0.0,0.0,0.0,0.0,0.0,0.0,0.0,0.0,0.0,0.0,0.020217905,0.0,0.0,0.0,0.0,0.0,0.0,0.0,-0.0063383277,0.0,0.0,0.0,0.0,0.0,0.009618434,0.0,0.0,0.0,0.0,0.0,-0.005556326,0.0,0.010566,0.0,0.0019856433,0.0,-0.012578866,0.0,0.0,0.0,0.0,0.0,-0.0048778453,0.0,0.025396368,0.0,0.03684738,0.0,0.032002687,0.0,0.0,0.0,0.036215153,0.0,0.027625412,0.0,0.010279091,0.0,-0.00148506,0.02111587,0.0051140175,0.0,0.0,0.0,0.0,0.0,0.0,0.0,-0.0034697605,0.0,0.0,0.0,0.0,0.0,0.0,0.0,0.0,0.0,0.0,0.0,0.0,0.0,0.0,0.0,0.0,0.0,0.0,-0.0038724453,-0.0041473056,0.0010918678,0.0,-0.007902484,-0.0001542659,0.0027233611,-0.0073326956,0.0,0.0,0.0,0.0,0.0,0.0,0.0,0.0,0.0,0.0,0.0,0.011469921,0.0,0.0,0.0,0.005522382,0.0,0.0,0.0,0.0,-0.0022460036,-0.007100276,0.020849733,0.0015057214,0.0,-0.00043842985,0.012926133,0.009791069,0.0,0.0008284151,0.0,-0.0038359945,0.0024327475,-0.00091077026,0.0,0.028616676,-0.00019502039,0.003984389,0.0,0.0056400807,0.0073579797,0.017634615,0.00505842,0.0035176277,0.0,0.0,0.0,0.010126672,0.0,0.009825913,0.0,0.019950597,0.0,-0.009008191,0.0,0.009572839,0.0,0.013547843,0.0025159596,0.019884344,0.028832229,0.018823495,0.0076867035,-0.003452585,-0.0044509186,0.004835052,0.0,0.01684887,-0.000671743,0.0030725407,0.0,0.006538033,0.0,-0.0029516187,0.0,0.014332133,0.014229255,0.017290352,0.0,0.0048656254,0.0,0.014124211,0.005764966,0.0069005974,0.017400853,0.031212289,0.019930428,0.012479276,0.0036827312,-0.013013567,0.0,0.015620798
0.0,0.0,0.0,0.0,0.0,0.0,0.0,0.0,0.0,0.0,0.0,0.0,0.0,0.0,0.0,0.0,0.0,0.0,0.0,0.0,0.0,0.0,0.0,0.0,0.0,0.0,0.0,0.0,0.0,0.0,0.0,0.0,0.0,0.0,0.0,0.0,0.0,0.0,0.0,0.0,0.0,0.0,0.0,0.0,0.0,0.0,0.0,0.0,-0.012298948,0.0,0.0,0.0,0.0,0.0,0.0,0.0,0.0,0.0,0.0,0.0,0.0,0.0,0.0,0.0,0.0,0.0,0.0,0.0,0.012543631,0.0,0.0,0.0,0.0,0.0,0.0,0.0,0.022641318,0.0,0.0,0.0,0.0,0.0,0.0,0.0,0.0,0.0,0.0,0.0,-0.01898382,0.0,-0.017333608,0.0,-0.004653798,0.0,0.0,0.0,-0.005345578,0.0,0.0,0.0,-0.008793265,0.0,-0.0054854867,0.015736233,-0.004967375,-0.009776885,-0.022410119,-0.006864992,-0.006487526,0.0,0.0,0.0007988159,-0.0011015403,0.0,-0.007375785,0.0,0.0047907303,0.0,0.002744623,0.016338224,0.0,0.0,0.0,0.0,0.0,0.0,0.0,0.0,0.0,0.0,0.0,0.0,0.0,0.0,-0.011287076,0.0,0.0,0.0,0.0,0.0,0.0,0.0,0.0,0.0,0.0,0.0,-0.008213758,0.0,0.0,0.0,-0.01810031,-0.01943834,-0.009242202,-0.021802945,0.0,0.0,0.0,0.0,0.0,0.0,0.0,0.0,0.0,0.0,-0.025423288,0.0,0.0,0.0,-0.0040600765,0.0,0.0,0.0,0.0,0.0,-0.01754644,-0.018825075,-0.009683502,0.0,0.0,0.0,0.005345819,-0.008536373,0.0,0.0,0.0,0.0,0.0,0.0,-0.012785413,-0.009866523,-0.0086121205,-0.022620661,-0.00417135,0.0,-0.01147385,-0.011058609,-0.009382984,-0.01850639,0.0,0.0,-0.00083328347,0.0,0.0,0.0,-0.0154024875,0.0,-0.0043721236,0.0,-0.014018488,0.0,0.028173227,0.0,0.015357491,0.0,0.0048846374,0.0,0.009045597,-0.003300461,-0.013616152,0.0,-0.02806347,0.0,-0.0111306505,-0.021764481,-0.021674227,0.0,-0.021555595,0.0,-0.015167438,0.0,0.00018945451,-0.0090848515,-0.0006333053,0.0,-0.020725554,-0.014394075,0.008186529,-0.0029534583,-0.025532546,-0.018114025,-0.020493396,-0.007042735,-0.00726618,0.0,-0.018311853,0.0
0.0,0.0,0.0,0.0,0.0,0.0,0.0,0.0,0.0,0.0,0.0,0.0,0.0,0.0,0.0,0.0,0.0,0.0,0.0,0.0,0.0,0.0,0.0,0.0,0.0,0.0,0.0,0.0,0.0,0.0,0.0,0.0,0.0,0.0,0.0,0.0,0.0,0.0,0.0,0.0,0.0,0.0,0.0,0.0,0.0,0.0,0.0,0.0,0.0,-0.02323573,0.0,0.0,0.0,0.0,0.0,0.0,0.0,0.0,0.0,0.0,0.0,0.0,0.0,0.0,0.0,0.0,0.0,0.0,0.0,-0.00064117083,0.0,0.0,0.0,0.0,0.0,0.0,0.0,0.0,0.0,0.0,0.0,0.0,0.0,-0.01305298,0.0,0.0,0.0,0.0,0.0,-0.0057817656,0.0,0.009528033,0.0,-0.0056397477,0.0,-0.024360212,0.0,0.0,0.0,0.0,0.0,-0.009711405,0.01887684,0.022341236,0.037166644,0.039533075,0.0,0.033669632,0.0,0.0065202755,0.029059675,0.0,0.036843263,0.03131869,0.023443814,0.010832181,0.0,-0.015921315,0.029749613,-0.0045129727,0.0,0.0,0.0,0.0,0.0,0.0,0.0,0.0,0.0,0.0,0.0,0.0,0.0,0.0,0.0,0.014448722,0.0,0.0,0.0,0.0,0.0,0.0,0.0,0.0,0.0,0.0,0.0,0.0,0.0,0.0,-0.016469589,-0.0070754727,-0.01100235,-0.012822415,0.0,0.0,0.0,0.0,0.0,0.0,0.0,0.0,0.0,0.0,0.0,-0.0060196593,0.0,0.0,0.0,-0.0068518473,0.0,0.0,0.0,0.0,-0.013227908,-0.014903844,0.012826953,-0.013348331,0.0,0.0,0.0024650514,-0.0047675846,0.0,0.0,0.0,0.0,0.0,0.0,0.0,0.030193958,-0.0110167805,-0.0003496942,0.0,0.0054030125,0.0035047824,0.017608922,-0.008778085,-0.0055810898,0.0,0.02985003,0.0,0.019269314,0.0,0.01570597,0.0,0.024425913,0.0,0.0024566953,0.0,0.022132374,0.0,0.006978492,0.0,0.0037607905,0.0,0.010708761,-0.003665967,-0.006788459,0.0,-0.0100484025,0.0,0.0002748294,-0.005448696,-0.013709153,0.0,0.005255317,0.0,-0.0076169237,0.0,-0.00052261684,0.011472804,0.010949476,0.0,0.001814353,0.0,0.014702728,0.0,-5.770564e-05,0.008200994,0.020182945,0.0,0.006776603,0.0,-0.013519665,0.0,0.011369771
0.0,0.0,0.0,0.0,0.0,0.0,0.0,0.0,0.0,0.0,0.0,0.0,0.0,0.0,0.0,0.0,0.0,0.0,0.0,0.0,0.0,0.0,0.0,0.0,0.0,0.0,0.0,0.0,0.0,0.0,0.0,0.0,0.0,0.0,0.0,0.0,0.0,0.0,0.0,0.0,0.0,0.0,0.0,0.0,0.0,0.0,0.0,0.0,-0.00882953,0.0,0.0,0.0,0.0,0.0,0.0,0.0,0.0,0.0,0.0,0.0,0.0,0.0,0.0,0.0,0.0,0.0,0.0,0.0,0.037050486,0.0,0.0,0.0,0.0,0.0,0.0,0.0,0.03458965,0.0,0.0,0.0,0.0,0.0,0.008061417,0.0,0.0,0.0,0.0,0.0,-0.028103184,0.0,-0.022034489,0.0,-0.005719445,0.0,-0.0061643417,0.0,0.0010185348,0.0,0.0,0.0,-0.009601141,0.0,0.013023976,0.0,-0.021900909,0.0,-0.042850576,0.0,-0.0068397843,0.0,0.025815092,-0.006964737,0.0,0.0,0.0008510584,0.0,0.0028695152,0.0,0.020209732,0.0,0.0,0.0,0.0,0.0,0.0,0.0,-0.008676543,0.0,0.0,0.0,0.0,0.0,0.0,0.0,-0.0005030023,0.0,0.0,0.0,0.0,0.0,0.0,0.0,0.0,0.0,0.0,0.0,0.0020706058,0.0,0.0,0.0,-0.00011457287,0.0027463934,0.009117889,0.0,0.0,0.0,0.0,0.0,0.0,0.0,0.0,0.0,0.0,0.0,-0.0110451,0.0,0.0,0.0,0.0,0.0,0.0,0.0,0.0,0.0,0.0066632936,0.0,0.011073284,0.0,0.0,0.0,0.030633286,0.005323043,0.0,0.0,0.0,0.0,0.0,0.0,-0.022089953,-0.015995651,0.00994025,-0.015941143,0.009444142,-0.007884173,0.004639546,-0.006989411,0.011057795,0.0028732147,0.0,0.0,-0.008022352,0.0,0.0,0.0,-0.034340642,0.0,-0.0016904861,0.0,-0.011982359,0.0,0.004846195,0.0,0.014954054,0.0,-0.0005563102,0.0,0.0163736,0.0051403395,-0.013006913,0.0,-0.029748147,0.0,-0.017983222,-0.006920448,-0.0314962,0.0,-0.034018666,0.0,-0.006757249,0.0,0.039869968,0.0,-0.00024910097,0.0,-0.024406578,0.0,0.016463412,-0.0024466792,-0.031422064,-0.024832118,-0.021285534,0.00019045857,0.021883434,0.0,-0.015021357,0.0
0.0,0.0,0.0,0.0,0.0,0.0,0.0,0.0,0.0,0.0,0.0,0.0,0.0,0.0,0.0,0.0,0.0,0.0,0.0,0.0,0.0,0.0,0.0,0.0,0.0,0.0,0.0,0.0,0.0,0.0,0.0,0.0,0.0,0.0,0.0,0.0,0.0,0.0,0.0,0.0,0.0,0.0,0.0,0.0,0.0,0.0,0.0,0.0,0.0,0.0025538583,0.0,0.0,0.0,0.0,0.0,0.0,0.0,0.0,0.0,0.0,0.0,0.0,0.0,0.0,0.0,0.0,0.0,0.0,0.0,0.0031552352,0.0,0.0,0.0,0.0,0.0,0.0,0.0,0.0,0.0,0.0,0.0,0.0,0.0,0.0028484243,0.0,0.0,0.0,0.0,0.0,0.004066414,0.0,0.026595432,0.0,0.009972863,0.0,0.00075051707,0.0,0.030748988,0.0,0.0,0.0,0.014454847,0.0250506,0.035820454,0.0,0.04727526,0.0,0.034156453,0.0,0.035723608,0.0,0.06871122,0.0,0.0,0.0,0.035389073,0.0,0.010673591,0.03439111,0.022612607,0.0,0.0,0.0,0.0,0.0,0.0,0.0,0.02801361,0.0,0.0,0.0,0.0,0.0,0.0,0.0,0.05513633,0.0,0.017191278,0.0,0.0,0.0,0.0,0.0,0.0,0.0,0.0,0.013159852,0.028995378,0.0,0.0,0.008029536,0.02447828,0.013265757,0.0040051313,0.0,0.0,0.0,0.0,0.0,0.0,0.0,0.0,0.0,0.0,0.0,-0.0011308704,0.0,0.0,0.0,-0.0010577887,0.0,0.0,0.0,0.0,0.0037139033,-0.004039482,0.0055339797,0.019030338,0.0,0.0,0.037523933,0.040616494,0.0,0.0,0.0,0.0,0.0,0.0,0.0,0.031297248,-0.003252273,0.011835931,0.0,0.014256625,0.0195105,0.03739283,0.0118751805,0.016133092,0.0,0.04308899,0.0,0.021484833,0.0,0.023437802,0.0,0.027525295,0.028529618,0.018484162,0.0,0.047802888,0.0,-0.00021267674,0.0,0.006934378,0.0,0.029722543,0.027457688,0.020880723,0.0,-0.0035643114,0.0,-0.0032985336,0.01346419,0.0023711475,0.0,-0.0073235375,0.0,-0.0036654368,0.0,-0.001388543,0.0,0.010847437,0.0,0.010694054,0.0,0.0018012737,0.0,4.5827335e-05,0.011994847,0.025587512,0.0,0.0153046,0.013220132,0.010184353,0.0,0.009602927
0.0,0.0,0.0,0.0,0.0,0.0,0.0,0.0,0.0,0.0,0.0,0.0,0.0,0.0,0.0,0.0,0.0,0.0,0.0,0.0,0.0,0.0,0.0,0.0,0.0,0.0,0.0,0.0,0.0,0.0,0.0,0.0,0.0,0.0,0.0,0.0,0.0,0.0,0.0,0.0,0.0,0.0,-0.031304255,0.0,0.0,0.0,0.0,0.0,0.0034282836,0.0,0.0,0.0,0.0,0.0,0.0,0.0,0.0,0.0,0.0,0.0,0.0,0.0,0.0,0.0,0.0,0.0,0.0,0.0,0.015336003,0.0,0.0,0.0,0.0,0.0,0.0,0.0,0.029749066,0.0,0.0,0.0,0.0,0.0,0.0,0.0,0.0,0.0,0.0,0.0,-0.008682334,0.0,-0.0045949537,0.0,0.0059678443,0.0,0.0,0.0,0.0,0.0,0.0,0.0,0.0,0.0,0.006348994,0.0,-0.002290412,0.0,-0.0052353167,0.0,-0.0005938829,0.0,-0.009635832,-0.0046640467,-0.004376109,0.0,0.0,0.0,-0.0035454868,0.0,0.003870531,0.028981825,0.0,0.0,0.0,0.0,0.0,0.0,0.0,0.0,0.0,0.0,0.0,0.0,0.0,0.0,0.0,0.0,0.0,0.0,0.0,0.0,0.0,0.0,0.0,0.0,0.0,0.0,0.004691564,0.0,0.0,0.0,0.004743098,0.00096405,0.008446789,0.0,0.0,0.0,0.0,0.0,0.0,0.0,0.0,0.0,0.0,0.0,0.0029239492,0.0,0.0,0.0,0.0071621225,0.0,0.0,0.0,0.0,0.0,0.010899701,0.011824493,0.0068765115,0.0072014597,-0.0021311906,0.0,0.0028573426,-0.007210611,0.0,0.0,0.0,0.0,0.014962642,0.0,-0.0013404719,0.0,0.002410357,-0.0061842455,0.011565348,0.0,0.0049449424,0.0050242376,-0.00015333576,0.0015038878,0.0,0.0,0.0,0.0,0.0,0.0,-0.0018738488,0.0,0.0022624326,0.0,0.0014070765,0.0,0.003980168,0.0,0.003757976,0.0,-0.0020988004,0.0,0.005753692,0.009501313,-0.002918609,0.0,-0.01616172,0.0,-0.012320524,0.004443379,-0.009302421,0.0,-0.008106446,0.0,-0.0021626905,0.0,0.019504925,0.012312195,0.0090572415,0.0,-0.011455841,-0.005832022,0.0054232706,-0.010599941,-0.0109664295,-0.005856427,-0.014503331,0.0051388657,0.0097310385,0.0,-0.013849408,0.005975222
0.0,0.0,0.0,0.0,0.0,0.0,0.0,0.0,0.0,0.0,0.0,0.0,0.0,0.0,0.0,0.0,0.0,0.0,0.0,0.0,0.0,0.0,0.0,0.0,0.0,0.0,0.0,0.0,0.0,0.0,0.0,0.0,0.0,0.0,0.0,0.0,0.0,0.0,0.0,0.0,0.0,0.0,0.0,0.0,0.0,-0.008880853,0.0,0.0,-0.018236626,-0.014629488,0.0,0.0,0.0,0.0,0.0,0.0,0.0,0.0,0.0,0.0,0.0,0.0,0.0,0.0,0.0,0.0,0.0,0.0,0.0,-0.007957591,0.0,0.0,0.0,0.0,0.0,0.0,0.0,0.0,0.0,0.0,0.0,0.0,0.0,0.0,0.0,0.0,0.0,0.0,0.0,-0.004183065,0.0,0.0,0.0,-0.005708109,0.0,0.0,0.0,0.0,0.0,0.0,0.0,0.0,0.0,0.0030764993,0.0,0.014914317,0.0,0.010571701,0.0,-0.0032099383,0.0,0.0031303554,0.0,0.019094273,0.0,0.0,0.0,-0.0069517787,0.0,-0.00032809837,0.0,0.0,0.0,0.0,0.0,0.0,0.0,0.0,0.0,0.0,0.0,0.0,0.0,0.0,0.0,0.0,0.0,0.0,0.0,0.0,0.0,0.0,0.0,0.0,0.0,0.0,0.0,0.0064867823,0.0,0.0,0.0,0.0085127875,0.0,0.006514895,0.0,0.0,0.0,0.0,0.0,0.0,0.0,0.0,0.0,0.0,0.0,0.011231423,0.0,0.0,0.0,-0.002540751,0.0,0.0,0.0,0.0,3.728803e-05,-0.0015465027,0.0,0.0016611551,0.0,0.0,0.0096611045,0.0077540535,0.0,0.0,0.0,0.0,0.0006543061,0.0,0.0,0.009496342,0.0,0.0054834476,0.0,0.006508862,0.0,0.011450405,0.0,0.0020846403,0.0,0.0,0.0,0.0,0.0,0.0,0.0,0.0,0.0,-0.002408138,0.0,-4.7135916e-05,0.0,0.006897162,0.0,0.0037517974,0.0,0.018477174,-0.014117623,-0.00758177,0.0,-0.009754817,0.0,-0.0011975991,-0.01045829,-0.006742866,0.0,-0.00051577284,0.0,-8.0105485e-05,0.0,0.003208328,0.0,0.010942093,0.0,0.0073960037,0.0,0.00758349,0.040928304,0.04129303,0.0078046382,0.007573399,0.0,0.012005605,0.0055201068,0.0041361353,0.0,0.014707712
0.0,0.0,0.0,0.0,0.0,0.0,0.0,0.0,0.0,0.0,0.0,0.0,0.014809825,0.010708864,0.0,0.0,0.0,0.0,0.0,0.0,0.0,0.0,0.0,0.0,0.0,0.0,0.006690993,0.0,0.0,0.0,0.0,0.0,0.002611652,0.0,0.0067644063,0.0,-0.0066929846,0.0,-0.0087762615,0.0,0.008357497,0.0068943407,0.0074030133,0.0,0.006541844,0.0,0.006203851,0.0,0.010648761,0.01800617,0.0004602604,0.0,0.008632636,0.0,0.0,0.0,0.004381454,0.0,0.0,0.0,0.0075517744,0.0,0.0,0.0,0.0,0.0,0.0,0.0,0.007995491,0.0,0.009280879,0.0,0.007726408,0.0,0.0,0.0,0.0005523679,0.0,0.009848321,0.0,0.0,0.0,0.02337698,0.0,0.0,0.0,0.0,0.0,0.008791405,0.0,0.0022749265,0.0,0.022430895,0.0,0.0,0.0,0.0,0.0,0.0,0.0,0.0,0.0,0.020940553,0.0,0.014227412,0.0,0.012806663,0.0,0.023533681,0.0,0.0056414553,0.0,0.00043332245,0.0,0.00482225,0.0,0.0,0.0,0.016769579,0.0,0.0,0.0,0.0,0.0,0.0,0.0,0.001532092,0.0,0.0,0.0,0.012161898,0.0,0.0,0.0,0.0020568909,0.0,0.0,0.0,0.0,0.0,0.0,0.0,0.0,0.0,0.0027682104,0.0,0.004780153,-0.0028376284,0.013792358,0.0,0.002711271,-0.001834637,0.016194427,0.0,0.010731725,0.0,0.00067252485,0.0,0.006508751,0.0,0.015643794,0.0,0.018767385,0.0,0.01611376,0.0,-0.005617102,0.0,0.006925984,0.0,0.008920128,0.0,0.0109620085,0.0,0.0077957665,0.0035951575,0.0130703375,0.0053724474,0.01893329,0.0,0.0044687465,-0.0017629229,0.008101684,0.0,0.008500657,0.0,0.011628994,0.004764005,0.007818477,0.0,0.0040928847,0.012384448,0.007216801,0.0,0.017563049,0.0,0.01063602,0.009443881,0.015737256,0.0,0.014944877,0.0,0.008674675,0.0,0.0042061755,0.0,0.015628241,0.0,0.006004365,0.0,0.0027618504,0.0,0.014889112,0.005624784,0.018872686,0.0,0.020450976,0.011073094,0.0028223775,0.006162807,0.0018072132,0.0,0.01635958,0.011805108,0.0060342513,0.0,0.0017913998,0.0,0.005633644,0.0,0.003917493,-0.0006521138,0.0013465933,0.0,0.012373162,0.0,0.0021859026,-0.003968584,0.0043775635,0.00972568,0.017953044,0.008048841,0.0052982797,-0.0015036941,0.0018528708,0.0038968343
0.0,0.0,0.0,0.0,0.0,0.0,0.0,0.0,0.0,0.0,0.0,0.004573417,0.0,0.0,0.0,0.0,0.0,0.0,0.0,0.0,0.0,0.0,0.0,0.0,0.0,0.0,0.0,0.011924913,0.0,0.0,0.0,0.0,0.0,0.0,0.0,0.0,0.0,0.0,0.0,0.0,0.013592139,0.013140022,0.0,0.012243885,0.0,0.010513881,0.0,0.007995714,-0.0061044195,0.0016178809,0.0,0.0138996225,0.0,0.0,0.0,0.0,0.0,0.0,0.0,0.0,0.0,0.0,0.0,0.0,0.0,0.0,0.0,0.0,0.0,0.012508964,0.0,0.0,0.0,0.0,0.0,0.0,0.0,-1.9004123e-05,0.0,0.0,0.0,0.0,0.0,0.004042556,0.0,0.0,0.0,0.0,0.0,0.0012965896,0.0,0.0,0.0,0.012015651,0.0,0.0,0.0,0.0,0.0,0.0,0.0,0.0006734615,0.0,0.015764115,0.0,0.012634775,0.0,0.008279765,0.0,0.015947044,0.0,0.014329312,0.0,0.010563821,0.0,0.017666409,0.0,0.0,0.0,-0.0015378124,0.0,0.0,0.0,0.0,0.0,0.0,0.0,0.0,0.0,0.0,0.0,0.0,0.0,0.0,0.0,0.0,0.0,0.0,0.0,0.0,0.0,0.0,0.0,0.0,0.0,0.0,-0.0018458321,0.0056811236,0.0,0.0,0.0,0.0074149375,0.0,0.0073652943,0.0,0.0,0.0,0.0,0.0,0.0,0.0,0.0,0.0,0.0,0.0,0.007642996,0.0,0.0,0.0,0.0131187895,0.0,0.0,0.0,0.0,0.013469105,0.008435732,0.0138386255,0.01800145,0.019964859,0.013666569,0.010874012,0.002774026,0.0,0.0,0.0,0.0062828884,0.005625775,0.0052086753,0.0,0.0064821197,0.0,0.007454781,0.0,6.672094e-05,0.0,0.0070056943,-0.0010741324,0.000920174,0.0,0.0,0.0,0.0,0.0,-0.001875987,0.0,0.0050748545,0.0,-0.0023082602,0.0,0.0069560823,0.0,0.012451266,0.0009777581,0.0030159364,0.008406765,0.011088998,0.01179901,0.00966357,0.0,-0.00078550976,0.0,0.010597384,0.011530458,0.010538124,0.0,0.0046468577,0.0,0.006376211,0.0,0.0068734493,0.014625351,0.012200845,0.0,-0.0009443612,0.0,0.0051154313,0.008692989,0.0074052378,0.011340553,0.0078033,0.015858425,0.0033649537,0.0046550273,-0.006399836,0.0,0.0028200324
0.0,0.0,0.0,0.0,0.0,0.0,0.0,0.0,0.0,0.0,0.0,0.0,0.0034729217,0.0,0.0,0.0,0.0,0.0,0.0,0.0,0.0,0.0,0.0,0.0,0.0,0.0,0.0,0.0,0.0,0.0,0.0,0.0,0.0,0.0,0.0,0.0,0.0,0.0,0.0,0.0,0.0,0.0,-0.008674831,0.0,0.0,0.0,0.0,0.0,0.0064730877,0.0,0.0,0.0,0.0,0.0,0.0,0.0,0.0,0.0,0.0,0.0,0.0,0.0,0.0,0.0,0.0,0.0,0.0,0.0,0.007392896,0.0,0.0,0.0,0.007160675,0.0,0.0,0.0,0.016270744,0.0,0.0,0.0,0.0,0.0,0.0021835978,0.0,0.0,0.0,0.0,0.0,-0.006495933,0.0,-0.009741212,0.0,0.0027789094,0.0,-0.0027504812,0.0,-0.0025148354,0.0,0.0,0.0,-0.0028365466,0.0,-0.00010414222,0.01501761,0.011468957,0.0158271,-0.007785256,0.0,0.0037944203,0.008908053,0.02646622,0.024084438,0.0022219513,0.030229062,-0.0030486167,0.0,0.0042768456,0.0,0.0,0.039256305,0.0,0.0,0.0,0.0,0.0,0.0,0.0026062997,0.0,0.0,0.0,0.0,0.0,0.0,0.0,0.008700636,0.0,0.0,0.0,0.0,0.0,0.0,0.0,0.0,0.0,0.0,0.0,0.012373337,0.009388475,0.018841254,0.009120904,0.021726286,0.024432108,0.017009884,0.01634567,0.0,0.0,0.0,0.0,0.0,0.0,0.0,0.0,0.0,0.0,-0.0010903174,0.0,0.0,0.0,0.0006087756,0.0,0.0,0.0,0.0,0.0,0.010528208,0.003304119,-0.0005635771,0.002429658,0.0019424469,0.0,0.032433473,0.018713802,0.017271476,0.013986428,0.014680354,0.0080141425,0.0069695,0.0,0.0013522771,0.00041802676,0.030275175,0.018548964,0.02723535,0.029233508,0.0337068,0.021810358,0.028271966,0.015585894,0.012894872,0.0,0.024567043,0.0,0.01287855,0.0,-0.00852966,0.0,0.03726215,0.03209465,0.0091687,0.0,0.007957456,0.0,0.004844055,0.0,0.0048584654,0.0,0.007707968,0.0067036515,-0.0005045794,0.004137764,-0.0021774091,0.0,0.0040117553,0.0037429328,0.0038692816,0.0,-0.004617958,0.0,0.002647559,0.0,0.008599049,-0.0013287588,0.0019033768,0.0,-0.016758934,-0.004244025,-0.0040240516,-0.0021673522,-0.0021252164,0.0013127353,-0.0023764789,0.00643359,0.007887354,0.0050944644,-0.012509108,0.0020290515
0.0,0.0,0.0,0.0,0.0,0.0,0.0,0.0,0.0,0.0,0.0,0.013083697,0.0,0.0,0.0,0.0,0.0,0.0,0.0,0.0,0.0,0.0,0.0,0.0,0.0,0.0,0.0,0.0033259362,0.0,0.0,0.0,0.0,0.0,0.0,0.0,0.0,0.0,0.0,0.0,0.0,0.0,0.015418415,0.0,-0.00020013737,0.0,-0.0065816217,0.0,0.0,0.0,0.006715581,0.0,0.0,0.0,0.0,0.0,0.0,0.0,0.0,0.0,0.0,0.0,0.0,0.0,0.0,0.0,0.0,0.0,0.0,0.0,0.0030442195,0.0,0.0,0.0,0.0,0.0,0.0,0.0,0.03796291,0.0,0.0,0.0,0.0,0.0,0.010341598,0.0,0.0,0.0,0.0,0.0,-0.0006569848,0.0,-0.0084087495,0.0,-0.0095302025,0.0,0.003976494,0.0,-0.015920565,0.0,0.0,0.0,-0.0030734702,-0.017194595,-0.01652515,0.0102348905,0.007112993,0.0,0.00017459152,0.0028813723,0.013250129,0.0031032334,0.015057386,0.0,0.013965014,-0.03666552,0.005738371,0.0,0.0030898228,0.046637654,0.0,0.0,0.0,0.0,0.0,0.0,0.0,0.0,-0.005834282,0.0,0.0,0.0,0.0,0.0,0.0,0.0,0.0,0.0,0.0,0.0,0.0,0.0,0.0,0.0,0.0,0.0,0.0,-0.0036101178,-0.00624229,0.018065045,0.016788011,0.034638427,0.03645449,0.018151999,0.018769778,0.0,0.0,0.0,0.0,0.0,0.0,0.0,0.010378165,0.0,0.0,0.0,0.0040713274,0.0,0.0,0.0,0.014826712,0.0,0.0,0.0,0.0,0.013696436,0.0176563,-0.023220086,0.035148002,0.0051351083,0.015396723,0.047301896,0.042860936,0.005911228,0.010795844,0.021266771,0.013227469,0.0,0.0,-0.0013628195,-0.010725544,0.042340215,0.032816328,0.01729034,0.03200764,0.034594115,0.025546052,0.050613996,0.049480453,0.0,0.006653818,0.0,0.0051288498,0.0,0.0025842076,0.0,-0.012857395,0.025220403,0.027417006,0.0,5.719854e-05,0.0,0.026153373,0.005726461,0.01135916,0.0252781,0.011041521,0.008162884,0.019750355,-0.0037022114,0.005596269,0.0,-0.009997641,0.011894016,0.0014733217,0.0,-0.010426008,0.0,0.0062444196,0.0,-0.008425787,-0.016903387,0.0014315026,0.0,-0.010974548,-0.0020909852,-0.0058382726,0.0019378006,-0.0051883417,-0.013270086,0.0032545442,-0.011530438,0.00045022852,-0.005187736,0.03474784,-0.007270735,-0.0057359147
0.0,0.0,0.0,0.0,0.0,0.0,0.0,0.0,0.0,0.0,0.0,0.0,0.0,0.0,0.0,0.0,0.0,0.0,0.0,0.0,0.0,0.0,0.0,0.0,0.0,0.0,0.0,0.0,0.0,0.0,0.0,0.0,0.0,0.0,0.032035697,0.0,0.020715693,0.0,0.0,0.0,0.0,0.0,0.0,0.0,0.0,0.0,0.0,0.0,0.0,0.0,0.008674218,0.0,0.0,0.0,0.0,0.0,0.0,0.0,0.0,0.0,0.0,0.0,0.0,0.0,0.0,0.0,0.0,0.0,0.0,0.0,0.044086248,0.0,0.035382833,0.0,0.06912238,0.0,0.027262997,0.0,0.06476481,0.0,0.01722124,0.0,0.01793282,0.0,0.062306218,0.0,0.027752528,0.0,0.0,0.0,0.0,0.0,0.0,0.0,-7.022168e-05,0.0,0.030572992,0.0,0.00037936243,0.0,0.0,0.0,0.0,0.0,0.0,0.0,0.0,0.0,0.0,0.0,0.0,0.0,0.0,0.0,0.0,0.0,0.0,0.0,0.0,0.0,0.0,0.0,0.03788154,0.0,0.0,0.0,0.0,0.0,0.0,0.0,0.0,0.0,0.0,0.0,0.007118766,0.0,0.014467249,0.0,0.0,0.0,-0.0015628058,0.0,0.0060440856,0.0,0.036075875,0.0,0.0,0.0,0.0134938145,0.015041425,0.0,0.0,0.0,0.0,0.0,0.0,0.032568455,0.0,0.0,0.0,0.0,0.0,0.0,0.0,0.0,0.0,0.010523158,0.0,0.009447182,0.0,0.007827239,0.0,0.0077328,0.0,0.0,0.009248418,0.0,0.0,0.0,0.0,0.0,0.0,0.0,0.0,0.0,0.0,0.0,0.0,0.0,0.0,0.0,0.0,0.0,0.0,0.0,0.0,0.0,0.0,0.0,0.0,0.026334347,0.0,0.0,0.0,0.0,0.0,0.0,0.0,0.0,0.0,0.0,0.0,0.0,0.0,0.0,0.0,0.0,0.0,0.0,0.0,0.0,0.0,0.0,0.0,0.009310461,0.0,0.0,0.0,0.01478149,0.0,0.0,0.0,0.0,0.0,0.0,0.0,0.0,0.0,0.0,0.0,0.0,0.0,0.0,0.0,0.0,0.0
0.0,0.0,0.0,0.0,0.0,0.0,0.0,0.0,0.0,0.0,0.0,0.0,0.0,0.0,0.0,0.0,0.0,0.0,0.0,0.0,0.0,0.0,0.0,0.0,0.0,0.0,0.0,0.0,0.0,0.0,0.0,0.0,0.0,0.0,0.0,0.027506467,0.0,-0.01048377,0.0,0.0,0.0,0.0,0.0,0.0,0.0,0.0,0.0,0.0,0.0,0.0,0.0,0.012217351,0.0,0.0,0.0,0.0,0.0,0.0,0.0,0.0,0.0,0.0,0.0,0.0,0.0,0.0,0.0,0.0,0.0,0.0,0.0,0.0074720453,0.0,0.015265099,0.0,0.018875554,0.0,0.010673007,0.0,0.049846992,0.0,0.012815277,0.0,0.023836147,0.0,0.027032927,0.0,0.039704237,0.0,0.0,0.0,0.0,0.0,0.0,0.0,0.0071655824,0.0,0.0,0.0,-0.011319923,0.0,0.0,0.0,0.0,0.0,0.0,0.0,0.0,0.0,0.0,0.0,0.0,0.0,0.0,0.0,0.0,0.0,0.0,0.0,0.0,0.0,0.0,0.0,0.022176165,0.0,0.0,0.0,0.0,0.0,0.0,0.0,0.0,0.0,0.0,0.0,-0.016720077,0.0,-0.012913697,0.0,0.0,0.0,-0.011758187,0.0,0.013081495,0.0,-0.00941653,0.0,0.0,-0.0153658055,-0.017060863,0.0,0.0,0.0,0.0,0.0,0.0,0.0,0.0015785452,0.0,0.0,0.0,0.0,0.0,0.008218045,0.0,0.010095497,0.0,-0.020663401,0.0,-0.0027808147,0.0,-0.00070543494,0.0,-0.012941671,0.0,0.0029563121,0.0,0.0,0.0,0.0,0.0,0.0,0.0,0.0,0.0,0.0,0.0,0.0,0.0,0.0,0.0,0.0,0.0,0.0,0.0,0.0,0.0,0.0,0.0,0.0,0.0,-0.010624391,0.0,0.0,0.0,0.0,0.0,0.0,0.0,0.0,0.0,0.0,0.0,0.0,0.0,0.0,0.0,0.0,0.0,0.0,0.0,0.0,0.0,0.0,0.0,0.0,0.0,0.0061631366,0.0,0.0034842973,0.0,0.0,0.0,0.0,0.0,0.0,0.0,0.0,0.0,0.007314495,0.0,0.0,0.0,0.0,0.0,0.0
0.0,0.0,0.0,0.0,0.0,0.0,0.0,0.0,0.0,0.0,0.0,0.0,0.0,0.0,0.0,0.0,0.0,0.0,0.0,0.0,0.0010064382,0.0,0.0,0.0,0.0,0.0,0.0,0.0,-0.012441978,0.0,0.0,0.0,0.0,0.0,0.0013276124,0.0,7.646244e-05,0.0,0.0,0.0,0.0,0.0,0.0,0.0,0.0,0.0,0.0,0.0,0.0,0.0,0.0,0.0,0.0,0.0,0.0,0.0,0.0,0.0,0.0,0.0,0.0,0.0,0.0,0.0,0.0,0.0,0.0,0.0,0.0,0.0,0.016243272,0.0,0.0058654756,0.0,0.070000336,0.0,0.00034001126,0.0,0.0017211281,0.0,0.012550489,0.0,-0.0058481796,0.0,0.038793672,0.0,0.030023528,0.0,0.0,0.0,-0.00092402636,0.0,0.008988631,0.0,-0.0010540116,0.0,-0.0019625146,0.0,0.003023154,0.0,0.0,0.0,0.0,0.0,0.0,0.0,0.0,0.0,0.0,0.0,0.0,0.0,0.0,0.0,0.0,0.0,0.0,0.0,0.0,0.0,0.009102924,0.0,0.0,0.0,0.0,0.0,0.0,0.0,0.0,0.0,0.0,0.0,0.0,0.0,0.018091766,0.0,0.023466004,0.0,0.0,0.0,0.024352377,0.0,0.041906174,0.0,0.01103089,0.0,0.0,0.0,0.0,0.0,0.0,0.0,0.0,0.0,0.0,0.0,0.0,0.0,0.0,0.0,0.0,0.0,0.0,0.0,0.0,0.0,0.0,0.0,0.00062410627,0.0,0.0,0.0,0.0,0.0,0.0,0.0,0.0,0.0,0.0,0.0,0.0,0.0,0.0,0.0,0.0,0.0,0.0,0.0,0.0,0.0,0.0,0.0,0.0,0.0,0.0,0.0,0.0,0.0,0.0,0.0,0.05005932,0.0,0.0,0.0,0.0,0.0,0.0,0.0,0.0,0.0,0.0,0.0,0.0,0.0,0.0,0.0,0.0,0.0,0.0,0.0,0.0,0.0,0.0,0.0,0.0,0.0,0.0,0.0,0.0051324596,0.0,0.0,0.0,0.0,0.0,0.0,0.0,0.0,0.0,0.0,0.0,0.0,0.0,0.0,0.0,0.0,0.0
0.0,0.0,0.0,0.0,0.0,0.0,0.0,0.0,0.0,0.0,0.0,0.0,0.0,0.0,0.0,0.0,0.0,0.0,0.0,0.0,0.0,0.0,0.0,0.0,0.0,0.0,0.0,0.0,0.0,0.0,0.0,0.0,0.0,0.0,0.0,0.030564941,0.0,0.01791629,0.0,0.0,0.0,0.0,0.0,0.0,0.0,0.0,0.0,0.0,0.0,0.0,0.0,0.005048994,0.0,0.0,0.0,0.0,0.0,0.0,0.0,0.0,0.0,0.0,0.0,0.0,0.0,0.0,0.0,0.0,0.0,0.0,0.0,0.060332566,0.0,0.058344092,0.0,0.066903144,0.0,0.022090115,0.0,0.06845404,0.0,0.005413488,0.0,0.0028549104,0.0,0.025178254,0.0,0.039069384,0.0,0.0,0.0,0.0,0.0,0.0,0.0,0.0,0.0,0.0,0.0,0.001512445,0.0,0.0,0.0,0.0,0.0,0.0,0.0,0.0,0.0,0.0,0.0,0.0,0.0,0.0,0.0,0.0,0.0,0.0,0.0,0.0,0.0,0.05541385,0.0,0.0,0.0,0.0,0.0,0.0,0.0,0.0,0.0,0.0,0.0,0.0,0.0,-0.0038707235,0.0,0.0075921477,0.0,0.0,0.0,0.026718626,0.0,0.036514502,0.0,0.04663545,0.0,0.0,0.019023608,0.03289213,0.0,0.0,0.0,0.0,0.0,0.0,0.0,0.0464778,0.0,0.0,0.0,0.0,0.0,0.0457586,0.0,0.015520762,0.0,0.010705991,0.0,0.025361642,0.0,0.019655563,0.0,0.01567383,0.0,0.0228754,0.0,0.0,0.0,0.0,0.0,0.009735264,0.0,0.0,0.0,0.0,0.0,0.0,0.0,0.0,0.0,0.0,0.0,0.0,0.0,0.0,0.0,0.0,0.0,0.0,0.0,0.029586745,0.0,0.0,0.0,0.0,0.0,0.0,0.0,0.0,0.0,0.0,0.0,0.0,0.0,0.0,0.0,0.0,0.0,0.0,0.0,0.0,0.0,0.0,0.0,0.0,0.0,-0.008779178,0.0,0.008945997,0.0,0.0,0.0,0.0,0.0,0.0,0.0,0.0,0.0,0.0,0.0,0.0,0.0,0.0,0.0,0.0
0.0,0.0,0.0,0.0,0.0,0.0,0.0,0.0,0.0,0.0,0.0,0.0,0.0,0.0,0.0,0.0,0.0,0.0,0.0,0.0,0.0,0.0,0.0,0.0,0.0,0.0,0.0,0.0,0.0,0.0,0.0,0.0,0.0,0.0,0.0,0.0,-0.0075589116,0.0,0.0,0.0,0.0,0.0,0.0,0.0,0.0,0.0,0.0,0.0,0.0,0.0,0.0,0.0,0.0,0.0,0.0,0.0,0.0,0.0,0.0,0.0,0.0,0.0,0.0,0.0,0.0093517015,0.0,0.0,0.0,0.0,0.0,0.0,0.0,0.0050063487,0.0,0.0,0.0,0.0070733745,0.0,0.0,0.0,0.0,-0.014070314,0.0,0.0,0.0,0.0,0.0,0.0,0.0,0.01156224,0.0,0.0,0.0,0.0010162861,0.0,0.0,0.0,0.0,-0.0101918075,-0.020446194,0.0,0.0,0.0,0.004766362,0.0,0.0,0.0,0.009354279,0.0,0.0,0.0,0.0,0.0,0.0,0.0,0.0,0.0,0.0,0.0,0.0,0.0,0.0,0.0,0.0,0.0,0.03191701,0.016129715,0.01573852,0.017382799,0.0,0.0026641656,0.0025357686,0.03488904,0.028006183,-0.0020620902,0.0,-0.0077835666,-0.011142434,0.026119977,0.0,-0.014229262,0.0,0.0,0.0,0.0,0.0,0.032408267,0.010962748,0.024990015,0.011368331,0.0005185146,-0.0006755579,0.0012926846,-0.006792512,0.0,0.0,0.0,0.0,0.017629396,0.0,-0.011048019,0.0,0.011904882,0.0,-0.013749834,0.0,-0.009257067,0.0,0.008516361,0.0,0.0,0.0,-0.0021473372,0.0,-0.012737685,-0.01769049,0.0,0.0,0.0,0.0,-0.0009148471,-0.0043502958,0.0,0.0,0.014090914,0.0,0.0,0.0,0.0,0.0,0.0,0.0,0.0,0.0,0.0,0.0,0.0,-0.00925632,0.0,0.0,0.0,0.0,0.0,0.0,0.0,0.0,0.010205361,0.0,0.011233077,0.0,0.0,0.0,0.0067196987,0.010421865,-0.008040441,0.0,-0.005132626,-0.000909582,0.0090687545,0.0039679282,-0.01053098,0.0,-0.0017805449,-0.0025100017,-0.0061696395,4.8996302e-05,-0.0010750319,0.00088693696,-0.004855953,-0.009647875,-0.002520424,-0.012071917,0.0,0.0,0.0035862222,0.0,0.0071045277,-0.00089927495,-0.0009623111,-0.0053072036,-0.003922413,-0.00038624243,0.003848031,0.0066444874,-0.004980052,-0.0022882773
0.0,0.0,0.0,0.0,0.0,0.0,0.0,0.0,0.0,0.013490278,0.0,0.0,0.0,0.0,0.0,0.0,0.0,0.0,0.0,0.0,0.0,0.0,0.0,0.0,0.0,0.0,0.0,0.0,0.0,0.0,0.0,0.0,0.0,0.0,0.0,0.0,0.0,0.0,0.0,0.0,0.0,0.0,0.0,0.0,0.0,0.0,0.0,0.0,0.0,0.0,0.0,-0.0039423155,0.0,0.0,0.0,0.0,0.0,0.0,0.0,0.0,0.0,0.0,0.0,0.0,0.005245481,0.025380973,0.0,0.0,0.0,0.008093949,0.0,0.0,0.0,0.005108251,0.0008023799,0.0,0.0,0.0,0.0,0.0,-0.008113394,0.0,0.0039204755,0.0,0.0,0.0,7.537104e-05,0.0,0.0,0.0,0.001552055,0.0,0.0,0.0,0.0,0.0,-0.0034670888,0.0,-0.0117902635,0.0,0.0,0.0,0.010434837,0.0,0.0,0.0,0.0,0.0,0.0,0.0,0.0,0.0,0.0,0.0,0.0,0.0,0.0,0.0,0.0,0.0,0.0,0.0,0.0,0.0,0.031645935,0.0,0.009343629,0.024986288,0.0,0.044975083,0.0017182085,0.0208127,0.026363619,0.038981978,0.0,0.010805176,-0.00927232,-0.011521445,0.0,0.006373647,-0.010189774,-0.009937341,0.0,0.0,0.0,0.0165875,0.02454694,0.013982783,0.016279994,0.024188468,-0.0041915406,-0.0034892804,0.007547213,0.0002666829,0.0,0.02274342,0.0,0.0,0.0,0.022937687,-0.005981569,-0.00334311,0.0,0.0,0.0,-0.0012134335,0.0,-0.009047879,0.0,0.011305346,0.0,0.0,0.0,0.0,-0.0068198824,-0.009478449,0.0,0.0,0.0,0.0,0.0033714077,-0.0026529627,0.0,0.0,0.0,0.006307732,0.0,0.0,0.0,0.0,0.0,0.0,0.0,0.0,0.0,0.0,0.0,0.0,0.0,0.0,0.0,0.0,0.0,0.0,0.0,0.0,0.0,0.014475716,0.0,0.00096015295,0.0,0.0,0.0075991177,0.006083063,0.0027763103,0.006940486,-0.0021447595,-0.0005190898,0.0029592945,-0.0015395342,0.0,0.004159023,0.0071351244,0.0054226466,-0.0061308388,0.0014773397,-0.0045868084,-0.0010456635,-0.0054304153,0.0018567565,-0.00094995735,-0.001715651,0.0,0.0070837983,-8.839758e-05,0.004945631,-0.0034243318,-0.0025853994,0.00077579083,0.0075272666,0.0009184359,0.0036943043,-0.0010944429,-0.0037454779,-0.0058556935,0.0029146879
0.0,0.0,-0.00028566018,0.0,0.0,0.0,0.0,0.0,0.0,0.0,0.0,0.0,0.0,0.0,0.0,0.0,0.0,0.0,0.0,0.0,0.0,0.0,0.0,0.0,0.0,0.0,0.0,0.0,0.0,0.0,0.0,0.0,0.0,0.0,0.0,0.0,0.0,0.0,0.0,0.0,0.0,0.0,0.0,0.0,0.0,0.0,0.0,0.0,-0.0013113815,0.0,0.0,0.0,0.0,0.0,0.0,0.0,0.0,0.0,0.0,0.0,0.0,0.0,0.0,0.0,0.0,0.0,0.0,0.0,-0.0006718412,0.0,0.0,0.0,-0.0070863552,0.0,0.0,0.0,-0.0031830147,0.0,0.0,0.0,0.0,0.0,0.0,0.0,-0.018897554,0.0,0.0,0.0,0.0007144521,0.0007735789,0.019106079,0.0,0.0,-0.0035456046,0.0,0.0,-0.008023046,0.0,0.0,0.0,0.0,0.0,-0.001965707,0.0034395533,0.006819176,0.0,0.011530484,0.0056411335,0.0,0.0,0.0,0.0,0.00022016044,0.0,0.0,0.0,0.0046466948,0.0,-0.0038534473,0.0,0.0,0.0,0.0,0.0,0.018716836,0.017407749,0.0,0.048113525,0.026588721,0.0,-0.00077098695,0.0,0.033578772,0.0,0.0223948,0.0,0.023277726,0.017217567,0.0,0.0,0.0,0.0,-0.0017264915,0.0,0.0,0.0,0.034651317,0.041915152,0.000102787686,0.006556143,0.0014607786,0.010286734,-0.0028110615,0.0026433486,0.0,0.0,0.0,0.0,0.0,0.0,0.0,0.0,0.0,0.0,0.0,0.0,0.0,0.0,0.002130993,0.0,0.0,0.0,0.0,0.0,-0.002879436,-0.0065062717,0.0,0.0,0.0,0.0,-0.0056075654,-0.0018530902,0.0,0.0,0.0,0.0,0.0,0.0,0.007740622,0.0,-0.010357427,-0.0055199005,-0.0077651544,-0.009803233,-0.00031238544,0.0,-0.0052674194,-0.006953383,0.017455013,0.0,0.005980086,0.0,-0.0030985132,0.0,0.010944759,0.0,0.009147666,0.0015053244,0.04542367,0.030192036,0.0037534474,0.0,-0.0015603817,-0.0028038986,0.00024792278,0.0,-0.0009475401,-0.004714862,0.0035388242,0.0005334475,0.0022642072,0.0,-0.0048524723,0.0045375586,0.00043070377,-0.0039586592,0.0023559874,0.004179421,0.0072555267,0.0041216305,0.0029563531,0.0037622342,0.0,0.0,0.0056095044,0.0,0.0009246504,-0.0046405313,0.016965756,0.0063505657,0.0007365321,0.0030278733,0.011802337,0.0023648178,0.0054663117,0.0
0.0,0.0,0.0,0.0,0.0,0.0,0.0,0.012961896,0.0,0.0,0.0,0.0,0.0,0.0,0.0,0.0,0.0,0.0,0.0,0.0,0.0,0.0,0.0,0.0,0.0,0.0,0.0,0.0,0.0,0.0,0.0,0.0,0.0,0.0,0.0,0.0,0.0,0.0,0.0,0.0,0.0,0.0,0.0,0.0,0.0,0.0,0.0,0.0,0.0,0.0,0.0,0.0,0.0,0.0,0.0,0.0,0.0,0.0,0.0,0.0,0.0,0.0,0.0,0.0,0.0,0.0029568216,0.0,0.0,0.0,0.0070034843,0.0,0.0,0.0,0.0,0.0,0.0,0.0,0.004106362,0.0,0.0,0.0,0.0,0.0,0.0,0.0,0.0,0.0,0.0,0.0003643157,0.0034942296,0.004392449,-0.001263863,0.0024965655,0.0036783705,0.0,0.0,-0.0053413007,0.011555107,-0.0033033735,-0.00045599238,0.0,0.0052463426,0.0083484575,0.006464994,0.0,0.0100024985,0.006726023,0.00712512,0.0,-3.851612e-06,0.0,0.0,0.0,0.008615256,0.0,0.0,0.0,0.0,0.0,0.00084448425,0.0,0.0,0.0,0.0,0.012332357,0.02508768,0.02924299,0.0,0.0,0.008526457,0.0,0.008621252,0.0,0.02528008,0.0,0.019898538,0.0,0.002826371,0.0,0.005323617,0.0,0.0,0.0,-0.0034888058,0.0,0.0,0.020530684,0.033296112,0.0019930378,0.008581394,-0.01125428,-0.0020665016,-0.010483022,-0.004675775,0.0,0.0,0.0,0.0,0.0,0.0,0.0,0.0,0.0,0.0,0.0,0.0018718883,0.0,0.0,0.0,-0.0015863737,0.0,0.0,0.0,0.0,-0.012878844,-0.009401717,0.0,0.0,0.0,0.0,-0.0072873337,-0.006625943,0.0,0.0,0.0,0.0,0.0,0.0,0.0,0.0,-0.008296543,0.0024369452,0.0042774817,0.0011413752,0.0,0.011792075,-0.007379416,-0.0019784288,0.0,0.01799866,0.0,0.011365171,0.0,0.011984085,0.0,0.011789548,0.017372513,0.015364348,0.023946347,0.027650977,0.0,0.0,-0.004048461,-0.0009222056,0.0029954,0.010450354,-0.003501047,0.00022622687,0.0044055134,0.0044179484,0.0037441219,0.006011058,0.003900332,0.004425488,0.0037945453,0.0017441807,-0.0024969275,-0.0007809354,0.0020044097,0.0048505673,-0.003523129,-0.0012240753,0.0,-0.0012624621,0.0,0.002715866,-0.002270824,-0.0011770052,0.0009850527,0.0028128289,-0.0007265126,0.0034445538,0.0024275223,-0.002745252,0.0009881046,6.96265e-05
0.0,0.0,0.0,0.0,0.0,0.0,0.0,0.0,0.0,0.0,0.0,0.0,0.0,0.0,0.0,0.0,0.0,0.0,0.0,0.0,0.0,0.0,0.0,0.0,0.0056597195,0.0,0.0,0.0,0.0,0.0,0.0,0.0,0.0,0.0,0.0,0.0,0.0,0.0,0.0,0.0,0.0,0.0,0.0,0.0,0.0,0.0,0.0,0.0,0.0,0.0,0.0,0.0,-0.010252782,0.0,0.02798528,0.0,0.012041014,0.0,0.0,0.0,0.0,0.0,-0.001696404,0.0,0.0,0.0,0.0,0.0,0.0,0.0,0.0,0.0,0.0,0.0,0.0,0.0,0.0,0.0,0.0,0.0,0.0,0.0,0.0,0.0,0.0,0.0,0.0,0.0,0.0,0.0,0.0,0.0,0.0,0.0,0.0,0.0,0.0,0.0,0.0,0.0,0.0,0.0,0.0,0.0,0.0,0.0,0.0,0.0,0.0,0.0,0.0,0.0,0.0,0.0,0.0,0.0,0.0,0.0,0.0,0.0,0.0,0.0,0.0,0.0,0.026641803,0.0,0.045661613,0.0,0.0,0.0,0.002114285,0.0,0.05137693,0.0,0.0,0.0,0.03425114,0.0,0.038590223,0.0,0.017277908,0.0,0.009088142,0.0,0.0127598485,0.0,0.0,0.0,0.0,0.0,0.0,0.0,0.0,0.0,-0.0040755044,0.0,0.014637193,0.0,0.017459653,0.0,-0.006388192,0.0,0.0,0.0,0.0,0.0,0.0,0.0,0.0,0.0,0.0,0.0,0.0,0.0,0.0,0.0,0.0,0.0,0.0,0.0,0.0,0.0,0.0,0.0,0.0,0.0,0.0,0.0,0.0,0.0,0.0,0.0,0.0,0.0,0.0,0.0,0.0,0.0,0.0,0.0,0.0,0.0,0.0,0.0,0.0,0.0,0.0,0.0,0.0,0.0,0.0,0.0,0.0,0.0,0.0,0.0,0.0,0.0,0.0,0.0,-0.005513524,0.0,0.0,0.0,0.0,0.0,0.0,0.0,0.006227795,0.0,0.0,0.0,0.0,0.0,0.017187454,0.0,0.0,0.0,0.0,0.0,0.0,0.0,0.0,0.0,0.0,0.0
0.0,0.0,0.0,0.0,0.0,0.0,0.0,0.0,0.0,0.0,0.0,0.0,0.0,0.0,0.0,0.0,0.0,-0.01715528,0.0,0.0,0.0,0.0,0.0,-0.0076114675,0.0,-0.0037897527,0.0,0.0,0.0,-0.011219543,0.0,-0.0032538201,0.0,0.0,0.0,0.0,0.0,0.0,0.0,0.0,0.0,0.0,0.0,0.0,0.0,0.0,0.0,0.0,0.0,0.0,0.0,-0.0030415845,0.0,0.007330231,0.0,0.0017718214,0.0,0.052738346,0.0,0.0,0.0,0.04412141,0.0,-0.009447125,0.0,0.0,0.0,0.0,0.0,0.0,0.0,0.0,0.0,0.0,0.0,0.0,0.0,-0.0058005974,0.0,0.0,0.0,0.0,0.0,0.0,0.0,0.0,0.0,0.0,0.0,0.0,0.0,0.0,0.0,0.0,0.0,0.0,0.0,0.0,0.0,0.0,0.0,0.0,0.0,0.0,0.0,0.0,0.0,0.0,0.0,0.0,0.0,0.0,0.0,0.0,0.0,0.0,0.0,0.0,0.0,0.0,0.0,0.0,0.0,0.0,0.0,0.061545677,0.0,0.011580839,0.0,0.0,0.0,0.038379733,0.0,0.047010884,0.0,0.0,0.0,-0.011213442,0.0,0.019410899,0.0,-0.0021282122,0.0,0.0,0.0,0.04005941,0.0,0.0,0.0,0.0,0.0,0.0,0.0,0.0,0.0,0.04762331,0.0,0.04434611,0.0,0.058640007,0.0,0.00048325202,0.0,0.021602845,0.0,0.0022971388,0.0,0.0005093072,0.0,0.01291561,0.0,0.0,0.0,0.0,0.0,0.0,0.0,0.0,0.0,0.0,0.0,0.0,0.0,0.0,0.0,0.0,0.0,0.0,0.0,0.0,0.0,0.0,0.0,0.0,0.0,0.0,0.0,0.0,0.0,0.0,0.0,0.0,0.0,0.0,0.0,0.0,0.0,0.0,0.0,0.0,0.0,0.0,0.0,0.0,0.0,0.0,0.0,0.0,0.0,0.0,0.0,0.010313792,0.0,0.0,0.0,-0.000943989,0.0,-0.0051086214,0.0,0.01609626,0.0,0.0,0.0,0.0,0.0,0.014797969,0.0,0.0,0.0,0.0,0.0,0.0,0.0,0.0,0.0,0.0
0.0,0.0,0.0,0.0,0.0,0.0,0.013115505,0.0,0.017734913,0.0,0.0,0.0,0.0,0.0,0.0,0.0,0.0,0.0,0.0,0.0,0.0,0.0,0.0,0.0,0.0115239,0.0,0.0,0.0,0.0,0.0,0.0,0.0,0.0,0.0,0.0071435296,0.0,0.009493136,0.0,0.0,0.0,0.0,0.0,0.0,0.0,0.0,0.0,0.0,0.0,0.0011171135,0.0,0.0015001527,0.0,0.027944064,0.0,0.012354185,0.0,0.02300914,0.0,0.035776507,0.0,0.0,0.0,0.0,0.0,0.035239533,0.030538492,0.033502147,0.02927414,0.008674291,0.0,0.0012571738,-0.0023326944,-4.5537556e-05,0.0,0.0,-0.0025490639,0.010598396,-0.0042890897,0.0,-0.0019169417,0.0,0.0061808988,0.0,0.0,0.0,0.0,0.0,0.0019200897,0.0,0.0,0.0,0.0,0.0,0.0,0.0,0.0,0.0,0.0,0.0,0.0,0.0,0.0,0.0,0.0,0.0,0.0,0.0,0.0,0.0,0.0,0.0,0.0,0.0,0.0,0.0,0.0,-0.01135059,0.0,0.0,0.0,0.0,0.0,0.0,0.0,0.023287732,0.007689279,5.8367614e-06,0.0,0.009319313,0.0,0.0,0.016467972,0.008712629,-0.004582196,0.0,0.0,0.0057607396,0.0,0.012835749,0.0,0.010234753,0.009416183,0.0,0.0,0.0141918445,0.011040121,0.0056437836,-0.0016594338,0.025739772,0.025501646,0.0,0.0,0.010319755,0.010850819,0.03690748,0.0,0.017409982,0.0,0.019029167,0.0,0.025881015,0.04420341,0.021712737,0.0,-0.00016434897,0.0,0.016941901,0.0,0.01633635,0.011929366,0.017875474,0.0,0.01778605,0.0,0.015438911,0.014101282,0.0030415894,0.0,0.0,0.0,0.010495624,0.0,0.019965146,0.0,0.028300108,0.020673107,0.0,0.0,0.0,0.0,0.0,0.0,0.0,0.0,0.0,0.0,0.0,0.0,0.0,0.0,0.0,0.0,0.0,0.0,0.0,0.0,0.0,0.0,0.0,0.0,0.0,0.0,0.013720535,0.0,0.012991139,0.0,0.0,0.016012162,0.010416343,0.010755701,0.0061165453,0.0,0.0067852396,0.0075921523,0.008317922,0.0,0.016805321,0.01709034,0.001751559,0.0031333172,0.00973395,-0.0010514711,0.014035222,0.0,0.004259279,-0.00901159,0.012498831,0.013128694,0.0010992616,-0.0039742542,0.006824533,0.006527392,0.007746857,0.017564492,-0.007943141,-0.009784414
0.0,0.0,0.0,0.0,0.0,0.0050829463,0.0,-0.003252474,0.0,0.0076087564,0.0,0.0,0.0,0.0,0.0,0.0,0.0,0.0,0.0,0.0,0.0,0.0,0.0,0.0,0.0,0.0,0.0,-0.008778954,0.0,0.0,0.0,0.0,0.0,0.0,0.0,-0.00016300415,0.0,-0.0054863384,0.0,0.0,0.0,0.0,0.0,0.0,0.0,0.0,0.0,0.0,0.0,0.0,0.0,-0.002953942,0.0,0.012134929,0.0,-0.0025014067,0.0,0.02239981,0.0077994894,0.013891019,0.0,0.018859278,0.0,0.0,0.023025645,0.0258415,0.010405831,0.022203725,0.0,0.002294032,-0.0034909898,-0.006252266,-0.00757377,-0.0057773,0.0007574594,-0.006995279,0.0,0.00585974,0.0,0.0,0.0,0.0,0.0,0.0,0.0,0.0,0.0,0.0,0.0,0.0,0.0,0.0,0.0,0.0,0.0,0.0,0.0,0.0,0.0,0.0,0.0,0.0,0.0,0.0,0.0,0.0,0.0,0.0,0.0,0.0,0.0,0.0,0.0,0.0,0.0,0.0,0.0,0.0,0.0,0.0,0.0,0.0,0.0,0.0,0.019012168,0.03229341,0.0,0.007184461,0.0,0.023291774,0.02253401,0.0,0.0,0.016790325,0.0,0.0,0.0,-0.010745556,0.0,-0.008748357,-0.0061634746,-0.01254482,0.0,0.0,-0.0030157263,0.00840698,0.0097950045,0.003106547,0.015701322,0.021470767,0.0,0.0,0.006767744,0.007389689,0.0,0.023762325,0.0,0.014702167,0.0,0.013537948,0.007413306,0.020295713,0.0,0.000905899,0.0,0.004355359,0.0,0.0018213555,0.003550819,0.000971469,0.0,0.008859259,0.0,0.002651317,0.004237848,0.009023736,0.0023743417,0.005454343,0.0,0.0,0.0110105425,0.0027510035,0.0,0.0045029367,0.008833188,0.0042360527,0.0,0.0,0.0,0.0,0.0,0.0,0.0,0.0,0.0,0.0,0.0,0.0,0.0,0.0,0.0,0.0,0.0,0.0,0.0,0.0,0.0,0.0,0.0,0.0,0.0,-0.010625225,0.0,0.005020833,0.0,0.012343931,-0.00015389151,-7.956301e-05,0.0,0.003705427,0.0,0.004344103,0.010395254,-0.0010000847,-0.0038214119,-0.0028542504,-0.00031240535,-0.00092677417,-0.006223483,0.0052922107,-0.0022302845,-0.0041429563,0.012499467,0.0032159146,-0.0064835865,0.0037980997,0.0006242718,0.00070216204,-0.01176469,-0.004020552,-9.463508e-05,0.0033885806,0.0005999221,0.00097416854,-0.0060569597,-0.005358181
0.0,0.0,0.0,0.0,0.0,0.0,0.0,0.0,0.0,0.0,0.0,0.0,0.0,0.0,0.0,0.0,0.0,0.0,0.0,0.0,0.0,0.0,0.0,0.0,0.012291567,0.0,0.0,0.0,0.0,0.0,0.0,0.0,0.0,0.0,0.0,0.0,0.0,0.0,0.0,0.0,0.0,0.0,0.0,0.0,0.0,0.0,0.0,0.0,0.0,0.0,0.0,0.0,0.0,0.0,0.04920036,0.0,0.0,0.0,0.0,0.0,0.0,0.0,0.0,0.0,0.0,0.0,0.0,0.0,0.0,0.0,0.0,0.0,0.0039131334,0.0,0.0,0.0,-0.007862347,0.0,0.0,0.0,0.0,0.0,0.0,0.0,0.0,0.0,0.0,0.0,0.014116437,0.0,0.02972606,0.0,0.0,0.0,0.0,0.0,0.0063560824,0.0,-0.0020161036,0.0,0.0,0.0,0.0056575993,0.0,0.0,0.0,0.036995605,0.0,0.0,0.0,0.0,0.0,0.0,0.0,0.0,0.0,0.0,0.0,0.0,0.0,0.0,0.0,0.0,0.0,0.04525634,0.04394011,0.053006083,0.0,0.062153216,0.0,0.016193915,0.0,0.0,0.0,0.022065228,0.0,0.02513517,0.0,0.042285334,0.0,0.008338589,0.0,0.0012633614,0.0,0.014715841,0.0,0.038793847,0.032863665,0.027447555,0.019358605,-0.0020004688,0.0,0.0,0.0,0.008006096,0.0,0.0,0.0,0.025960494,0.0,0.0026681602,0.0,0.006323934,0.0,0.0,0.0,0.0,0.0,0.008083289,0.0,0.0,0.0,0.0,0.0,0.0,0.0,0.0,0.0,0.0,0.0,0.0,0.0,0.0,0.0,0.0,0.0,0.0,0.0,0.0,0.0,0.0,0.0,0.0,0.0,0.0,0.0,0.0,0.0,0.0,0.0,0.0,0.0,0.0,0.0,0.0,0.0,0.05716731,0.0,0.05767643,0.0,0.0,0.0,0.0026845,0.0,0.0,0.0,0.0018276748,-0.0009471933,-0.0014692851,0.0,0.011363248,0.0,-0.005281892,0.0,0.00581206,0.0,-0.0068965326,0.0,0.011998058,0.0,0.0,0.0,0.0,0.0,0.0187797,0.0,-0.001085823,0.0,0.025084859,0.0,0.01034079,0.013292281,0.010200827,0.0,0.015968543,0.0
0.0,0.0,0.0,0.0,0.0,0.0,0.0,0.0,0.0,0.0,0.0,0.0,0.0,0.0,0.0,0.0,0.0,0.007727535,0.0,0.0,0.0,0.0073823766,0.0,0.0,0.0,0.0076129274,0.0,0.0,0.0,0.0,0.0,0.014581445,0.0,0.0,0.0,0.0,0.0,0.0,0.0,0.0,0.0,0.0,0.0,0.0,0.0,0.0,0.0,0.0,0.0,0.0,0.0,0.0011292977,0.0,-0.0037563688,0.0,0.027403113,0.0,0.013538663,0.0,0.0,0.0,0.0,0.0,0.026593978,0.0,0.0,0.0,0.0,0.0,0.0,0.0,0.0,0.0,0.0071022455,0.0,0.0,0.0,0.0,0.0,0.0,0.0,0.0,0.0,0.0,0.0,0.0,0.0,0.0,0.0,0.0,0.0,0.0,0.0,0.0,0.0,0.0,0.0,0.0,0.0,0.0,0.0,0.0,0.0,0.0,0.0,0.0,0.0,0.0,0.0,0.0,0.0,0.0,0.0,0.0,0.0,0.0,0.0,0.0,0.0,0.0,0.0,0.0,0.0,0.0,0.024664426,0.043416396,0.0,0.058100935,0.0,0.0329206,0.0004510355,0.00886407,0.0,0.0,0.0,0.039857917,0.0,0.014824612,0.0,0.033175252,0.0,0.009343335,0.0,0.013592355,0.0,0.024571719,0.035489548,0.040639073,0.014706197,0.019973578,0.0,0.0,0.0,0.0,0.0,0.0074590617,0.0,0.014502619,0.0,0.03132031,0.0,-0.007242865,0.0,0.0,0.0,0.0046352106,0.0,-0.0032186315,0.0,0.013458325,0.0,0.0,0.0,0.0,0.0,0.0007262022,0.0,0.0,0.0,0.0,0.0,0.0007814573,0.0,0.0,0.0,0.0,0.0,0.0,0.0,0.0,0.0,0.0,0.0,0.0,0.0,0.0,0.0,0.0,0.0,0.0,0.0,0.0,0.0,0.0,0.0,0.0,0.0,0.0,0.0,0.041114874,0.0,0.0,0.0,0.0011427198,0.0,-0.00042092046,0.0,-0.0010274559,0.0,-0.0020085603,0.0,0.008017033,0.0054890597,0.0040823384,0.0,0.0044790735,0.0,0.0,0.0,0.0034266075,0.0,0.0072275237,0.0,0.0,0.0,0.011535572,0.0,0.0,0.013565159,0.023501836,0.0016849893,0.009573705,0.0077437507,0.0,0.0,0.015671054
0.0,0.0,0.0,0.0,-0.0049490514,0.0,0.0,0.0,0.0,0.0,0.0,0.0,0.0,0.0,0.0,0.0,0.0,0.0,0.0,0.0,0.0,0.0,0.0,0.0,0.0,0.0,0.0,0.0,0.0,0.0,0.0,0.0,0.0,0.0,0.0,0.0,0.0,0.0,0.0,0.0,0.0,0.0,0.0,0.0,0.0,0.0,0.0,0.0,0.0,0.0,0.0,0.0,0.0,0.0,0.0,0.0,0.0,0.0,0.0,0.0,0.0,0.0,0.0,0.0,0.0,0.0,0.0,0.0,-0.009713195,0.0,0.0,0.0,-0.0061782105,0.0,-0.008415104,0.0,-0.007336621,0.0,-0.009903073,0.0,0.0,0.0,-0.008983317,0.0,0.0043323417,0.0,-0.012436926,0.0,0.009275981,0.0,0.033268042,0.0,-0.00990098,0.0,0.0,0.0,0.003603869,0.0,0.035425495,0.0,0.0012501742,0.0,0.004496827,0.0,0.0068181795,0.0,0.01550987,0.0,0.0001686604,0.0,0.022434378,0.0,0.022831727,0.0,0.0,0.0,-0.0074523864,0.0,-0.0005173147,0.0,-0.014140895,0.0,-0.0010548766,0.0,-0.005616751,0.0,0.044682376,0.0,0.0,0.0,0.0,0.0,0.004565388,0.0,0.0,0.0,0.041378736,0.0,0.0,0.0,0.011820993,0.0,0.0044822083,0.0,0.0,0.0,0.017093902,0.0,0.0,0.0,0.02807969,0.026492225,0.0,0.0,0.0,0.0,0.0,0.0,0.0,0.0,0.0,0.0,-0.008156519,0.0,0.0,0.0,0.0,0.0,-0.0008192511,0.0,0.0,0.0,0.0,0.0,0.0,0.0,0.0,0.0,0.0,0.0,0.035117976,0.033070337,0.0,0.0,0.0,0.0,0.0,0.0,0.0,0.0,-0.01362408,0.0,-0.0047464776,0.0,-0.010801879,0.0,-0.0025610083,-0.003932404,0.011369103,0.0,-0.0012079293,0.0,0.0007149302,0.0,0.011030697,0.0,0.0063797985,0.0,0.045658518,0.0,0.0,0.0,-0.008445761,0.0,-0.0007649813,0.0,-0.0021489302,-0.00075574085,0.0049138633,0.0,0.0076644816,0.0,0.0058257086,0.0,0.0052910214,0.0,0.008638691,0.0,0.004385794,0.0,0.007075841,0.0,0.0,0.0,0.0,0.0,0.0068572946,0.0,0.016000492,0.0093143275,0.020740109,0.0,0.022798032,0.0,0.012206522,0.0
0.0,0.0,0.0,0.0,0.0,0.0,0.0,0.0,0.0,0.0,0.0,0.0,0.0,0.0,0.0,0.0,0.0,-0.0011616478,0.0,0.0019860743,0.0,0.0026727878,0.0,0.0,0.0,0.0,0.0,0.0,0.0,0.0,0.0,-0.006747496,0.0,0.0,0.0,-0.0067229783,0.0,0.013722522,0.0,0.0,0.0,0.0,0.0,0.0,0.0,0.0,0.0,0.0,0.0,0.0,0.0,-0.00456276,0.0,0.0,0.0,0.0,0.0,0.0,0.0,0.0,0.0,0.0,0.0,0.0,0.0,0.0,0.0,0.0,0.0,0.010986383,0.0,-0.0064329864,0.0,-0.006319893,0.0,-0.0057912683,0.0,-0.006234915,0.0,-0.004073489,0.0,0.0023551628,0.0,0.001748033,0.0,-0.0066711386,0.0,-0.0053448896,0.0,0.0023254387,0.0,0.007230574,0.0,-0.008506652,0.0,-0.0013549293,0.0,0.031641174,0.0,0.012276627,0.0,0.015980503,0.0,0.0093950685,0.0,-0.0017709297,0.0,0.0045895977,0.0,0.0,0.0,0.011883364,0.0,0.01984699,0.0,0.0,0.0,0.0,0.0,0.0,0.0,-0.010472775,0.0,-0.015008211,0.0,0.019059384,0.0,0.03565822,0.0,0.0,0.0,0.0,0.0,0.01800757,0.0,0.0,0.0,0.01909517,0.0,0.0,0.0,0.005855412,0.0,0.011602413,0.0,0.0,0.0,0.0,0.0,0.0,0.0,0.018737,0.0,0.0,0.0,0.0,0.0,0.0,0.0,0.0,0.0,0.0,0.0,0.0,0.0,-0.0033101016,0.0,0.0068506505,0.0,0.0001457008,0.0,0.0,0.0,0.0,0.0,0.0,0.0,0.0,0.0,0.0,0.0,0.0,0.0,0.0,0.0,0.0,0.0,0.0,0.0,0.0,0.0,0.0,0.0,-0.014187516,0.0,0.0,0.0,0.0,0.0,0.00015869478,0.0,-0.0023821783,0.0,-0.016015733,0.0,-0.001030223,0.0,0.0031091252,0.0,0.021158628,0.0,0.0,0.0,0.0041036387,0.0,-0.0007407483,0.0,0.0076814624,0.0,0.0,0.0,0.0061096344,0.0,-0.005391871,0.0,-0.008953817,0.0,0.0020709266,0.0,0.0030176856,0.0,0.0,0.0,0.0,0.0,-0.0047659734,0.0,0.0,0.0,0.004047421,0.0,0.008253808,0.0,0.0055893054,0.0,-0.00037615505
0.0,0.0,0.0,0.0,0.0,0.0,0.008027638,0.0,0.0,0.0,0.0,0.0,0.0,0.0,0.0,0.0,0.031054104,0.0,0.0,0.0,0.0,0.0,0.014033178,0.0,0.033077773,0.0,0.0,0.0,0.0,0.0,0.0,0.0,0.0,0.0,0.0,0.0,0.0,0.0,0.0,0.0,0.0,0.0,0.0,0.0,0.0,0.0,0.0,0.0,0.0,0.0,0.0,0.0,-0.00055490754,0.0,0.009084244,0.0,0.0,0.0,0.0,0.0,0.0,0.0,0.019152401,0.0,0.0,0.0,0.0,0.0,0.0,0.0,-0.0069961124,0.0,-0.008352845,0.0,0.014981877,0.0,-0.015834602,0.0,-0.0062947026,0.0,0.03856715,0.0,-0.008587821,0.0,0.020156693,0.0,0.0040948126,0.0,0.013662289,0.0,0.032551214,0.0,-0.0015580754,0.0,0.011646155,0.0,0.013305588,0.0,0.046699062,0.0,0.0067220246,0.0,0.0037023271,0.0,0.0,0.0,0.021816546,0.0,0.0,0.0,0.0,0.0,0.0,0.0,0.0,0.0,0.0,0.0,0.0,0.0,-0.0017862688,0.0,0.017762033,0.0,-0.0068658446,0.00018588416,0.046888404,0.0,0.038238015,0.0,-0.0039735623,0.0,0.006155096,0.0,0.057710424,0.0,0.0,0.0,0.02386633,0.0,0.045260087,0.0,0.017949563,0.0,0.0,0.0,0.020398172,0.03849727,0.0,0.0,0.03384508,0.0,0.0,0.0,0.0041913125,0.0,0.0,0.0,-0.0019660618,0.0,0.0,0.0,0.0,0.0,0.0,0.0,0.0,0.0,-0.00052632496,0.0,0.0,0.0,0.0,0.0,0.0,0.030284686,0.0,0.0,0.0,0.0,-0.0007406906,0.0,0.0,0.0,0.0,0.0,0.0,0.0,0.0,0.0,0.0,0.0,0.0,0.0,0.0,0.0,0.0,0.0,0.0,0.0,-0.00413196,0.0,0.0,0.0,0.0,0.0,0.0,0.0,0.047626674,0.0,0.0,0.0,-0.011024906,0.0,-0.009584105,0.0,-0.003760873,-0.0019865022,0.0,0.0,0.010763393,0.0,-0.0032700596,0.0,0.01023034,0.0,0.0,0.0,0.010126277,0.0,0.015397606,0.0,0.0,0.0,0.0025730068,0.0,0.0060054604,0.0,0.022964105,0.0,0.014111777,0.0,0.018273253,0.0,0.01713948,0.0
0.0,0.0,0.0,0.0,0.0,0.0,0.0,0.009829861,0.0,0.0,0.0,0.0,0.0,0.0,0.0,0.0,0.0,0.028574063,0.0,0.0,0.0,0.027844343,0.0,0.030151198,0.0,0.02998599,0.0,0.0,0.0,0.0010522932,0.0,-0.0078013195,0.0,0.0,0.0,0.0029348852,0.0,0.0,0.0,0.0,0.0,0.0,0.0,0.0,0.0,0.0,0.0,0.0,0.0,0.0,0.0,0.0,0.0,0.00047723588,0.0,0.0061491104,0.0,-0.001285013,0.0,0.0,0.0,0.0,0.0,0.011716762,0.0,0.0,0.0,0.0,0.0,-0.004237364,0.0,-0.0064082798,0.0,-0.008267683,0.0,-0.007615988,0.0,-0.006443717,0.0,-0.014626127,0.0,0.032638106,0.0,0.00305207,0.0,0.007062928,0.0,0.008364657,0.0,-6.834166e-05,0.0,0.0076800506,0.0,-0.0020346479,0.0,0.0114290435,0.0,0.012617292,0.0,0.031677887,0.0,0.009523998,0.0,0.00079206337,0.0,0.0018382792,0.0,0.0031002257,0.0,0.0,0.0,0.0,0.0,-0.008278301,0.0,0.0,0.0,0.0,0.0,0.0,0.0,-0.0074957754,0.0,-0.008169682,-0.012839784,-0.00029180184,0.0077364063,0.021411084,0.0,-0.0027086763,0.0,0.003320939,0.0,0.00212849,0.0,0.0007260698,0.0,0.0,0.0,0.01086413,0.0,0.018073,0.0,0.014883846,0.0,-0.012862223,0.0050617224,0.026118107,0.0,0.0,0.020388125,0.02213679,0.0,0.0,0.0,-0.0010946438,0.0,0.0,0.0,-0.0020492552,0.0,0.0,0.0,0.0,0.0,-0.0033768807,0.0,0.0,0.0,-0.012260293,0.0,0.0,0.0,-0.0050677815,0.0,0.0,0.0,0.0,0.0,0.0,0.0,0.008551564,0.0,0.0,0.0,0.0,0.0,0.0,0.0,0.0,0.0,0.0,0.0,0.0,0.0,0.0,0.0,0.0,0.0,0.0030592142,0.0,-0.00765992,0.0,0.0,0.0,0.0,0.0,0.013851125,0.0,0.02621315,0.0,0.0,0.0,-0.0014766626,0.0,-0.008039654,-0.009874794,-0.0037193312,0.0,0.012466632,0.0,0.008854714,-0.0066297743,0.00046306796,0.0,0.0022536984,0.0,0.009416724,0.0,0.002278601,0.0,0.004356884,0.0,0.0,0.0,-0.004493574,0.0,-0.0026369558,0.0039835884,0.0016586648,-0.0033471682,0.00032002915,0.003039923,0.0034582359,0.0,0.0032553496
0.0,0.0,0.0,0.0,0.0,0.0,0.0,0.0,0.0,0.0,0.0,0.0,0.0,0.0,0.0,0.0,-0.0038320376,0.0,0.0,0.0,0.0,0.0,0.0,0.0,-0.001690726,0.0,0.0,0.0,-0.0009018968,0.0,0.0,0.0,0.0,0.0,0.0,0.0,-0.0071084434,0.0,-0.002916535,0.0,0.0,0.0,0.0,0.0,0.0,0.0,0.0,0.0,0.0,0.0,0.0,0.0,-0.01253749,0.0,-0.0033806392,0.0,0.0,0.0,0.0,0.0,-0.004991712,0.0,0.006448239,0.0,0.0,0.0,0.0,0.0,0.0,0.0,-0.02091162,0.0,-0.026736341,0.0,-0.011163453,0.0,0.011033633,0.0,0.0,0.0,0.0,0.0,0.0,0.0,-0.012449491,0.0,0.0,0.0,0.0,0.0,0.0,0.0,0.0,0.0,0.0,0.0,0.010362384,0.0,0.0,0.0,0.0,0.0,0.0,0.0,0.0,0.0,0.0,0.0,0.0,0.0,0.0,0.0,0.0,0.0,0.0,0.0,0.0,0.0,0.0,0.0,0.0,0.0,0.0,0.0,0.020764198,0.0,0.0,0.0,0.027311152,0.0,-0.00041795877,0.0,0.021325413,0.0,0.0,0.0,0.019775134,0.0,0.0,0.0,0.016620265,0.0,0.0,0.0,-0.0015251302,0.0,0.0,0.0,0.0,0.0,0.0,0.0,0.0,0.0,0.001305908,0.0,0.0042926664,0.0,0.014516785,0.0,-0.0022036778,0.0,-0.007460581,0.0,-0.012167112,0.0,-0.0057666637,0.0,0.007336763,0.0,0.03548626,0.0,0.008640878,0.0,0.0,0.0,0.0,0.0,0.0,0.0,0.0,0.0,0.0,0.0,0.0,0.0,0.0,0.0,0.0,0.0,0.0,0.0,0.0,0.0,0.0,0.0,0.0,0.0,0.0,0.0,0.0,0.0,0.0,0.0,0.0,0.0,0.0,0.0,0.0,0.0,0.0,0.0,0.0,0.0,0.0,0.0,0.0,0.0,0.005375032,0.0,-0.0025578835,0.0,0.0,0.0,-0.001829084,0.0,-0.0019868752,0.0,0.008684271,0.0,0.0,0.0,0.0,0.0,0.008538291,0.0,0.004574579,0.0,0.009347315,0.0,0.0,0.0,0.010903918,0.0,0.0,0.0
0.0,0.0,0.0,0.0,0.0,0.0,0.0,0.0,0.0,0.0,0.0,0.0,0.0,0.0,0.0,0.0,0.0,0.018152306,0.0,0.0,0.0,0.054659568,0.0,0.038559526,0.0,0.02936532,0.0,0.0,0.0,-0.0053812442,0.0,-0.00039733807,0.0,0.02700579,0.0,0.010104371,0.0,0.024132466,0.0,0.05002038,0.0,0.0,0.0,0.0,0.0,0.0,0.0,0.0,0.0,0.0,0.0,0.003682869,0.0,0.005219964,0.0,0.03348611,0.0,0.005893244,0.0,0.0,0.0,0.013016521,0.0,0.047897115,0.0,0.0,0.0,0.0,0.0,0.0,0.0,0.0043744743,0.0,0.0022598892,0.0,0.0027948492,0.0,0.0,0.0,0.0,0.0,0.0,0.0,0.0,0.0,0.0,0.0,0.0,0.0,0.0,0.0,0.0,0.0,0.0,0.0,0.0,0.0,0.0,0.0,0.0,0.0,0.0,0.0,0.0,0.0,0.0,0.0,0.0,0.0,0.0,0.0,0.0,0.0,0.0,0.0,0.0,0.0,0.0,0.0,0.0,0.0,0.0,0.0,0.0,0.0,0.025609544,0.0,0.047480125,0.0,0.028681591,0.0,0.0017965705,0.0,0.044512313,0.0,0.0,0.0,0.04199436,0.0,0.0,0.0,0.056761466,0.0,0.0051550916,0.0,0.036027998,0.0,0.0,0.0,0.0,0.0,0.0,0.0,0.0,0.0,0.010231369,0.0,0.018882545,0.0,0.02669669,0.0,-0.004739335,0.0,0.0023687533,0.0,0.0,0.0,0.024764637,0.0,0.02335362,0.0,0.0029887601,0.0,0.0,0.0,0.0,0.0,0.0,0.0,0.0,0.0,0.0,0.0,0.0,0.0,0.0,0.0,0.0,0.0,0.0,0.0,0.0,0.0,0.0,0.0,0.0,0.0,0.0,0.0,0.0,0.0,0.0,0.0,0.0,0.0,0.0,0.0,0.0,0.0,0.0,0.0,0.0,0.0,0.0,0.0,0.0,0.0,0.0,0.0,0.0,0.0,0.0075999955,0.0,0.0,0.0,0.0,0.0,0.006668682,0.0,0.0064306213,0.0,0.0,0.0,0.0,0.0,-0.0022156788,0.0,0.0,0.0,0.0,0.0,0.0,0.0,0.0,0.0,0.0
0.0,0.0,0.0,0.0,0.0,0.0,0.0,0.0,0.0,0.0,0.0,0.0,0.0,0.0,0.0,0.0,0.0,0.0,0.0,0.0,0.0,0.0,0.0,0.0,0.0,0.0,0.0,0.0,0.0,0.0,0.0,0.0,0.0,0.0,0.0,0.0,-0.0042670644,0.0,0.0,0.0,0.0,0.0,0.0,0.0,0.0,0.0,0.0,0.0,0.0,0.0,0.0046702432,0.0,0.0,0.0,0.0,0.0,0.0,0.0,0.0,0.0,0.01246135,0.0,0.0,0.0,0.0,0.0,0.0,0.0,-0.003009852,0.0,0.008075895,0.0,-0.0015957011,0.0,0.054920644,0.0,-0.0043352135,0.0,-0.0015762757,0.0,0.07787623,0.0,0.018302664,0.0,0.061855983,0.0,0.045471687,0.0,-0.005207996,0.0,0.0,0.0,0.0,0.0,0.035270527,0.0,0.052671846,0.0,0.0658463,0.0,0.0,0.0,0.0,0.0,0.0,0.0,0.0,0.0,0.0,0.0,0.0,0.0,0.0,0.0,0.0,0.0,0.0,0.0,0.0,0.0,0.0034641009,0.0,0.045895513,0.0,-0.000779504,0.0031044772,0.0,0.0,0.01814764,0.0,0.011247688,0.009838933,0.00083042384,0.0,0.02862626,0.0,0.049563497,0.0,0.0068918956,0.0,0.0,0.0,0.06853061,0.0,0.0030550265,0.0,0.019850109,0.0,0.0026058338,0.028577607,0.0,0.0,0.040138543,0.0,0.0,0.0,-0.0075848885,0.0,-0.003695965,0.0,0.0,0.0,5.2503572e-05,0.0,0.010457217,0.0,0.018490316,0.0,0.011273287,0.0,0.0033996103,0.0,0.020953188,0.0,0.03974079,0.038313758,0.0,0.0,0.0,0.0,-0.010975682,-0.0033546076,0.0,0.0,0.0,0.0,0.0,0.0,0.0,0.0,0.0,0.0,0.0,0.0,0.0,0.0,0.0,0.0,0.0,0.0,0.004103053,0.0,0.0,0.0,0.0,0.0,0.0,0.0,0.0,0.0,0.0,0.0,0.0,0.0,-0.014342139,0.0,0.0,0.0,0.0,0.0,0.016334288,0.0,-0.007355225,0.0,0.015620679,0.0,0.008006922,0.00038186184,0.013248359,0.0,0.0036692526,0.0,0.0,0.0,0.0060561667,0.0,-0.006654067,0.0,0.004395516,0.0052647525,0.013308569,0.013064838,0.0077294363,-0.008579295,0.0,0.0
0.0,0.0,0.0,0.0,0.0,0.0,0.0,0.0,0.0,0.0,0.0,0.0,0.0,0.0,0.0,0.0,0.0,0.0,0.0,0.0,0.0,0.045186788,0.0,0.0,0.0,0.0,0.0,0.037161935,0.0,0.0,0.0,-0.001662995,0.0,0.042422067,0.0,0.029549051,0.0,0.014280445,0.0,0.0,0.0,0.0,0.0,0.0,0.0,0.0,0.0,0.0,0.0,0.0,0.0,0.020413928,0.0,0.0,0.0,0.0,0.0,0.0,0.0,0.0,0.0,0.010225801,0.0,0.0,0.0,0.0,0.0,0.0,0.0,0.0,0.0,0.0038362576,0.0,0.0039880946,0.0,0.005730169,0.0,-0.003731188,0.0,0.0019924205,0.0,0.05030848,0.0,0.005279125,0.0,0.012904665,0.0,0.03574265,0.0,0.0,0.0,0.0,0.0,0.0,0.0,0.0,0.0,0.0,0.0,0.0,0.0,0.0,0.0,0.0,0.0,0.0,0.0,0.0,0.0,0.0,0.0,0.0,0.0,0.0,0.0,0.0,0.0,0.0,0.0,0.0,0.0,-0.008446005,0.0,0.0078651635,0.0,-0.00019208243,0.0,0.0,0.0,0.000741924,0.0037361935,0.0030439845,0.0,-0.0025041304,0.0,-0.0054592257,0.0,0.03720863,0.0,0.032301314,0.0,0.0,0.0,0.020993505,0.0,0.025514612,0.0,0.0,-0.007967914,0.01865352,0.0,0.0,0.0,0.012957949,0.0,0.0,0.0,0.009548426,0.0,-0.0035046297,0.0,0.0,0.0,0.0019184467,0.0,0.0030742441,0.0,0.020796187,0.0,0.0145204235,0.0,0.0015928891,0.0,0.019246802,0.013699036,0.02616253,0.0,0.0,0.0,0.0,-0.019818773,-0.012633594,0.0,0.0,0.0,0.0,0.0,0.0,0.0,0.0,0.0,0.0,0.0,0.0,0.0,0.0,0.0,0.0,0.0,0.0,0.0,0.0,0.0,0.0,0.0,0.0,0.0,0.0,0.0,0.0,0.0,0.0,0.0,0.0,0.0,0.0,-0.007433542,0.0,0.0,0.0016635251,0.0,0.0041505797,0.0,0.00018156042,0.0,0.0,0.0,0.006775148,0.0,0.001963706,0.0,0.0021176804,0.0,0.0,0.0,0.0,0.0,-0.0070221988,0.0,-0.0045439755,0.0,-0.0048547303,0.0,9.784108e-05,0.0,0.00065414264
0.0,0.0,0.0,0.0,0.0,0.0,0.0,0.0,0.0,0.0,0.0,0.0,0.0,0.0,0.0,0.0,0.0010036846,0.0,0.0,0.0,0.009604742,0.0,0.04654682,0.0,0.027804872,0.0,0.0,0.0,-0.022656135,0.0,-0.023582092,0.0,0.0,0.0,0.0,0.0,-0.015397083,0.0,0.0,0.0,0.0,0.0,0.0,0.0,0.0,0.0,0.0,0.0,0.0,0.0,0.007065978,0.0,0.0,0.0,0.0,0.0,0.0,0.0,0.0,0.0,0.0,0.0,0.0,0.0,0.0,0.0,0.0,0.0,0.0,0.0,0.006373949,0.0,0.0036910302,0.0,0.055548627,0.0,0.0013715284,0.0,0.008110317,0.0,0.05567791,0.0,0.02470826,0.0,0.060517747,0.0,0.064903595,0.0,-0.005215892,0.0,-0.01851442,0.0,-0.0050923713,0.0,0.011259565,0.0,0.015303597,0.0,0.007525854,0.0,-0.0056549213,0.0,-0.010884595,0.0,-0.0023505709,0.0,-0.011560237,0.0,0.0,0.0,0.0,0.0,0.0,0.0,0.0,0.0,0.0,0.0,0.0,0.0,0.015550504,0.0,0.062890016,0.0,0.0,0.0,0.0008942003,0.0,-9.0484e-05,0.0,0.0,0.0,0.0013895641,0.0,0.013352758,0.0,0.0052253064,0.0,0.0,0.0,0.04228903,0.0,0.0,0.0,0.004199718,0.0,0.0,0.0,0.0,0.0,0.0,0.0,0.0,0.0,0.0,0.0,0.0,0.0,0.0,0.0,0.0,0.0,0.0,0.0,0.009840467,0.0,-0.012155127,0.0,0.0016413718,0.0,0.0,0.0,-0.0063811466,0.0,0.0,0.0,0.0,0.0,0.0,0.0,0.0,0.0,0.0,0.0,0.0,0.0,0.0,0.0,0.0,0.0,0.0,0.0,0.0,0.0,0.0,0.0,0.0,0.0,-0.007728479,0.0,0.030460397,0.0,0.0,0.0,-0.00763024,0.0,0.016680842,0.0,0.009445904,0.0,0.0,0.0,0.0,0.0,0.0,0.0,0.0046904474,0.0,0.0,0.0,8.3432285e-05,0.0,0.0016034896,0.0,0.005376292,0.0,0.011862259,0.0,0.002266695,0.0,0.0,0.0,0.0,0.0,0.0,0.0,0.0,0.0,-0.0020811243,0.0,0.011996312,0.0,0.0063440236,0.0,0.0,0.0
0.0,0.0,0.0,0.0,0.0,0.0,0.0,0.0,0.0,0.0,0.0,0.0,0.0,0.0,0.0,0.0,0.0,0.009582074,0.0,0.017902995,0.0,0.00062976463,0.0,0.0,0.0,0.0,0.0,0.0,0.0,0.0014218441,0.0,0.0027721361,0.0,0.0,0.0,0.0,0.0,0.0,0.0,0.0,0.0,0.0,0.0,0.0,0.0,0.0,0.0,0.0,0.0,0.0,0.0,0.0,0.0,0.0,0.0,0.0,0.0,0.0,0.0,0.0,0.0,0.0,0.0,0.0,0.0,0.0,0.0,0.0,0.0,0.0,0.0,-0.005611187,0.0,-0.0041905246,0.0,-0.0007315124,0.0,0.0047988095,0.0,0.008471108,0.0,0.034214936,0.0,0.02821677,0.0,0.032492314,0.0,0.033871274,0.0,0.008340328,0.0,-0.008308798,0.0,0.0,0.0,0.013099964,0.0,-0.0071421224,0.0,0.008910252,0.0,0.01244377,0.0,0.0023921758,0.0,0.0,0.0,0.003517387,0.0,0.0,0.0,0.0,0.0,0.0,0.0,0.0,0.0,0.0,0.0,0.0,0.0,0.018340494,0.0,0.0024062507,0.0,0.0,0.0,0.008580053,0.0,0.0,0.0,0.0,0.0,0.0022255594,0.0,0.006113196,0.0,0.031042954,0.0,0.0014456548,0.0,0.014110419,0.0,0.0,0.0,0.0024810096,0.0,0.0,0.0,0.0,0.0,0.0,0.0,0.0,0.0,0.0093562985,0.0,0.0,0.0,0.0,0.0,0.0,0.0,0.0,0.0,0.0,0.0,0.0,0.0,-0.0043390235,0.0,0.0,0.0,0.0,0.0,0.0,0.0,0.0,0.0,0.0,0.0,0.0,0.0,0.0,0.0,0.0,0.0,0.0,0.0,0.0,0.0,0.0,0.0,0.0,0.0,0.0,0.0,0.0,0.0,0.0,0.0,0.0032438135,0.0,0.0,0.0,0.0,0.0,0.0,0.0,-0.0036364298,0.0,0.0,0.0,0.0,0.0,0.0,0.0,0.0,0.0,0.0,0.0,0.0,0.0,0.0,0.0,0.0,0.0,0.0052535417,0.0,0.0004285545,0.0,0.0,0.0,0.0,0.0,0.0,0.0,0.0,0.0,-0.004568431,0.0,0.0,0.0,0.0,0.0,0.0
0.0,0.0,0.0,0.0,0.0,0.0,0.0,0.0,0.0,0.0,0.0,0.0,0.0,0.0,0.0,0.0,0.0,0.0,0.0,0.0,0.0,0.0,0.0,0.0,0.0,0.0,0.0,0.0,0.0,0.0,0.0,0.0,0.008579045,0.0,0.018674204,0.0,0.0031999913,0.0,0.016123826,0.0,0.0,0.0,0.005419762,0.0,0.0,0.0,0.0,0.0,0.0,0.0,-0.0045531113,0.0,0.0,0.0,0.0,0.0,0.0,0.0,0.0,0.0,0.028912034,0.0,0.016119422,0.0,0.0104956515,0.010886095,0.0,0.0,-0.009768013,0.0,0.055276673,0.0,0.051133405,0.0,0.040911052,0.0,-0.0022073018,0.0,0.050785407,0.0,-0.0021218245,0.0,-0.0025053208,0.0,0.011716848,0.0,-0.005763433,0.0,0.0,0.0,0.0,0.0,0.0,0.0,0.0,0.0,0.0,0.0,0.0,0.0,0.0,0.0,0.0,0.0,0.0,0.0,0.0,0.0,0.0,0.0,0.0,0.0,0.0,0.0,0.0,0.0,-0.001838772,0.0,0.0,0.0,0.031964514,0.0,0.024761863,0.0,0.0,0.0,0.0,0.0,0.013523845,0.0,0.004067928,0.010578575,0.01305318,0.0,0.0,0.0,0.0,0.0,0.011590108,0.0,0.008071523,0.0,-0.008288477,0.0,0.0,0.0,0.0,0.0,0.013195619,0.016051104,0.0,0.0,-0.0034329484,0.0,0.005259805,0.0,0.03171081,0.0,0.002767784,0.0,-0.0017840524,-0.0034824123,0.020210886,0.0,0.0015925005,0.0,0.00041350507,0.0,0.015820002,0.0,0.001820372,0.0,0.0012503994,0.0,-0.016602969,-0.011367381,0.0,0.0,0.0,0.0,0.0,0.0,0.0,0.0,0.0,0.0,0.0,0.0,0.0,0.0,0.0,0.0,0.0,0.0,0.0,0.0,0.0,0.0,0.0,0.0,0.0,0.0,0.0,0.0,0.0,0.0,0.0,0.0,0.0,0.0,0.0,0.0,-0.0009308448,0.0,-0.0047335927,0.0,0.0,0.0,0.0031780978,0.0,0.008210708,0.0,0.0019657635,0.0,0.010804066,0.0,0.0014459625,0.0,0.0014743692,0.0,-0.003705431,0.0,0.004368186,0.0,0.017633164,0.0,-0.012859608,0.0,0.020114351,0.0,0.015753364,0.0,-0.0043531423,0.0,0.0,0.0
0.0,0.0,0.0,0.0,0.0,0.0,0.0,0.0,0.0,0.0,0.0,0.0,0.0,0.0,0.0,0.0,0.0,0.0,0.0,0.0,0.0,0.0,0.0,0.0,0.0,0.0,0.0,0.0,0.0,0.0,0.0,0.0,0.0,0.006074496,0.0,0.012483,0.0,-0.0015338692,0.0,0.04229473,0.0,0.0,0.0,-0.0032636656,0.0,0.0,0.0,0.0,0.0,0.0,0.0,0.00028870406,0.0,0.002604729,0.0,0.0,0.0,0.0,0.0,0.0,0.0,0.031210655,0.0,0.0,0.017737534,0.041496623,0.0,0.0,0.0,0.002141014,0.0,0.046409007,0.0,0.048490755,0.0,0.04128526,0.0,-0.0012877089,0.0,0.026047813,0.0,-0.0091402,0.0,-0.0033853,0.0,0.00024457084,0.0,0.0039099087,0.0,0.0,0.0,0.0,0.0,0.0,0.0,0.0,0.0,0.0,0.0,0.0,0.0,0.0,0.0,0.0,0.0,0.0,0.0,0.0,0.0,0.0,0.0,0.0,0.0,0.0,0.0,0.0,0.0,0.0,0.0,0.0,0.0,0.006173519,0.0,0.04494577,0.0,0.022787651,0.0,0.0,0.0,0.026572948,0.012583661,0.01089843,0.0,0.027311094,0.0,0.0,0.0,-0.013512587,0.0,0.023885474,0.0,0.028215073,0.0,0.010303895,0.0,0.0,0.0,0.0,0.020020021,0.028002586,0.0,0.0,0.0,-0.0033822332,0.0,0.0037264954,0.0,0.04970646,0.0,0.013301168,-0.0040747174,-0.0037572042,0.0,0.049436092,0.0,0.01850574,0.0,0.0044702627,0.0,0.034782685,0.0,0.025737591,0.0,0.026787847,0.0010983258,0.0038500314,0.0,0.0,0.0,0.0,0.0,-0.0054369685,0.0,0.0,0.0,0.0,0.0,0.0,0.0,0.0,0.0,0.0,0.0,0.0,0.0,0.0,0.0,0.0,0.0,0.0,0.0,0.0,0.0,0.0,0.0,0.0,0.0,0.0,0.0,0.0,0.0,0.0,0.0,0.0059865885,0.0,0.0032801987,0.0,0.0,0.0,-0.001836465,0.0,0.0060209003,0.0,0.00923713,0.0,0.0015735694,0.0,-0.0036681022,0.0,0.0027208019,0.0,0.007137778,0.0,0.0038997931,0.0,0.008345688,0.0,0.0022526996,0.0,0.014907798,0.0,0.007916148,0.0,-0.011232725,0.0,0.009226051
0.0019599071,0.011282685,0.0,0.0,0.0035029524,0.0,0.0,0.0,-0.0006582258,0.00840044,-0.00033657113,0.009883171,0.0015290747,0.010092275,0.0,0.0,0.0,0.0,0.0,0.0,0.0,0.0,0.0,0.0,0.0,0.0,0.005776234,0.010022002,0.0,0.0,0.0,0.0,0.0,0.0,0.0,0.0,0.004331947,0.0,0.0,0.0,0.0,0.0,0.0,0.0,0.0,0.0,0.0,0.0,0.0034229795,0.0,0.0,0.0,0.0,0.0,0.0,0.0,0.0,0.0,0.0,0.0,0.0,0.0,0.0,0.0,0.0033538651,0.01308405,2.9420537e-05,-0.003601837,0.0015013176,0.007868409,0.0035008378,0.0,0.005810089,0.0,0.009111907,0.0008825151,-0.0022651437,0.0,-0.0116042765,0.0,0.000999891,0.0065834,-0.0010833831,0.0011586504,0.0026905697,0.0,0.0005033741,-0.002828977,-0.0019331462,0.0040065898,0.0054697646,-0.005251649,-0.00407008,0.0010060567,0.0014055856,0.0062597734,-0.0036566604,0.0069067604,0.004777696,0.0018329788,0.0010558456,0.013082987,0.00091467047,0.0038175369,0.009606511,0.0,0.00064035447,0.012187519,0.0023250885,-0.0029799833,0.008357919,0.0,0.004256853,0.0067574116,-0.00064618135,0.0,0.010143265,0.00028511017,0.013596711,0.0024872767,0.0,0.0,0.0,0.0,0.015203766,0.013404621,0.027942963,0.022771932,0.0,0.0,-0.0032653122,-0.00039486567,0.013554749,0.018865982,0.007544771,0.0,0.0072266916,0.011830897,0.0,0.0,0.0096444525,0.0,0.0,0.0,0.0,0.0,0.0,0.035124715,0.013001412,0.019623673,0.004223535,0.004667478,0.015216071,0.015677983,0.0,0.0,0.0032149197,0.0,0.0,0.0,0.0,-0.0006583461,0.0,0.0,-0.0011763957,0.0020686649,0.0,0.0,0.003489164,-0.0034325966,0.0,0.0,0.0,0.0,-0.0068857213,-0.008413313,0.0024357054,0.006439833,-0.0033398592,0.008257648,-0.0017749211,-0.0038312785,0.008220474,0.009823082,0.0040637883,0.012187348,-0.0026515052,0.0044291685,0.0024005529,-0.0017639926,-0.002552616,-0.0032993017,0.0055924873,-0.005165168,0.0065791807,0.003020966,0.00027002746,-0.0011556711,0.007834779,0.0,0.023668325,0.0,0.0,-0.0033583941,0.0,0.0,0.0123092225,0.009211389,0.023927571,0.007216241,0.0061705466,0.0035768207,0.00055454596,-0.0026399011,0.0023188763,0.0016695416,-0.003229875,-0.0014068751,0.000922849,0.000525365,-0.005820243,0.00078991806,-0.009912602,0.0032431413,-0.004290374,-0.003295007,0.00028205602,0.0028741735,0.0030734136,0.0030241972,-0.00093552796,0.00094450556,-0.0015880818,0.0018511957,0.0015203996,-0.007745274,0.0023922166,-0.003512331,0.002324979,0.0021260257,0.00029940606,0.00016283839,0.0100026,0.006900304,-0.0017731473,0.0030931912
0.00010225823,0.00066611276,0.0,0.0,0.0,0.0004319434,0.0,0.0,0.0008219971,-0.00054231664,-0.0060045924,0.00051441445,-0.0023675072,0.0022066648,0.0,0.0,0.0,0.0,0.0,0.0,0.0,0.0,0.0,0.0,0.0,0.0,0.0,0.0020947892,0.0,0.0,0.0,0.0,0.0,0.0,0.0,0.0,0.0,0.0,0.0,0.0,0.0,0.0,0.0,0.0,0.0,0.0,0.0,0.0,-0.0029123633,0.0039807395,0.0,0.0,0.0,0.0,0.0,0.0,0.0,0.0,-0.0069214907,0.0,0.0,0.0,0.0,0.0,-0.0022124355,-0.0012266309,-0.006514641,-0.0050689206,0.0029666028,0.0023204007,0.0,0.00043499802,0.0,-0.00081413815,0.003636076,-0.0011749227,0.0,0.00663598,0.0,0.0,0.0011074744,-0.00029859095,-0.0012645818,0.0024782207,0.0,0.0,0.0,0.0,0.010373511,0.0027410793,0.013257195,0.0056080264,-0.00038715647,0.0023656606,0.0,0.0022669304,-0.0060308636,0.0,0.005026315,0.0064795236,-0.001942846,0.010682014,0.006060377,0.0054749944,0.0,0.0,0.014259839,0.0,0.00069209887,0.007246313,0.0,0.0,0.0,0.011317795,0.0,0.008658029,0.006802264,0.0014602981,-0.010779089,-0.015812127,0.0,0.0,0.0,0.0,0.009038694,0.018751802,0.031722352,0.043255415,0.0,0.0,-0.0036294651,0.0037909225,0.016031606,0.0228224,0.0,0.0,0.01737485,0.024512663,0.0,0.0,0.0,0.0,0.0,0.0,0.0,0.0,0.03843397,0.0,0.00087277865,0.01103387,-0.003849844,0.0034441934,0.00804286,0.015658895,0.0,0.0,0.0,0.0,0.0,0.0,-0.0033548265,-0.006784793,0.0,0.0,0.0,-0.008090674,0.0,0.0,0.0,-0.0029038803,0.0,0.0,0.0,0.0,-0.00777014,-0.007864222,-0.0010700539,0.00011033025,-0.010760831,-0.00582044,-0.0077764117,-0.0017336201,-0.012752619,-0.009625932,-0.011519747,-0.0047184704,-0.007295129,-0.003387781,0.0,0.016599502,-0.022402255,-0.005711018,-0.004289248,-0.011504031,-0.0048468537,0.0047966,-0.018349139,-0.012148691,0.0,0.0,0.0,0.0,0.0,0.0075776386,0.0,0.0,0.008663725,0.0075048213,0.029321685,0.030469421,-0.0019401908,0.005204124,-0.0072694905,0.0054450817,0.004563422,0.002703905,-0.0024968428,0.0001424074,-0.00095007836,-0.002305813,0.005147103,-5.1233088e-05,0.0019092935,-0.00014348057,0.0020046812,-0.0059354343,0.0074985106,0.0075070197,0.0025379944,0.0063913097,6.101273e-06,-0.0032783793,0.0019818165,0.0007896974,0.0045064497,-0.0039588916,-0.0010534958,0.003923183,0.011072875,0.0077749374,0.006642355,0.004429354,0.010803556,-0.001792385,0.0028155616,0.00020082259
-0.0025964966,0.004263682,0.0,0.0,0.003300371,0.0,0.0,0.0,0.008722884,0.012828908,-0.007197335,-0.005421161,0.0026631171,0.004597106,0.0,0.0,0.0,0.0,0.0039070626,0.0,0.0,0.0,0.0,0.0,0.0,0.0,0.00016277506,0.0,0.0,0.0,0.0,0.0,0.0,0.0,0.004276649,0.0,-0.0024075499,0.00849111,0.0,0.0,0.005179324,0.010216912,0.0,0.0,0.0,0.0,0.0,0.0,0.0045538615,0.0,-0.003697175,-0.005376385,0.0,0.0,0.0,0.0,0.018014347,0.0,0.025727725,0.008362783,0.015824787,0.01839476,0.0,0.0,0.039047893,0.033851597,0.022099143,0.017496265,0.0,0.0,0.0077811047,0.011887296,0.006425881,0.014466669,-0.0021680915,0.0120412735,-0.0016195105,0.026841177,0.008414476,0.014305684,-0.007089712,-0.010891488,0.0,0.0039647804,0.0,0.0,-0.009153945,-0.002652535,0.0,-0.0028417597,0.003432729,0.0034344993,0.0,0.005976379,0.0,0.0024168,0.0016786986,0.0,0.001879248,-0.006444908,0.0,0.0,0.0,-0.0009054559,0.0,0.0,0.0,0.008021885,0.0,0.010596328,0.0,0.0,0.0,0.0,0.0,0.0,0.0077781635,0.0,0.026416562,0.00042722787,0.0053329705,0.0059463647,0.0,0.010778948,0.032693274,0.018022731,-0.004652747,0.0024481649,0.0,0.0,0.029675378,0.018126998,0.011404451,0.0045872116,0.0,0.0,0.0,0.0,0.0,0.0,-0.006075704,-0.0006244169,0.0,0.0,0.027500357,0.028844018,0.016791513,0.0017154446,0.0,0.02456753,0.0054094885,0.007047925,0.0063491245,0.00066369236,0.0,0.0,0.010772043,0.014262539,0.0,0.0,0.012603973,0.014709308,0.016641278,0.019491121,-0.0027257733,0.005012467,-0.00094394165,0.007215787,0.016918875,0.020116739,0.010592167,0.0066334237,0.003117599,0.0,-0.0021759546,-0.0049599353,0.0018095742,0.0041919365,0.002248708,0.001095156,0.01441143,0.011904389,0.0071646865,0.023257878,0.021240294,0.01951919,-0.0035659492,0.004924897,0.0,0.0,0.009839035,0.012944577,0.0,0.0,0.0,0.0,0.014659965,0.013896044,0.0,0.0,0.0,0.0,0.0,0.0,0.0,0.0,0.0,0.0,0.0,0.0,0.0,0.0,0.0040438315,0.013900802,0.014596956,0.00707016,0.010546403,0.013068219,0.008128651,0.0056916745,0.012114043,0.012722112,0.0071752425,0.008666607,0.00916769,0.009466871,0.017845873,0.01947119,0.006833568,0.009112317,-0.014740917,-0.0024147485,0.011224114,0.014599747,0.00036851817,-0.0011529264,0.010744112,-0.00055678433,0.00065664144,0.0034701945,0.0011265943,0.0008963141,0.0035532871,0.0098143695,0.0012277083,-0.004927161
-0.011189936,0.015537441,0.0,0.0,0.0,-0.0027710781,0.0,0.0,0.0029481715,0.021088494,-0.011509248,-0.004599458,-0.0076273214,-0.00055050774,0.0,0.0,0.0,0.0,0.0,0.0,0.0,0.0,0.0,0.0,0.0,0.0,0.0,0.010501414,0.0,0.0,0.0,0.0,0.0,0.0,0.0,0.005880451,0.0,0.0092232805,0.0,0.0,-0.009407865,-0.0058692545,0.0,0.0,0.0,0.0,0.0,0.0,-0.001706444,0.0,0.0,-0.004099123,0.0,0.0,0.0,0.0,0.015641738,0.0,0.01774178,0.014493706,0.0,0.006043741,0.0,0.0,0.025029024,0.036536977,0.011909136,0.023193635,0.0,0.0,0.00866307,0.005288122,0.0019856107,0.008403986,0.015186545,0.008686033,0.0008555757,0.010943555,0.009216941,0.010452032,-0.0030782302,-0.0014167413,0.0,0.0,0.008109939,0.0,-0.00202668,0.009652842,0.0,0.0,0.003577505,0.0,0.0,0.0,0.0,0.0,-0.00612956,0.0,-0.0010202231,0.0,0.0,0.0,0.008297873,0.0040287324,0.0,0.0,0.0,0.0,0.002723401,0.0,0.0,0.0,0.0,0.0,0.0,0.0,0.0,0.0,0.011861825,0.0065877754,0.008971876,0.002386716,0.0,0.014656263,0.013289431,0.02248306,0.013417019,0.016357614,0.0,0.0,0.015765687,0.015453191,0.010722548,0.010986266,0.0,0.0,0.0,0.0,0.0,0.0,0.009362737,0.017529344,0.0,0.0,0.009571718,0.016050104,0.027935823,0.021544402,0.018996773,0.0,0.025773758,0.025385033,0.021878129,0.020422306,0.0,0.0,0.0,0.009580502,0.0,-0.0024067496,0.008363205,0.01142276,0.0,0.0040595382,0.0,0.004714393,0.0,0.0096133435,0.0010610438,0.008874397,0.0,4.46965e-05,0.0,0.0090889465,0.013894123,0.014307547,-0.0010883198,0.003669841,0.007635545,0.011798185,0.010349123,0.012091172,0.0066872016,0.013336984,0.012951331,0.0302433,-0.0067424313,0.010875473,0.0,0.0,0.013108876,0.011910562,0.0,0.0,0.0,0.0,0.011642115,0.009862757,0.0,0.0,0.0,0.0,0.0,0.0,0.0,0.0,0.0,0.0,0.0,0.0,-0.010602719,0.0015118319,-0.0087690465,-0.0003495721,-0.0062257373,0.002570535,0.0008574504,0.006656722,0.006634072,0.009958537,0.0039214566,0.0023990637,-0.0006776798,0.0046925414,0.0063424306,0.009500036,0.0034137755,0.008672474,0.0056202975,0.0018743122,-0.0012642478,0.005537206,0.007214552,0.007907253,0.0031618925,0.0067406436,0.005059114,0.0049942415,0.0026657705,0.00846786,0.00447587,0.016201258,0.009075414,0.0022290405,0.0055601513,0.00051762286
0.009415571,0.0027617817,0.0,0.0,0.011063435,0.0,0.0,0.0,-0.0043697767,-0.0038614972,0.012148659,0.008995689,0.009626737,0.010373493,0.0,0.0,0.0,0.0,0.0,0.0,0.0,0.0,0.0,0.0,0.0,0.0,0.0,0.0,0.0,0.0,0.0,0.0,0.0,0.0,-0.0017590288,0.0,-0.0037160954,0.0,0.0,0.0,0.0,0.017445588,-0.0012256621,0.0,0.0,0.0,0.0,0.0,0.0048549925,0.0,0.0004568338,0.0,0.0,0.0,0.0,0.0,0.0,0.0,0.0,0.0,0.0,0.0,0.0,0.0,0.0040728776,0.011912002,-0.00016387172,-0.0029850889,-0.0017669206,-0.0018516878,0.0013914888,0.0,0.007553174,0.0,0.0,0.0,-0.001544837,0.0,-0.002059807,0.0,0.0,0.0,-0.0017692641,0.0,0.0,0.0,0.008485382,0.0,0.004923473,0.0020301219,-0.0051689064,0.0,-0.002660799,0.0,0.0005773092,0.0,-0.0055468176,0.0,0.00742951,0.0094476435,0.0024234422,0.0,0.00052091357,-0.0033586528,-0.0023565413,-4.6500078e-05,-0.0046019405,0.0037658627,-0.0020207902,0.0017598517,0.009474481,0.0012768254,0.008753226,0.0017251731,0.007791232,0.0,-0.0053644283,0.0,0.007724222,-0.007951432,0.0,0.0,0.0,0.0,-0.0019111591,-0.00033193154,0.011031651,0.0060585947,0.0,0.0,0.0,0.0,-0.006534731,0.0,0.02713039,0.0,0.013119373,0.028828774,0.0,0.0,0.0,0.0,0.0,0.0,0.0,0.0,0.018284382,0.02296277,-0.0040667956,0.01550923,0.0,0.041724704,0.055692106,0.04584842,0.0,0.0,0.0,0.0,0.0,0.0,0.0,0.0,0.0,0.0,0.008530782,0.0,0.0,0.0,-3.4943492e-05,0.0,0.0,0.0,0.0,0.0,0.0690982,0.060820583,0.012161037,0.004414498,0.0248395,0.011980255,0.050733138,0.033645283,0.007063448,-0.0047438,0.0070274277,0.015680123,0.019868575,0.020422516,-0.0033962058,-0.004444713,0.013998042,0.0045930278,0.011462492,0.0022319101,0.0032851305,-0.0005639177,0.013916927,0.0033440955,-0.009251372,-0.0133387325,0.0027644148,0.0,-0.005948494,-0.009260329,-0.0016385326,0.0009824093,0.014863973,0.019244693,0.01685176,0.0056196805,-0.008436229,-0.00935332,-0.010620108,0.00042303838,-0.0029533661,-0.0037217154,0.00431798,-0.0009837565,0.0049825073,0.012049063,0.0034748923,0.0,0.003159929,0.0052101873,0.006797408,0.009528196,0.0052155815,0.010805946,0.00969605,0.003989047,0.008324762,0.008403924,0.010723576,0.0,0.0077484422,0.007702738,0.015387381,0.005704649,0.009894691,0.0048906957,0.015049931,0.014238535,0.018650437,0.0041393186,0.006786144,-5.3644366e-05
0.009870541,0.0063795075,0.0,0.0,0.0,0.0,0.0,0.0,-0.00033337213,-0.004847011,0.008408069,0.0140846325,-0.0023541783,0.007326939,0.0,0.0,0.0,0.0,0.0,0.0,0.0,0.0,0.0,0.0,0.0,0.0,0.0,0.014154166,0.0,0.0,0.0,0.0,0.0,0.0,0.0,0.0,0.0,0.0,0.0,0.0,0.005507667,0.011331553,0.0,-0.0069101295,0.0,0.0,0.0,0.0,0.00059006305,0.005594481,0.0,-0.0018771336,0.0,0.0,0.0,0.0,0.0,0.0,0.0,0.0,0.0,0.0,0.0,0.0,0.0037949914,0.013671181,-0.0008412368,0.00041696435,0.0,-0.0012355784,0.0,-0.0018850048,0.0,-0.0023049586,0.0,0.0,0.0,-0.0036064293,0.0,0.0,0.0,0.010075274,0.0,-0.0051166066,0.0,0.0,0.0,0.0,-0.00031516253,-0.0031322644,-0.009613247,-0.0019113363,0.0,0.0030460227,0.0,-0.004262832,-0.012362534,-0.004705978,0.0,0.01765014,0.0,0.0016838565,0.0060838647,0.0016677008,-0.008048551,-0.001985569,-0.006809258,-0.0049368213,-0.0056260875,-0.0035502587,0.016761275,0.002926132,0.014243697,0.008457764,0.002742341,0.006516599,0.0005186679,0.0016456484,0.023128154,0.012606106,0.0,0.0,0.0,0.0,-0.010723343,0.00010055482,0.015228595,0.013990984,0.0,0.0,0.0,0.0,0.0,0.0,0.029060295,0.015283443,0.0,0.043504655,0.0,0.0,0.0,0.0,0.0,0.0,0.0,0.0,0.016926434,0.03590983,-0.0017141849,0.019071627,0.06377591,0.0,0.04031152,0.05937809,0.0,0.0,0.0,0.0,0.0,0.0,0.0,0.0,0.0,0.0,0.0,-0.00057197746,0.0,0.0,0.0,-0.0015425319,0.0,0.0,0.0,0.0,0.047129095,0.049652055,0.00558403,-0.006946558,0.016584715,0.016827518,0.046676494,0.04869024,0.006067835,0.00024370797,0.004286237,0.013809679,0.004642399,0.010219874,-0.0034582266,-0.0013273782,0.041914858,0.025773853,0.029972227,0.0136408815,0.0168853,0.00810797,0.04136156,0.033425406,-0.009372396,-0.009158301,-0.009310488,-0.014711858,-0.0013540508,-0.004984402,-0.006625407,-0.0056990264,0.0150207365,0.027147004,0.014260566,0.013258488,-0.009708297,-0.008871176,-0.0075914348,0.002438097,-0.00045876054,0.005291125,0.0003243736,0.008214533,0.0029404713,0.005698383,-0.0008755665,0.0034821108,-0.0016347612,0.004620104,0.0009754086,0.0048639537,0.0007598798,0.006235568,0.005175278,0.011307793,0.009336952,0.0058894623,0.0,-0.0020485353,0.0041522263,0.0021482331,0.0021234672,-0.002116922,0.0023783036,0.0044109263,0.009683584,0.01039734,0.016937349,0.005196722,0.0059421766,0.0022151815
-0.0056025484,-0.006809753,0.0,0.0,0.017723221,0.0,0.0,0.0,-0.009119049,-0.002788183,0.017655494,0.0014710675,0.023950038,0.023066638,0.0,0.0,0.0,0.0,0.020701673,0.0,0.0,0.0,0.0,0.0,0.0,0.0,0.011238479,0.0061812825,0.0,0.0,0.0,0.0,0.0,0.0,0.0023614517,0.0,-0.013005156,0.0,0.0,0.0,0.023367757,0.023682082,-0.0055366103,0.0,0.0,0.0,0.0040872446,-0.0008591369,0.00796869,0.0043462124,-0.0031896336,0.0,0.0,0.0,0.0,0.0,0.0,0.0,0.0022596472,0.0,-0.006634611,0.0,0.0,0.0,0.018369688,0.02081246,0.0014505731,0.0075182705,0.0094961785,0.0031342965,0.0084556,0.0,0.006039942,0.0,0.024778992,0.005543412,0.00825617,0.0,0.008694735,0.0,0.025290688,0.007267664,0.00959049,0.0,0.035780013,0.0,0.02705331,0.0,0.007902319,0.0025316554,0.0046846666,0.0,0.0024461572,0.0,0.007149475,0.0,0.013906305,0.0,0.011508733,-0.0015463922,0.007112868,0.0,0.00037098376,-0.0029409328,0.0004803496,0.0,0.00057139195,0.0,0.001661148,-0.00015582956,0.01374465,0.00464641,0.0038481043,0.0026909804,0.004683142,0.0,0.0028046311,0.0,0.008058798,0.009581717,0.0,0.0,0.0,0.0,0.0062577445,0.0011958329,0.008873549,0.0028786296,0.0,0.0,0.011818011,0.001529862,0.0,0.0,0.0,0.0,0.0,0.0,0.0,0.0,0.008934866,0.0,0.0,0.0,0.0049146484,0.0,0.030759545,0.016958034,0.0112770265,0.02295221,0.060641933,0.032566216,0.0,0.051758956,0.0,0.0,0.004612681,0.0,0.0,0.0,0.008546079,0.0074702483,-0.0008327663,0.0,0.0027820135,0.0,-0.00890629,0.0,0.00619204,-0.0007224972,0.0,0.0,0.0,0.0,0.058100738,0.046179265,0.015661584,0.013739244,0.029631188,0.014833445,0.049153965,0.029322922,0.01981159,0.00093526486,0.021426037,0.02365594,0.04170286,0.026895074,-0.0014336833,-0.0018395763,0.018574806,0.01653266,0.016717963,0.007893367,0.00918194,0.0020875898,0.022187574,0.012650203,0.0,0.0,0.019006329,0.0,-0.003748082,0.0,0.0,0.0,0.021221245,0.02329317,0.012155465,0.0020624367,0.0020884252,-0.010016275,0.0007660319,0.007094265,0.0020322304,0.004089778,0.010835729,0.0061599943,0.010589907,0.008949916,-0.0025559778,0.00037148106,-0.0009788106,0.0025791712,0.00070529606,0.0017828782,0.003109411,0.0024075224,0.0071168127,0.003437143,0.014681121,0.0057808687,0.0089638345,-0.0018015653,0.0033402145,-0.007391899,0.004927252,0.0047708717,0.009020644,0.010562951,0.012500137,0.017661596,0.024957193,0.003963149,0.005590559,0.004782238
0.005565855,-0.0011324778,0.0,0.0,0.0,0.01780509,0.0,0.0,-0.00881515,-0.006750714,0.01525084,0.017281387,0.0060887737,0.021376431,0.0,0.0,0.0,0.0,0.0,0.0,0.0,0.0,0.0,0.0,0.0,0.0,0.015015134,0.018318053,0.0,0.0,0.0,0.0,0.0,0.0,0.0,0.0,0.0,0.0,0.0,0.0,0.011063065,0.01074404,0.0,0.0,0.0,0.0,0.002773451,-0.00069663965,0.0027616657,0.006613079,0.0,0.008329116,0.0,0.0,0.0,0.0,0.0,0.0,0.0,0.0037420718,0.0,0.0,0.0,0.0,0.004488034,-0.0024485725,-0.0059511997,-0.004201175,0.006413346,0.008023042,0.0,-0.0034641838,0.0,-0.0018967243,0.016071135,-0.0014818817,0.0,-8.0764585e-05,0.0,0.0,0.0,0.02323929,0.0,0.011738208,0.0,0.0,0.0,0.018394155,0.003899819,-0.0031428554,-0.0043080305,0.0,0.0,-0.0023669184,0.0,-0.00017824602,-0.0059126914,0.0,0.0027438432,0.00720425,0.0022531352,0.0,-0.0045079053,-0.006325593,0.0,-0.007976072,-0.0041418793,0.00065653515,-0.0058352835,-0.011536422,0.0023898818,-0.006957965,0.0,-0.011702635,0.0,-0.0042070793,0.0,-0.0028833668,0.002147697,0.0046351696,0.0,0.0,0.0,0.0,-0.010640975,-0.004940738,0.0037301057,0.006086609,0.0,0.0,0.007798393,-6.44407e-05,0.0,0.0,0.0,0.0,0.0,0.0,0.0,0.0,0.0,0.010284979,0.0,0.0,0.0,-0.009400271,0.017357243,0.020624768,-0.006697271,0.008089776,0.03415406,0.027035346,0.029429724,0.0,0.0,0.0,0.0,-0.00510388,0.0,0.0,0.0085370885,0.0034242487,0.0,0.0,0.0,0.003592467,0.0,0.0,0.0,-0.007723116,0.0,0.0,0.0,0.0,0.028535997,0.036427118,0.007366482,0.007954636,0.013296951,0.0126124695,0.017483747,0.021026645,0.0012418312,-0.007078225,-0.0012001082,0.0042280736,0.013644988,0.017960038,-0.0047706156,-0.006396059,0.023528747,0.011552673,0.018689575,0.003647452,0.00910649,0.0026202698,0.016561592,0.011914932,0.0,0.0,0.0,0.0,0.0,0.0,0.0,0.0,0.00917285,0.016122073,0.0,0.0,-0.0013874393,-0.0066013355,-0.0009258863,0.007773574,-0.005909095,-0.00441651,-0.0003782998,0.006979706,0.010624729,0.016010664,-0.0018175585,0.0023953232,-0.0023135913,-0.00022756324,0.0022036145,0.00012336759,0.011237585,0.018310515,0.0035676805,0.008208216,0.0018963445,-0.0026582603,0.0064355326,-0.0016987388,-0.001129819,-0.006890891,0.001347775,-0.0036843682,-0.0014210716,-0.0014969023,0.004119074,0.0060993824,0.00853652,0.0032537351,-0.0039910157,-0.0051933336
0.0,0.0,0.0,0.0,0.0,0.0,0.003700984,0.0,0.04561828,0.0,0.0,0.0,0.0,0.0,0.0,0.0,0.008789298,0.0,0.0,0.0,0.0010782372,0.0,0.0,0.0,0.00762281,0.0,0.0,0.0,0.01242673,0.0,0.006961328,0.0,0.0,0.0,0.018635781,0.0,0.019841094,0.0,0.027640041,0.0,0.0,0.0,0.0,0.0,0.0,0.0,0.0,0.0,0.0015202893,0.0,0.026978794,0.0,0.04218312,0.0,0.022540689,-0.0041014296,0.0416551,0.0,0.038242962,0.0,0.04333596,0.0,0.008537059,0.0,0.0,0.0,0.0,0.0,0.009535665,0.0,-0.0043683094,0.0,-0.0041429927,0.0,0.0,0.0,-0.0025225512,0.0,0.0,0.0,0.0,0.0,0.0,0.0,0.0003661898,0.0,0.0,0.0,0.0,0.0,0.0,0.0,0.0,0.0,0.0,0.0,-0.0017553872,0.0,0.0,0.0,0.0,0.0,0.0038816303,0.0,0.0,0.0,0.0022242863,0.0,0.0,0.0,0.0,0.0,0.0,0.0,0.0,0.0,0.01019965,0.0,0.0,0.0,0.0,0.0,0.0,0.0,0.0,0.0,0.0,0.0,0.0018618399,0.0,0.03817731,0.0,0.0033707176,0.0,0.0,0.0,-0.0008607876,0.0,0.052331317,0.0,0.0,0.0,0.0,0.0,0.016740821,0.0,0.0,0.0,0.0,0.0,0.0,0.0,0.0,0.0,0.0,0.0,0.03883688,0.0,0.07245905,0.0,0.02219766,0.0,0.042160653,0.0,0.007259432,0.0,0.019202957,0.0,0.0136670405,0.0,0.047269415,0.0,0.02963465,0.0,0.0,0.0,0.0,0.0,0.0,0.0,0.0,0.0,0.0,0.0,0.0,0.0,0.0,0.0,0.0,0.0,0.0,0.0,0.0,0.0,0.0,0.0,0.0,0.0,0.0,0.0,0.0,0.0,0.0,0.0,0.0,0.0,0.0,0.0,0.0,0.0,0.010272604,0.0,0.008268507,0.0,0.012877225,0.0,0.00013619698,0.0,0.012439089,0.0,0.016166642,0.0,-0.0020605025,0.0,0.0063805897,0.0,0.007671603,0.0,0.021752177,0.0,0.014884618,0.0,0.0123352865,0.0,0.021111567,0.0,0.004265029,0.0,0.018556792,0.0,0.0045827837,0.0,0.0068459003,0.0,0.007843947,0.0
0.0,0.0,0.0,0.0,0.0,0.0,0.0,-0.0038035675,0.014130497,0.033907603,0.0,0.0,0.0,0.0,0.0,0.0,0.0,-0.010910343,0.0,0.0050702225,0.0,-0.004147889,0.0,0.0029744257,0.0,0.0046411147,0.0,0.016819961,0.0,0.0,0.0,0.0,0.0,0.0,0.0,0.0,0.0,0.0074873194,0.0,0.0044887937,0.0,0.0,0.0,0.0,0.0,0.0,0.0,0.0,0.0,-0.008975533,0.0,0.006802849,0.0,0.047767635,0.0,0.0034466435,0.0,0.05509416,0.01336934,0.026837219,0.0,0.05450366,0.0,-0.00029880513,0.0,0.0,0.021698138,0.045177616,0.0,0.014921146,0.0,-0.013026746,0.0,-0.012369576,0.0,-0.010884353,0.0,-0.0078524,0.0,0.0,0.0,0.0,0.0,0.0,0.0,0.0,0.0,0.0,0.0,0.0,0.0,0.0,0.0,0.0,0.0,0.0,0.0,-0.004013321,0.0,-0.0008000422,0.0,0.0,0.0,-0.0030397857,0.0,0.0,0.0,0.0,0.0,0.0,0.0,0.0,0.0,0.0,0.0,0.0,0.0,0.0,0.0,0.0,0.0,0.0,0.0,0.0,0.0,0.02912201,0.0,0.0,0.0,0.041444696,0.0,0.03373419,0.0,0.009806708,0.0,0.0,0.0,-0.0013015694,0.0,0.0049298806,0.0,0.0,0.0,0.00030724518,0.0,0.0088392105,0.0,0.0,0.0,0.0,0.0,0.0,0.0,0.0,0.0,0.0,0.0,0.028720802,0.0,0.02814562,0.0,0.033519577,0.0,0.009743075,0.0,0.0058072535,0.0,0.009289547,0.0,0.004462764,0.0,0.03167697,0.0,0.020236084,0.0,0.0,0.0,0.0,0.0,0.0,0.0,0.0,0.0,0.0,0.0,0.0,0.0,0.0,0.0,0.0,0.0,0.0,0.0,0.0,0.0,0.0,0.0,0.0,0.0,0.0,0.0,0.0,0.0,0.0,0.0,0.0,0.0,0.0,0.0,0.0,0.0,0.0,0.0,0.0080108885,0.0,0.0030862777,0.0,0.0018483134,0.0,0.013686872,0.0,0.015666395,0.0,0.010285693,0.0,0.0012240167,0.0,0.007790045,0.0,0.028711807,0.0,0.010442361,0.0,0.0117580155,0.0,0.0143375285,0.0,-0.00061294733,0.0,0.008318706,0.0,0.0049058893,0.0,0.0017912148,0.0,0.01963663
0.0,0.0,0.0,0.0,0.0,0.0,0.0,0.0,0.0,0.0,0.0,0.0,0.0,0.0,0.0,0.0,0.0,0.0,0.0,0.0,0.0,0.0,0.0,0.0,0.0,0.0,0.0,0.0,0.0,0.0,0.0,0.0,0.003257104,0.0,0.0014004547,0.0,-0.013865943,0.0,-0.020266635,0.0,0.0,0.0,0.005300009,0.0,0.0,0.0,0.0,0.0,0.013357471,0.0,-0.006264784,0.0,-0.006456931,0.0,0.0,0.0,0.0,0.0,0.0,0.0,0.025626367,0.0,-0.008762043,0.0,0.0,0.0,0.0,0.0,-0.013695833,0.0,0.032793254,0.0,0.04813913,0.0,0.0046184612,0.0,0.013746423,0.0,0.03327382,0.0,0.0,0.0,0.0,0.0,0.0,0.0,0.0062690396,0.0,0.0,0.0,0.0,0.0,0.0,0.0,0.0,0.0,0.0,0.0,0.0,0.0,0.0,0.0,0.0,0.0,0.0,0.0,0.0,0.0,0.0,0.0,0.0,0.0,0.0,0.0,0.0,0.0,0.0072183884,0.0,0.0,0.0,0.0053424058,0.0,0.0,0.0,0.0,0.0,0.0,0.0,-0.0054492606,0.0,0.013110083,0.0,0.0,0.0,0.0,0.0,0.0,0.0,-0.0052926657,0.0,-0.00916999,0.0,0.0,0.0,0.04665471,0.0,-0.013145734,0.0,0.0059407414,0.0,0.0,0.0,-0.0060913847,0.0,0.00915537,0.0,0.0,0.0,0.010767657,0.0,0.0029595736,0.0,0.039916504,0.0,-0.0044747647,0.0,-0.020278398,0.0,0.02781253,0.0,0.026838858,0.0,-0.009102313,0.0,0.0,0.0,0.0,0.0,0.0,0.0,0.0057324134,0.0,0.0,0.0,0.0,0.0,0.0,0.0,0.0,0.0,0.0,0.0,0.0,0.0,0.0,0.0,0.0,0.0,0.0,0.0,0.0,0.0,0.0,0.0,0.0,0.0,0.0,0.0,0.0,0.0,0.0,0.0,0.0014960105,0.0,0.006043928,0.0,0.0,0.0,0.0091370465,0.0,-0.016346147,0.0,0.0076027033,0.0,0.0035469458,0.0,0.0023642434,0.0,-0.0018921384,0.0,-0.02465104,0.0,0.0008156543,0.0,0.017030358,0.0,-0.0074416352,0.0,0.0048004254,0.0,-0.002760078,0.0,-0.022198945,0.0,-0.00034448542,0.0
0.0,0.0,0.0,0.0,0.0,0.0,0.0,0.0,0.0,0.0,0.0,0.0,0.0,0.0,0.0,0.0,0.0,0.0,0.0,0.0,0.0,0.0,0.0,0.0,0.0,0.0,0.0,0.0,0.0,0.0,0.0,0.0,0.0,0.00022833791,0.0,0.0028258557,0.0,-0.0108690765,0.0,0.012778703,0.0,0.0,0.0,-0.0019059202,0.0,0.009658141,0.0,0.0,0.0,0.0,0.0,-0.005615611,0.0,0.00094386394,0.0,0.0,0.0,0.0,0.0,0.0,0.0,0.02130752,0.0,0.002228179,0.004401822,0.0081580235,0.0,0.0,0.0,-0.0029898824,0.0,0.046155367,0.0,0.048452824,0.0,0.044413354,0.0,0.02341196,0.0,0.02205596,0.0,0.0,0.0,0.0,0.0,0.0,0.0,0.0059409407,0.0,0.0,0.0,0.0,0.0,0.0,0.0,0.0,0.0,0.0,0.0,0.0,0.0,0.0,0.0,0.0,0.0,0.0,0.0,0.0,0.0,0.0,0.0,0.0,0.0,0.0,0.0,0.0,0.0,0.0,0.0,0.0,0.0,0.011429808,0.0,0.029438226,0.0,0.0,0.0,0.0,0.0,0.004674529,0.0,-0.0007904745,0.0,0.00040025188,0.0,0.0,0.0,0.0,0.0,-0.00071799237,0.0,0.0093183145,0.0,0.0,0.0,0.029293103,0.0,0.0,0.0034224258,0.0040035164,0.0,0.0,0.0,-0.0012932251,0.0,0.0064049168,0.0,0.0,0.0,-0.0058159535,-0.0063104457,-0.0044787684,0.0,0.037314996,0.0,0.0022405218,0.0,-0.013433506,0.0,0.02226208,0.0,0.008761845,0.0,-0.001968947,0.0,0.003465912,0.0,0.0,0.0,0.0,0.0,0.005886811,0.0,0.0,0.0,0.0,0.0,0.0,0.0,0.0,0.0,0.0,0.0,0.0,0.0,0.0,0.0,0.0,0.0,0.0,0.0,0.0,0.0,0.0,0.0,0.0,0.0,0.0,0.0,0.0,0.0,0.0,0.0,0.0025323876,0.0,0.00083053776,0.0,0.0,0.0,-0.0012477589,0.0,-0.011952261,0.0,0.005717423,0.0,-0.007974687,0.0,-0.00014140272,0.0,-0.009983907,0.0,-0.004891609,0.0,-0.0027650362,0.0,-0.0015385464,0.0,0.0,0.0,-0.0021186615,0.0,-0.010417905,0.0,-0.0024179688,0.0,-0.0038826838
0.0,0.0,0.0,0.0,0.0,0.0,0.0,0.0,0.0,0.0,0.0,0.0,0.0,0.0,0.0,0.0,-0.01679615,0.0,0.0,0.0,0.0,0.0,0.0,0.0,-0.012576334,0.0,0.0,0.0,0.0,0.0,0.0,0.0,0.0,0.0,0.0,0.0,-0.024579637,0.0,0.0,0.0,0.0,0.0,0.0,0.0,0.0,0.0,0.0,0.0,0.0,0.0,-0.010872979,0.0,-0.0054058107,0.0,0.0017811237,0.0,0.029493358,0.0,0.0,0.0,0.022105167,0.0,-0.015714262,0.0,0.0,0.0,0.0,0.0,0.0025658542,0.0,0.0,0.0,0.0,0.0,0.0,0.0,0.0076181446,0.0,0.0,0.0,0.0,0.0,0.0,0.0,0.0,0.0,0.0,0.0,0.0,0.0,0.0,0.0,0.0,0.0,0.0,0.0,0.0,0.0,0.0,0.0,0.0,0.0,0.0,0.0,0.0,0.0,0.0,0.0,0.0,0.0,0.0,0.0,0.0,0.0,0.0,0.0,0.003642692,0.0,0.0,0.0,0.0,0.0,0.0,0.0,0.044688962,0.0,0.0,0.0,0.013341723,0.0,0.03178614,0.0,0.025188891,0.0,0.0,0.0,-0.004857381,0.0,0.054306705,0.0,0.004166839,0.0,0.0,0.0,0.00093903014,0.0,0.0,0.0,0.0,0.0,0.0,0.0,0.0,0.0,0.04661709,0.0,0.029659327,0.0,0.0,0.0,0.0102056675,0.0,0.03209747,0.0,0.0008090797,0.0,-0.013962234,0.0,0.023903023,0.0,0.050734363,0.0,0.012829358,0.0,0.0,0.0,0.0,0.0,0.0,0.0,0.0,0.0,0.0,0.0,0.0,0.0,0.0,0.0,0.0,0.0,0.0,0.0,0.0,0.0,0.0,0.0,0.0,0.0,0.0,0.0,0.0,0.0,0.0,0.0,0.0,0.0,0.0,0.0,0.0,0.0,0.0,0.0,0.0,0.0,0.0,0.0,0.0,0.0,0.0,0.0,-0.015287426,0.0,0.0,0.0,-0.004418781,0.0,-0.010744461,0.0,0.0066429684,0.0,0.0,0.0,0.0012629756,0.0,0.01957615,0.0,0.0,0.0,0.0,0.0,0.0,0.0,0.0,0.0,0.013018297,0.0
0.0,0.0,0.0,0.0,0.0,0.0,0.0,0.0,0.0,0.0,0.0,0.0,0.0,0.0,0.0,0.0,0.0,0.0015498303,0.0,0.0,0.0,0.0020090197,0.0,0.0,0.0,0.0024117068,0.0,0.0,0.0,-0.0087016085,0.0,0.0,0.0,-0.0065779565,0.0,0.00060026307,0.0,-0.01859753,0.0,-0.0011074741,0.0,0.0,0.0,0.0,0.0,0.0,0.0,0.0,0.0,0.0,0.0,0.00073779584,0.0,-0.017182315,0.0,-0.0049929605,0.0,0.042886768,0.0,0.012804919,0.0,0.021999592,0.0,0.0008651637,0.0,0.0,0.0,0.0,0.0,0.0,0.0,-0.013170844,0.0,-0.011094746,0.0,0.0,0.0,-0.003750572,0.0,0.0,0.0,0.0,0.0,0.0,0.0,0.0,0.0,0.0,0.0,0.0,0.0,0.0,0.0,0.0,0.0,0.0,0.0,0.0,0.0,0.0,0.0,0.0,0.0,0.0,0.0,0.0,0.0,0.0,0.0,0.0,0.0,0.0,0.0,0.0,0.0,0.0,0.0,0.0,0.0,0.0,0.0,0.0,0.0,0.0,0.0,0.039062675,0.0,0.0,0.0,0.060389876,0.0,0.023804342,0.0,0.04131822,0.0,0.0,0.0,0.0060120905,0.0,0.021854103,0.0,-0.0041073854,0.0,0.0,0.0,0.01516523,0.0,0.0,0.0,0.0039791455,0.0,0.0,0.0,0.0,0.0,0.032028224,0.0,0.023110665,0.0,0.0,0.0,-0.0022645467,0.0,0.0054415986,0.0,7.575079e-05,0.0,-0.011876896,0.0,0.010323331,0.0,0.014003004,0.0,0.0069390223,0.0,0.0,0.0,0.0,0.0,0.0,0.0,0.0,0.0,0.0,0.0,0.0,0.0,0.0,0.0,0.0,0.0,0.0,0.0,0.0,0.0,0.0,0.0,0.0,0.0,0.0,0.0,0.0,0.0,0.0,0.0,0.0,0.0,0.0,0.0,0.0,0.0,0.0,0.0,0.0,0.0,0.013933701,0.0,0.0,0.0,0.0,0.0,-0.0010947234,0.0,0.0,0.0,-0.004758508,0.0,-0.007820772,0.0,0.010897818,0.0,0.0,0.0,0.009692568,0.0,0.022746526,0.0,0.0,0.0,0.0,0.0,0.0,0.0,0.0,0.0,0.0
0.0,0.0,0.0,0.0,-0.0025841857,0.0,0.008596431,0.0,0.01912454,0.02134987,0.0,0.0,0.0,0.0,0.0,0.0,0.0,0.0,0.0,0.0,0.0,0.0,0.0,0.0,0.015479747,0.0,0.0072737806,0.0,0.0,0.0,0.0,0.0,0.0,0.0,0.00867954,0.0,0.012765668,0.0,0.013246327,0.0,0.0,0.0,0.006176319,0.0,0.0,0.0,0.0,0.0,-0.0049630986,0.0,0.0036925822,0.0,0.04352893,0.0,0.027609468,0.0,0.04149863,0.0,0.05013199,0.042213533,0.020372327,0.0,0.0,0.0,0.052165017,0.039293826,0.045380633,0.045537774,0.007948417,0.0,0.007191703,0.0028018358,0.007832059,0.004251375,0.0,0.0015713371,-0.0018664654,0.0,0.0,0.0,0.0,0.0,0.0,0.0,0.0,0.0,0.0,0.0,0.0,0.0,0.0,0.0,0.0,0.0,0.0,0.0,0.0,0.0,0.0,0.0,0.0,0.0,-0.0009170265,0.0,0.0,0.0,0.0,0.0,0.0,0.0,0.0,0.0,0.0,0.0,0.0,0.0,5.0702678e-05,0.0,0.0,0.0,0.0,0.0,0.0,0.0,0.026143456,0.016574956,0.0,0.0,0.012429637,0.0,0.051951807,0.027927242,0.021421816,0.0,0.0,0.0,0.0,0.0,0.009926816,0.0,0.0,0.0,0.0,0.0,0.0143541135,0.00832048,0.0,0.003170364,0.038014714,0.026268207,0.0,0.0,0.005622388,0.0014434756,0.039107036,0.0,0.020741692,0.0090857865,0.024557043,0.0,0.0,0.06176498,0.031164246,0.010041255,-0.006277594,0.0,0.018451903,0.0,0.01367186,0.008477599,0.018220862,0.0,0.019257894,0.0,0.006227516,0.0031984474,0.015008158,0.0,0.0,0.0,0.01984491,0.0,0.017553713,0.0,0.023739226,0.021064704,0.0,0.0,0.0,0.0,0.0,0.0,0.0,0.0,0.0,0.0,0.0,0.0,0.0,0.0,0.0,0.0,0.0,0.0,0.0,0.0,0.0,0.0,0.0,0.0,0.014148583,0.0,0.011627176,0.0,0.024075665,0.0,0.009360848,0.0,0.007600352,0.017463073,0.020387033,0.0,0.007235435,0.0002213956,0.01261625,0.0,0.013954255,0.017081438,0.018262409,0.011541069,0.012489973,0.0,0.0029131698,0.005163815,0.015190297,0.00532295,0.007976346,0.010143311,0.0013071753,0.0,0.011311976,0.0,0.014092212,0.009965325,-0.0030725044,-0.0022553338
0.0,0.0036036412,0.0,0.0,0.0,-0.0070964945,0.0,-0.0010846738,0.007298714,0.018762669,0.0,0.0028376416,0.0,0.0,0.0,0.0,0.0,0.0,0.0,0.002270148,0.0,0.0,0.0,0.0,0.0,-0.0019696897,0.0,0.010521627,0.0,0.0,0.0,0.0,0.0,0.0,0.0,-0.000530456,0.0,0.005609552,0.0,0.0,0.0,0.0,0.0,-0.0018544496,0.0,0.0,0.0,0.0,0.0,-0.0029817927,0.0,-0.0044093877,0.0,0.0348642,0.0,-0.003997636,0.0088321855,0.020636903,0.018780336,0.039320115,0.0,0.027819458,0.0,-0.005665486,0.032461833,0.03629744,0.022515565,0.04058213,0.0,0.019208824,-0.0067987107,-0.0032130713,0.0,-0.0015895105,0.0,0.0,0.0,0.0068450384,0.0,0.0,0.0,0.0,0.0,0.0,0.0,0.0,0.0,0.0,0.0,0.0,0.0,0.0,0.0,0.0,0.0,0.0,0.0,0.0,0.0,0.0,0.0,0.0,0.0,0.0,0.0,0.0,0.0,0.0,0.0,0.0,0.0,0.0,0.0,0.0,0.0,0.0,0.0,0.0,0.0,0.010221766,0.0,0.0,0.0,0.0,0.0,0.0040708655,0.0,0.0,0.0,0.0023340008,0.03313555,0.017846206,0.0,-0.009546515,0.0,0.0,0.0,0.0,0.0,-0.0020863486,0.0,0.0,0.0,0.0,0.0019503456,0.0048357844,-0.0041832854,-0.00714332,0.01101574,0.01813957,0.0,0.0,0.0039966917,-0.00020094961,0.0,0.031919714,0.0,0.010529696,0.0,0.0022547652,0.03853821,0.0,0.0,0.0,0.0,0.0036740056,0.0,0.011994641,0.0,0.008945571,0.0,0.022713395,0.0,0.015498417,0.011147436,0.004877261,0.009057449,0.011447786,0.0,0.0,0.02156756,0.007892854,0.011620592,0.01700946,0.019353326,0.014358872,0.0,0.0,0.0,0.0,0.0,0.0,0.0,0.0,0.0,0.0,0.0,0.0,0.0,0.0,0.0,0.0,0.0,0.0,0.0,0.0,0.0,0.0,0.0,0.0,0.0,0.00992401,0.0,0.017391331,0.0,0.008445002,0.0,0.01408571,0.0,0.028903903,0.012286547,0.009377431,-0.004562466,0.0047025285,0.0,0.0077550677,0.0079505285,0.020197507,0.0,0.010369396,0.00645089,0.0037938496,0.0075020604,0.0011119287,-0.011642617,-0.0006949902,0.011105345,0.0042860843,-0.0077149994,-0.0052195597,0.0067303632,0.011083614,0.0136015285,0.016802168,-0.0057537663,0.00024840795
0.0,0.0,0.0,0.0,0.0,0.0,0.0,0.0,0.0,0.0,0.0,0.0,0.0,0.0,0.0,0.0,0.0,0.0,0.0,0.0,0.0,0.0,0.0,0.0,0.0,0.0,0.0,0.0,0.0,0.0,0.0,0.0,0.014637623,0.0,0.0144253485,0.0,-5.965581e-05,0.0,-0.0031435867,0.0,0.0,0.0,-0.004123618,0.0,0.0,0.0,0.0,0.0,0.0,0.0,0.006257451,0.0,-0.006321417,0.0,0.0,0.0,0.0,0.0,0.0,0.0,0.013514869,0.0,-0.006687606,0.0,0.0,0.0,0.0,0.0,0.020597555,0.0,0.047207307,0.0,0.055757806,0.0,0.014067579,0.0,0.022315748,0.0,0.033123873,0.0,0.0,0.0,0.0,0.0,0.0,0.0,0.011812234,0.0,0.0,0.0,0.0,0.0,0.0,0.0,0.0,0.0,0.0,0.0,0.0,0.0,0.0,0.0,0.0,0.0,0.0,0.0,0.0,0.0,0.0,0.0,0.0,0.0,0.0,0.0,0.0,0.0,0.006030762,0.0,0.0,0.0,0.0,0.0,0.0,0.0,0.0031702232,0.0,0.0,0.0,0.0,0.0,0.00685845,0.0,-0.0035191192,0.0,-0.025707757,0.0,0.0,0.0,-0.009208683,0.0,-0.01814857,0.0,0.0,0.0,0.046449017,0.0,0.0,0.0,0.01532883,0.0,0.0,0.0,-0.0039550704,0.0,0.003403753,0.0,0.05808668,0.0,0.0066151945,0.0,0.0008886441,0.0,0.0,0.0,-0.001248615,0.0,-0.00599569,0.0,0.02734565,0.0,0.02153772,0.0,0.010947103,0.0,0.0,0.0,0.0,0.0,0.0,0.0,0.002221439,0.0,0.0,0.0,0.0,0.0,0.0,0.0,0.0,0.0,0.0,0.0,0.0,0.0,0.0,0.0,0.0,0.0,0.0,0.0,0.0,0.0,0.0,0.0,0.0,0.0,0.0,0.0,0.0,0.0,0.011619359,0.0,0.0051603466,0.0,0.013238147,0.0,0.0,0.0,0.0,0.0,-0.006443217,0.0,0.002202484,0.0,-0.005380067,0.0,0.0027300615,0.0,0.0012313756,0.0,0.01738388,0.0,0.0,0.0,0.002612483,0.0,-0.012120708,0.0,0.0011516509,0.0,-0.012042735,0.0,0.0026298885,0.0,0.01223483,0.0
0.0,0.0,0.0,0.0,0.0,0.0,0.0,0.0,0.0,0.0,0.0,0.0,0.0,0.0,0.0,0.0,0.0,0.0,0.0,0.0,0.0,0.0,0.0,0.0,0.0,0.0,0.0,0.0,0.0,0.0,0.0,0.0,0.0,0.0024479097,0.0,0.017412823,0.0,0.002878953,0.0,0.018158488,0.0,0.0,0.0,0.0067595206,0.0,0.004312102,0.0,0.0,0.0,0.0,0.0,0.0073945764,0.0,0.0,0.0,0.0,0.0,0.0,0.0,0.0,0.0,0.026778156,0.0,0.0,0.0038071068,0.005909031,0.0,0.0,0.0,0.012765904,0.0,0.089675635,0.0,0.08908392,0.0,0.08099968,0.0,0.007209202,0.0,0.046332024,0.0,0.0,0.0,0.0,0.0,0.0,0.0,0.015147881,0.0,0.0,0.0,0.0,0.0,0.0,0.0,0.0,0.0,0.0,0.0,0.0,0.0,0.0,0.0,0.0,0.0,0.0,0.0,0.0,0.0,0.0,0.0,0.0,0.0,0.0,0.0,0.0,0.0,0.0,0.0,0.0,0.0,0.022272293,0.0,0.059164304,0.0,0.0,0.0,0.0,0.0,0.001086263,0.0,-0.00036720026,0.0,0.0,0.0,0.0,0.0,0.0,0.0,-0.013740888,0.0,0.0026471687,0.0,0.0,0.0,0.036604274,0.0,0.0,0.010495655,0.0035679494,0.0,0.0,0.0,0.0,0.0,-0.0014186107,0.0,0.06799592,0.0,0.0010581578,-0.009321275,0.0,0.0,0.0,0.0,0.0076927706,0.0,0.0023714313,0.0,0.021665968,0.0,0.031284492,0.0,0.013152048,0.0,-0.0011541648,0.0,0.0,0.0,0.0,0.0,-0.008516491,0.0,0.0,0.0,0.0,0.0,0.0,0.0,0.0,0.0,0.0,0.0,0.0,0.0,0.0,0.0,0.0,0.0,0.0,0.0,0.0,0.0,0.0,0.0,0.0,0.0,0.0,0.0,0.0,0.0,0.0,0.0,0.0049105724,0.0,0.0,0.0,0.0,0.0,0.00445528,0.0,0.0014943246,0.0,0.0065497635,0.0,-0.003773921,0.0,-0.0038369715,0.0,-0.0025291415,0.0,0.026682029,0.0,0.0,0.0,0.005123117,0.0,0.0,0.0,0.009776576,0.0,0.0,0.0,0.0030011027,0.0,0.014465763
0.033612147,0.0,0.0,0.0,0.03304769,0.0,0.0,0.0,0.0,0.0,0.056377336,0.0,0.04655102,0.048462283,0.0,0.0,0.0,0.0,0.027904062,0.0,0.0,0.0,0.0,0.0,0.0,0.0,0.035811182,0.0,0.0,0.0,-0.006137684,0.0,0.016131075,0.0,0.015357928,0.0,0.01937867,0.0,0.0023702742,0.0,0.026937213,0.0264233,0.021864817,0.0,0.005665781,0.0,0.0012182383,-0.0006311748,0.0020423091,0.000860418,0.04067328,0.0,0.0,0.0,0.0,0.0,0.002940715,0.0,-0.009103726,0.0,0.011518872,0.0,0.0,0.0,0.0,0.0,0.0,0.0,0.028876208,0.0,0.011922781,0.0,0.013079805,0.0,0.02105252,0.0,0.00020248954,0.0,-0.010857339,0.0,0.0037626154,0.0,0.013980787,0.0,0.0,0.0,0.03023306,0.0,0.0,0.0,0.0,0.0,-0.0028019873,0.0,-0.0027485285,0.0,0.0,0.0,0.0,0.0,0.0,0.0,0.0102859335,0.0,0.009218792,0.0,0.0,0.0,-0.0050188648,0.0,0.017128855,0.0,0.017980658,0.0,0.013602479,0.0,0.007441193,0.0,0.021278128,0.0,0.0,0.0,0.0,0.0,0.0026784202,0.0,0.0,0.0,0.0,0.0,0.007807761,0.0,0.0,0.0,0.0,0.0,0.0,0.0,0.012955617,0.0,0.0063457564,0.0,0.020932717,0.0,-0.0037681214,0.0,0.010066713,0.0,0.006094882,0.0,0.024238689,0.0,0.029360447,0.0,0.0058272053,0.0,0.015592301,0.0,0.01151589,0.0,0.009688656,0.0,0.02361547,0.0,0.0,0.0,0.017546793,0.0,0.0065089366,0.0,0.0125235515,0.0,0.024308508,0.0,0.037422065,0.03476927,0.04116441,0.027300965,0.0760837,0.0,0.015618313,0.011311554,0.048135087,0.0,0.028062267,0.0,0.051058058,0.0,0.008631626,0.0,0.01778651,0.0,0.00579133,0.0,0.021692147,0.0,0.018420655,0.0,0.007760463,0.0,0.007908443,0.0,0.0,0.0,0.0028812895,0.0,0.0072112842,0.0,0.0,0.0,0.004331955,0.0,0.021770488,0.0,0.0021740396,0.0,-0.0015159321,-0.00039576687,-0.0025930058,0.012046144,0.010622674,0.0,-0.0061577186,0.011916059,0.0073852306,0.0,-0.002481896,-0.007260486,0.020271188,0.0,0.021895569,0.02608285,0.024370972,0.0,0.0065541225,0.0,0.011624947,0.014030919,0.019486958,0.0,0.014047419,0.019953173,0.017939491,0.0,-0.0038237164,0.0
0.0,0.0,0.0,0.0,0.0,0.0,0.0,0.0,0.0,0.0,0.0,0.0,0.0,0.03350181,0.0,0.0,0.0,0.0,0.0,0.04368298,0.0,0.0,0.0,0.0,0.0,0.0,0.0,0.01172821,0.0,0.0,0.0,0.0,0.0,0.007984611,0.0,0.009869105,0.0,0.022849133,0.0,-0.0034594699,0.009264684,0.015359865,0.0,0.007937523,0.0,-0.010366577,0.0,-0.008932004,0.0025668044,0.002755925,0.0,0.028224308,0.0,-0.0034449715,0.0,0.0,0.0,0.008395119,0.0,0.008893937,0.0,0.00058752525,0.0,0.0,0.008813734,0.013477767,0.0,0.0,0.0,-0.00013395496,0.0,-0.0018093325,0.0,-0.0049193245,0.0,0.0017121348,0.0,0.0050987955,0.0,0.015396547,0.0,0.015902292,0.0,0.004034174,0.0,-0.010444868,0.0,0.03517863,0.0,-0.0028887712,0.0,0.0,0.0,-0.007374779,0.0,-0.0025824565,0.0,0.0,0.0,0.0,0.0,0.0,0.0,0.0002460286,0.0,0.0022423137,0.0,-0.0006086478,0.0,-0.0017377065,0.0,-0.015147147,0.0,-0.00062325236,0.0,-0.008552488,0.0,-0.007841225,0.0,0.006544206,0.0,0.017535867,0.0,-0.0025750706,0.0,0.0063786153,0.0,0.0030448076,0.0,0.0035983957,0.0,0.003932511,0.0,0.0016757993,0.0,-0.004257065,0.0,0.0033420743,0.0,0.0,0.0,0.005313055,0.0,0.0,0.0,0.00050979166,0.003983388,0.004520274,0.0065059075,0.013175209,0.0,0.01452932,0.0,0.020506537,0.0,0.0052427338,0.0,-0.00020772574,0.0,0.0039672987,0.0,0.010305432,0.0,-0.008502599,0.0,0.0,0.0,0.029511733,0.0,-0.0048830938,0.0,-0.0047256285,0.0,0.017116379,0.039994612,0.032272186,0.032908384,0.031899545,0.0,0.0,0.022903012,0.012060794,0.0,0.0,0.0,0.015763225,0.043695513,0.044414476,0.0,0.00018807568,0.0,0.011419149,0.0,0.0061891642,0.0,0.005088015,0.0,0.010265042,0.0,-0.003630616,0.0,-0.0013085273,0.0,-0.0036491056,0.0,0.001349548,0.0,0.0036696582,0.0,-0.0031109878,0.0,0.010270294,0.0,0.0013498659,0.0,0.01323894,0.0028164568,-0.0041997316,-0.002684298,0.01792234,0.0,0.01572508,-0.0025916428,-0.0028868169,0.0,0.018606639,0.0,0.0072741485,0.0,0.0120652495,0.0,0.015875138,0.0,0.0038802796,0.0,0.011871308,0.014166796,0.015461774,0.002039117,-0.0007502369,0.007607255,0.0067524314,0.011388244,0.022450771,0.0,0.01291788
0.048426855,0.0,0.0,0.0,-0.014042372,0.0,0.0,0.0,0.0,0.0,0.0,0.0,-0.010188922,0.0,0.048680194,0.0,0.0,0.0,0.0,0.0,0.058590036,0.0,0.0,0.0,0.0,0.0,0.010851617,0.0,0.0174769,0.0,0.040908888,0.0,0.015896384,0.0,-0.009993194,0.0,0.05428912,0.0,0.021731684,0.0,0.0,0.0,0.0057083596,0.0,0.023447497,0.0,0.0,0.0,0.0014805266,0.0,0.017899279,0.0,0.0,0.0,0.0,0.0,0.0013700853,0.0,0.0,0.0,0.011001388,0.0,0.027304567,0.0,0.01009256,0.0,0.0,0.0,0.004837715,0.0,0.0028116533,0.0,0.0047297943,0.0,0.00017397596,0.0,0.014187134,0.0,-0.009800288,0.0,0.0,0.0,0.0,0.0,-0.013666698,0.0,-0.0057352236,0.0,0.0,0.0,0.0,0.0,0.0,0.0,0.0,0.0,0.0,0.0,0.0,0.0,0.0,0.0,0.021657024,0.0,0.0,0.0,0.0,0.0,0.0,0.0,0.0,0.0,0.0,0.0,0.0,0.0,0.0024922318,0.0,0.0,0.0,-0.006350883,0.0,0.0,0.0,0.00519416,0.0,0.0,0.0,0.0,0.0,0.0033803086,0.0,0.0,0.0,0.0,0.0,0.0,0.0,0.026002308,0.0,0.022758732,0.0,0.0056500346,0.0,0.0075452137,0.0,0.0,0.0,0.009263711,0.0,0.0,0.0,0.01217049,0.0,0.0036842176,0.0,0.010735401,0.0,0.009301024,0.0,-0.0063702418,0.0,0.0101374285,0.0,0.04249281,0.0,0.0,0.0,0.029705597,0.0,0.033359375,0.0,0.031926,0.0,0.02113001,0.0,0.0,0.0,0.0,0.0,0.01265904,0.0,0.0,0.0,0.0,0.0,0.0,0.0,0.0,0.0,0.0,0.0,0.0,0.0,0.0,0.0,0.015286611,0.0,0.0,0.0,0.0,0.0,0.0,0.0,0.0,0.0,0.0017341219,0.0,0.0,0.0,0.00097431167,0.0,-0.004048296,0.0,-0.013472531,0.0,0.009260476,0.0,-0.0046319924,0.0,0.01328167,0.0,0.010537198,0.0,0.01790341,0.0,0.020984933,0.0,0.014566943,0.0,0.027207399,0.0,0.010775855,0.0,0.007066486,0.0,0.018411351,0.0058272122,0.016468331,0.0,0.0077959225,0.0,0.022307688,0.0,0.018756133,0.0
0.0,0.0,0.0,0.0,0.0,0.0,0.0,0.0,0.0,0.0,0.0,0.0,0.0,0.0,0.0,0.0,0.0,0.0,0.0,0.0,0.0,0.0,0.0,0.0,0.0,0.0,0.0,0.0014661333,0.0,0.0,0.0,-0.011491076,0.0,-0.0008058092,0.0,0.0062170555,0.0,0.02258073,0.0,-0.0006739652,0.0,0.0,0.0,-0.015011869,0.0,0.00027445314,0.0,0.0,0.0,0.0028101592,0.0,0.0058354484,0.0,0.0,0.0,0.0,0.0,0.0,0.0,0.0,0.0,0.0020714852,0.0,0.0,0.0,0.0,0.0,0.0,0.0,-0.013331835,0.0,-0.015578063,0.0,-0.014384647,0.0,-0.010381356,0.0,0.01627599,0.0,-0.008773378,0.0,-0.0017943174,0.0,0.0,0.0,-0.014245061,0.0,0.005140721,0.0,0.0,0.0,0.0,0.0,0.0,0.0,0.0,0.0,0.0,0.0,0.0,0.0,0.0,0.0,0.0,0.0,0.0,0.0,0.0,0.0,0.0,0.0,0.0,0.0,0.0,0.0,0.0,0.0,0.0,0.0,0.0,0.0,-0.010873084,0.0,-0.012653271,0.0,-0.0035394877,0.0,0.0,0.0,-0.0047246804,0.0,-0.0056526936,0.0,-0.0076704496,0.0,-0.0042131813,0.0,0.0,0.0,0.0022411186,0.0,0.015187794,0.0,0.0,0.0,0.0077977106,0.0,0.0,0.0045733615,0.020035677,0.0,0.0,0.0,0.0,0.0,-0.0069513544,0.0,-0.0020700383,0.0,-0.0075964127,0.0,-0.005578719,0.0,-0.020028709,0.0,0.009907092,0.0,0.0,0.0,0.00881791,0.0,-0.0193335,0.0,0.02195394,0.0,0.0115629155,0.0,0.0,0.0,0.0,0.0,0.005771622,0.0,0.0,0.0,0.0,0.0,0.0,0.0,0.0,0.0,0.0,0.0,0.0,0.0,0.0,0.0,0.0,0.0,0.0,0.0,-0.0055427044,0.0,0.0,0.0,0.0,0.0,0.0,0.0,0.0,0.0,0.0,0.0,0.00848309,0.0,-0.011935289,0.0,0.0068447352,0.0,0.0047931983,0.0,-0.01931521,0.0,-8.270772e-05,0.0,-0.013455078,0.0,0.012714203,0.0,-0.010967497,0.0,-0.012891758,0.0,-0.00183633,0.0,-0.005141481,0.0,-0.012524332,0.0,-0.011334813,0.0,-0.004783187,0.0,0.022980481,0.0,-0.011048691
0.006192279,0.0,0.006768886,0.0,0.0010838304,0.0,0.0,0.0,-0.0062745744,0.011858649,0.0084704915,0.0,0.008192481,0.0,0.011399081,0.0,0.0,0.0,-0.0014352383,0.0,0.017160136,0.0,0.0,0.0,0.0,0.0,0.010515971,0.0,0.0,0.0,0.006718827,0.0,0.00409635,0.0,0.015947953,0.0,0.0002982768,0.0,-0.005457859,0.0,0.0,0.0,0.014688509,0.0,0.01027208,0.0,0.0,0.0,0.0049268217,0.0,0.005113486,0.0,0.007551206,0.0,0.0,0.0,0.0137644615,0.0,0.0,0.0,0.02135541,0.0,0.0048807054,0.0,0.023042949,0.032253623,0.0,0.0,0.003291247,0.0,0.014196972,0.0,0.014628626,0.0,0.0024802852,0.0,0.009022685,0.0,0.002192991,0.0,-0.004628901,0.0,-0.0014541609,0.0,-0.010202645,0.0,-0.0011933895,0.0,0.0,0.0,0.008512141,0.0,0.0037061197,0.0,0.0,0.0,0.0011465204,0.0,0.004449997,0.0,0.0,0.0,-0.0045876508,0.0,-0.0007250283,0.0,-0.0041303635,0.0,-0.004037181,0.0,-0.010840182,0.0,0.0,0.0,7.7564415e-05,0.0,-0.0019567052,0.0,-0.0015602969,0.0,-0.0016073268,0.0,0.005093949,0.0,0.018722475,0.0,-2.4397194e-05,0.0,0.0,0.0,0.0106853,0.012622564,0.011580777,0.0,-0.00026802643,0.0,-0.0026063893,0.0,0.011831819,0.0,0.012074787,0.0,0.008744195,0.0,0.025805088,0.0,0.0042116363,0.0,0.02167538,0.021484613,0.01664591,0.0,0.012308401,0.0,0.004387233,0.0,0.022152482,0.0,0.013823996,0.0,0.0059297998,0.0,0.024143862,0.0,0.012084792,0.0,0.009189605,0.0,0.0,0.0,0.025233023,0.0,0.010338921,0.0,0.01600967,0.019257091,0.012859253,0.0,0.0,0.0,0.012994052,0.011790931,0.019197987,0.0,0.0,0.0,0.008008324,0.0,0.0,0.0,0.0045364294,0.0,-0.0030310608,0.0,0.008811835,0.0,0.0027629319,0.0,0.0003542183,0.0,0.011015472,0.0,-0.00061043224,0.0,0.0,0.0,0.0048661004,0.0,-0.0018138282,0.0,0.0034439608,0.0,0.013696583,0.0,0.009961814,0.0,0.011000908,0.0,-0.0019218259,0.0,0.0033116173,0.0,-0.0016422465,8.607998e-05,0.014329516,0.0,0.003485763,0.0,0.008990264,0.0,0.0065085567,0.013689568,0.0028382193,0.0,0.0068535884,0.0,-0.0029151065,-0.0027086264,0.008851609,0.010942651,0.008599151,0.004974517,0.006334259,0.006259892,0.005781238,0.0
0.0,0.0,0.0,-0.010933383,0.0,-0.0021238644,0.0,0.0,0.0,0.0,0.0,0.0,0.0,0.0,0.0,0.0,0.0,0.0,0.0,0.0,0.0,0.0,0.0,0.0,0.0,0.0,0.0,0.0066855545,0.0,0.0,0.0,0.0034734814,0.0,-0.012670196,0.0,-0.0042236918,0.0,-0.0035901393,0.0,0.0024981697,0.0,0.0,0.0,0.0019319929,0.0,0.011461877,0.0,0.0019576699,0.0,-0.00084723864,0.0,0.00421594,0.0,-0.0051261,0.0,0.0,0.0,0.00023694582,0.0,-0.004831717,0.0,0.0036155332,0.0,-0.0070601874,0.004575884,0.015359053,0.0,0.0017811424,0.0,0.0019684695,0.0,0.011728349,0.0,0.018064972,0.0,0.008724862,0.0,-0.020849202,0.0,0.0013585535,0.0,-0.0063475925,0.0,0.0021457574,0.0,-0.008811996,0.0,-0.0040506464,0.0,0.01269802,0.0,-0.0031792435,0.0,0.0046726274,0.0,0.0,0.0,0.00024262817,0.0,0.0,0.0,0.0,0.0,0.013041187,0.0,-0.008213089,0.0,-0.0019436995,0.0,0.0008706871,0.0,0.005429986,0.0,0.003311393,0.0,-0.006294414,0.0,0.004711585,0.0,-0.0061921296,0.0,-0.016561277,0.0,0.012659611,0.0,-0.002127881,0.0,-0.010288333,0.0,-0.0064438353,0.0004075385,0.0032249189,0.0,-0.0030360245,0.0,-0.00044352812,0.0,-0.015598644,0.0,-0.003404393,0.0,0.0036507393,0.0,-0.009321262,0.0,0.015211345,-0.008197409,-0.017807828,9.3191054e-05,0.0033212414,0.0,-0.0059356107,0.0070791696,-0.0098580355,0.0,-0.006224696,0.0,0.0038550775,0.0,-0.005693272,0.003202335,0.0016083529,0.0,0.01929033,0.0,0.03168175,0.0,-0.002273994,0.0,0.0,0.0,0.01884112,0.0,0.009925278,0.008340459,0.006002093,0.0,-0.0073209773,0.0,0.0,0.0062082773,-0.0038571004,0.0,0.0,0.0,0.010322897,0.0,0.0,0.0,-0.003970996,0.0,-0.0039082016,0.0,-0.00048621837,0.0,-0.0072054006,0.0,-0.008978379,0.0,-0.008539715,0.0,0.003701847,0.0,-0.006986836,0.0,-0.010001551,0.0,-0.008328314,0.0,-0.01665772,0.0,-0.00715611,0.0,0.0058633895,0.0,0.01100879,0.0,-0.00046653836,0.0,0.004355456,0.0,0.0023691826,-0.0056672157,0.0048187454,0.0,0.009562057,0.0,-0.0052737067,0.0,-0.0013227344,0.0,0.012105586,0.0,-0.011609783,0.0,0.007365343,0.0,0.023994198,0.0,0.009851531,0.0,0.01761076,0.0,-0.02382975,0.0,0.0061754417
0.0,0.0,0.0,0.0,0.0,0.0,0.0,0.0,0.0,0.0,0.0,0.0,0.0,0.0,0.0,0.0,0.0,0.0,0.0,0.0,0.0,0.0,0.0,0.0,0.0,0.0,0.0,0.0,0.0,0.0,0.0,0.0,-0.006469226,0.0,0.0015782877,0.0,-0.018261032,0.0,-0.032633144,0.0,0.0,0.0,0.01956728,0.0,0.0,0.0,0.0,0.0,0.00036045298,0.0,0.0024216487,0.0,0.002388533,0.0,0.0,0.0,0.0,0.0,0.0,0.0,0.01108553,0.0,-0.0069542513,0.0,0.0,0.0,0.0,0.0,0.008516294,0.0,-0.005602954,0.0,0.0050733224,0.0,-0.027367905,0.0,-0.011006309,0.0,-0.008703185,0.0,0.0,0.0,0.0,0.0,0.0,0.0,-0.011288594,0.0,0.0,0.0,0.0,0.0,0.0,0.0,0.0,0.0,0.0,0.0,0.0,0.0,0.0,0.0,0.0,0.0,0.0,0.0,0.0,0.0,0.0,0.0,0.0,0.0,0.0,0.0,0.0,0.0,0.01665971,0.0,0.0,0.0,-0.011266965,0.0,0.0,0.0,0.0,0.0,0.0,0.0,0.0,0.0,0.026157305,0.0,0.0,0.0,0.0,0.0,0.0,0.0,0.012564265,0.0,-0.005392375,0.0,0.0,0.0,-0.0018900512,0.0,0.0,0.0,0.004745845,0.0,0.0,0.0,0.0,0.0,0.015677052,0.0,0.016004743,0.0,0.003394063,0.0,0.01946253,0.0,0.03223732,0.0,0.009134996,0.0,-0.00798133,0.0,0.04516069,0.0,0.0,0.0,0.0012125395,0.0,0.0,0.0,0.0,0.0,0.0,0.0,0.0,0.0,0.0,0.0,0.0,0.0,0.0,0.0,0.0,0.0,0.0,0.0,0.0,0.0,0.0,0.0,0.0,0.0,0.0,0.0,0.0,0.0,0.0,0.0,0.0,0.0,0.0,0.0,0.0,0.0,0.00081344607,0.0,0.0021049064,0.0,0.022556925,0.0,0.023789147,0.0,0.0021772808,0.0,0.010133572,0.0,0.014116247,0.0,0.014603079,0.0,0.004571824,0.0,0.013070397,0.0,0.0040784474,0.0,0.019536594,0.0,0.01760037,0.0,0.0018349309,0.0,0.014517417,0.0,0.019407881,0.0,-0.0023749168,0.0,0.008557292,0.0
0.0,0.0,0.0,0.0,0.0,0.0,0.0,0.0,0.0,0.0,0.0,0.0,0.0,0.0,0.0,0.0,0.0,0.0,0.0,0.0,0.0,0.0,0.0,0.0,0.0,0.0,0.0,0.0,0.0,0.0,0.0,0.0,0.0,-0.016067054,0.0,-0.00040252483,0.0,-0.012935736,0.0,-0.004965237,0.0,0.0,0.0,0.01274511,0.0,0.014649933,0.0,0.0,0.0,0.0,0.0,-0.006394369,0.0,0.013333629,0.0,0.0,0.0,0.0,0.0,0.0,0.0,0.024569472,0.0,0.0,0.022230268,0.021910466,0.0,0.0,0.0,0.016838372,0.0,0.0035082493,0.0,0.0034294394,0.0,0.0027950574,0.0,0.0043493933,0.0,-0.0071252473,0.0,0.0,0.0,0.0,0.0,0.0,0.0,-0.0021003182,0.0,0.0,0.0,0.0,0.0,0.0,0.0,0.0,0.0,0.0,0.0,0.0,0.0,0.0,0.0,0.0,0.0,0.0,0.0,0.0,0.0,0.0,0.0,0.0,0.0,0.0,0.0,0.0,0.0,0.0,0.0,0.0,0.0,-0.0060894685,0.0,-0.003216709,0.0,0.0,0.0,0.0,0.0,0.0,0.0,0.0077674026,0.0,0.0,0.0,0.0,0.0,0.0,0.0,-0.0031189364,0.0,0.003451745,0.0,0.0,0.0,0.008502533,0.0,0.0,0.014668998,0.012862037,0.0,0.0,0.0,0.0,0.0,0.015812987,0.0,0.023200952,0.0,-0.005304211,0.0,0.018774303,0.0,-0.0013775963,0.0,0.011521137,0.0,0.0037908833,0.0,0.027239572,0.0,0.0,0.0,0.013999391,0.0,0.013850899,0.0,0.0,0.0,0.0,0.0,-0.00045356242,0.0,0.0,0.0,0.0,0.0,0.0,0.0,0.0,0.0,0.0,0.0,0.0,0.0,0.0,0.0,0.0,0.0,0.0,0.0,0.0,0.0,0.0,0.0,0.0,0.0,0.0,0.0,0.0,0.0,0.0,0.0,0.02629455,0.0,0.0083592,0.0,0.0,0.0,0.007287728,0.0,-0.009416014,0.0,-0.0011134623,0.0,-0.014211463,0.0,0.0017299713,0.0,-0.0070214015,0.0,0.0063562207,0.0,0.008087811,0.0,-0.006069446,0.0,0.0,0.0,-0.0019190671,0.0,0.0,0.0,0.027382948,0.0,-0.0046375827
-0.0067051514,0.015410681,0.010936038,0.0,0.0020388656,0.0,0.0004232872,0.0,-0.0010835286,0.011766794,0.013643983,0.0,0.0,0.0,0.026759671,0.0,0.0,0.0,0.0,0.0,-0.0034506705,0.0,0.0,0.0,0.0,0.0,0.008937498,0.0,-0.017291155,0.0,-0.020848328,0.0,0.0032650444,0.0,0.0009161676,0.0,-0.007280308,0.0,0.017602999,0.0,0.0,0.0,-0.009641517,0.0,0.0059220525,0.0,0.0,0.0,0.010569347,0.0,-0.017054474,0.0,0.017992739,0.0,0.0,0.0,0.008099501,0.0,0.0,0.0,0.027649784,0.0,-0.0075178337,0.0,0.03633603,0.0,0.0,0.0,0.00025081114,0.0,-0.0005245941,0.0,-0.012658758,0.0,0.010387362,0.0,0.028640745,0.0,-0.007424417,0.0,0.0007096153,0.0,0.0,0.0,0.0,0.0,0.012933744,0.0,0.0,0.0,0.0,0.0,0.0,0.0,0.0,0.0,0.0,0.0,0.0,0.0,0.0,0.0,0.0,0.0,0.0,0.0,0.0,0.0,0.0,0.0,0.0,0.0,0.0,0.0,0.0,0.0,0.0051901606,0.0,0.0,0.0,-0.012651529,0.0,0.0,0.0,0.012185061,0.0,0.0,0.0,0.0,0.0,0.02557823,0.0,0.0,0.0,0.0,0.0,0.0,0.0,-0.011647452,0.0,0.019095046,0.0,0.020424625,0.0,0.02489142,0.0,0.0,0.0,0.026173195,0.0,0.0,0.0,0.0,0.0,0.009642542,0.0,0.01905944,0.0,0.006246351,0.0,0.029126843,0.0,0.0072924453,0.0,0.0025215177,0.0,0.0068866834,0.0,0.033286743,0.0,0.028331429,0.0,0.0,0.0,0.0,0.0,0.0,0.0,0.0,0.0,0.0030154167,0.0,0.0,0.0,0.052394696,0.0,0.0,0.0,0.0,0.0,0.0,0.0,0.0,0.0,0.0,0.0,0.0,0.0,0.0,0.0,0.0,0.0,0.0,0.0,0.0,0.0,0.0,0.0,0.0,0.0,0.025740476,0.0,0.012454745,0.0,0.0027239013,0.0,0.00067652663,0.0,0.0059078126,0.0,0.0012701382,0.0,-0.008452771,0.0,0.00484744,0.0,0.0038577619,0.0,0.009532648,0.0,-0.007892226,0.0,0.007965697,0.0,-0.00383524,0.0,0.0140930405,0.0,-0.020895272,0.0,-0.018810052,0.0,-0.0050504035,0.0,-0.008360882,0.0
0.0,0.0,0.0,0.0,0.0,0.0,0.0,0.0,0.0,0.0,0.0,0.0,0.0,0.0,0.0,0.0,0.0,0.0,0.0,0.0,0.0,0.0,0.0,0.0,0.0,0.0,0.0,0.0,0.0,0.0,0.0,0.0,0.0,0.007638683,0.0,0.011927656,0.0,0.014909312,0.0,0.013665108,0.0,0.0,0.0,-0.0036682955,0.0,0.005921849,0.0,0.0,0.0,0.0,0.0,0.0012904779,0.0,-0.0033038172,0.0,0.0,0.0,0.0,0.0,0.0,0.0,0.008755346,0.0,0.0,0.01789953,0.026631596,0.0,0.0,0.0,-0.0041623735,0.0,-0.010931032,0.0,-0.011407459,0.0,-0.008239511,0.0,0.011920661,0.0,-0.001424565,0.0,-0.0065646954,0.0,0.0,0.0,0.0,0.0,0.0043503,0.0,0.0,0.0,0.0,0.0,0.0,0.0,0.0,0.0,0.0,0.0,0.0,0.0,0.0,0.0,0.0,0.0,0.0,0.0,0.0,0.0,0.0,0.0,0.0,0.0,0.0,0.0,0.0,0.0,0.0,0.0,0.0,0.0,-0.0075266524,0.0,-0.0074922885,0.0,0.0,0.0,0.0,0.0,0.0,0.0,0.0034118996,0.0,0.0,0.0,0.0,0.0,-0.0004573288,0.0,0.0,0.0,0.021580245,0.0,0.0,0.0,0.018484324,0.0,0.0,0.0,0.026277928,0.0,0.0,0.0,0.0,0.0,-0.0011257596,0.0,-0.0024333375,0.0,-0.0067740665,0.0,0.012364711,0.0,-0.017917138,0.0,0.013638194,0.0,0.021231553,0.0,0.022060698,0.0,-0.01194886,0.0,0.0,0.0,0.011843331,0.0,0.0,0.0,0.0,0.0,0.00599949,0.0,0.0,0.0,0.0,0.0,0.0,0.0,0.0,0.0,0.0,0.0,0.0,0.0,0.0,0.0,0.0,0.0,0.0,0.0,0.0,0.0,0.0,0.0,0.0,0.0,0.0,0.0,0.0,0.0,0.0,0.0,0.0,0.0,0.0,0.0,0.0,0.0,0.0057621324,0.0,-0.009462726,0.0,0.003944347,0.0,-0.007599382,0.0,0.010791513,0.0,-0.0014260906,0.0,-0.013085478,0.0,0.0027065014,0.0,-0.0067343977,0.0,0.0,0.0,-0.01507387,0.0,-0.005023507,0.0,0.02568097,0.0,-0.009315944
0.00036992077,-0.0055633252,0.0,0.0,0.010086575,0.01843898,0.0,0.0,-0.0065374295,-0.0061580786,0.015682023,0.0016832169,0.020503256,0.008175451,0.0,0.0,0.0,0.0,0.0,0.0,0.0,0.0,0.0,0.0,0.0,0.0,0.009954987,-0.0007142146,0.0,0.0,0.0,0.0,0.0,-0.001358269,0.00022823678,-0.0024918518,0.0,0.0,0.0,0.0,0.009257164,0.011062194,-0.009205773,0.0,0.00737964,0.0,0.0019916138,-0.003252777,0.010464515,0.0065318905,-0.0050763004,-0.0066825747,0.0,0.0,0.0,0.0,0.0,0.0,-0.0029590242,-0.0039457525,0.0,0.0,0.0,0.0,0.00934318,0.010773258,-0.000132444,0.0011761391,0.006055446,0.0005844522,-0.005352277,0.0008513124,-0.005334307,-0.0015001697,0.0015350279,-0.0022714904,0.01950034,0.006904119,0.0,-0.0014848505,0.020125547,0.008527368,0.0032218047,0.0,0.0,0.0,0.0,0.00828313,0.0,0.0012888783,0.0035460982,0.0,0.0018941956,0.0,0.0023862273,0.0,0.013060131,0.0,0.009799056,0.0019800765,0.0,0.0,-0.011153592,-0.0057529435,0.0,0.0,0.009060518,0.0,0.0036131013,0.007109376,-0.00833948,-0.003424518,-0.021461532,-0.00710405,-0.011678466,-0.004008168,-0.004342527,0.0041415016,-0.009502423,-0.003316376,0.0,0.0,0.0,0.0,-0.0031592287,0.0015648315,0.0073383735,0.008459126,0.0,0.0,0.0008723583,-0.0008581125,0.0,0.0,0.0,0.0,0.0,0.0,0.0,0.0,0.008970634,0.00469565,0.0,0.0,-0.0017500822,-0.0011760441,0.0075524887,0.012081116,-0.0013338802,0.009126583,0.050287187,0.020589635,0.035005648,0.027299786,0.0,0.0,0.0,0.0,0.0,0.0,-0.0014799903,0.003159829,0.0,0.0,-0.0010566993,0.0011013969,-0.005567011,0.0,0.0005480582,-0.0025018482,0.0,0.0,0.0,0.0,0.0,0.05046555,0.0066824253,0.013631482,0.012480044,0.007675714,0.032554355,0.016051395,0.010344767,0.000631887,0.020770418,0.01461576,0.02548816,0.018679934,0.0075572594,0.0068674567,0.005672257,0.00801771,0.011809597,0.013063842,0.00481842,0.006855683,0.0077479184,0.004548271,0.0,0.0,0.0,0.0,0.0,0.0,0.0,0.0,0.015366446,0.016002992,0.0,0.0,0.015242264,-0.0012220523,-0.002288593,0.0029098606,0.0020693594,-0.0010794612,0.0039563435,0.009706145,0.009074286,0.01035255,-0.0041088597,-0.0066789635,0.00352585,0.006355268,0.003960113,-0.0008317329,0.006502552,0.0077514597,0.0049852887,0.0010009831,0.0050428803,0.0022952606,0.003233101,-0.000993272,-0.00083886477,-0.0036031608,0.004592856,-0.002271353,-0.0017873216,0.0014125656,0.0044653164,0.00871728,0.018230299,0.020901708,-0.004559456,0.0020751245
0.00013200394,-0.0031166682,0.0,0.0,0.0054848464,0.021888103,0.0,0.0,-0.01099418,-0.002226435,0.015876602,0.015226584,0.00940578,0.008535822,0.0,0.0,0.0,0.0,0.0,0.0,0.0,0.0,0.0,0.0,0.0,0.0,0.007288243,0.01499693,0.0,0.0,0.0,0.0,0.0,0.005911273,0.0,0.004735405,0.0,0.00124298,0.0,0.0,0.00523171,0.01078688,0.0,0.0068114726,0.0,0.0,4.1814084e-05,-0.0007390188,0.005124706,0.009047337,0.0,0.0033194209,0.0,0.0,0.0,0.0,0.0,0.0,-0.008072314,-0.009914602,0.0,0.0,0.0,0.0,-0.00018482583,0.012863042,5.482086e-06,-0.0034742532,0.0057132044,0.0017883527,0.0047605527,0.006797076,0.0034958415,0.003444756,0.0009377579,0.005505509,0.012720127,0.0057319603,0.0060253283,0.0032000153,0.015923405,0.024079315,0.0,0.009254168,0.0,0.0,0.01542315,0.01950331,0.0,-0.001230776,-0.00614491,0.0,0.0033591276,0.0010147307,0.007707296,0.0,0.0009090745,0.0022283348,0.0025960736,0.016262002,0.0,0.0,-0.0063955514,-0.0062593943,0.0,0.0,0.0,0.0,-0.0004900748,-0.00043825654,-0.013989365,-0.006439157,0.0,-0.011078451,-0.012143956,-0.002930667,-0.0017073083,0.006285057,-0.003986689,-0.0036711004,-0.0038368017,0.0036239019,0.0,0.0019510748,-0.0076685958,0.0014133394,0.00085812685,0.0081328275,0.0,0.0,-0.004428671,-0.0033087665,0.0,0.00073017366,0.0,0.0,0.011532726,0.0,0.0,0.0,0.007284436,0.016122032,0.0,0.0,0.0025212467,0.0038759108,-0.0017489047,0.012827067,-0.006889328,0.012012806,0.0532329,0.028899698,0.024550678,0.033590227,0.0,0.0,0.0,0.007633522,0.0,0.0,-0.005517463,-0.00753409,0.0,0.00095252594,0.0055691693,0.009061601,0.0,0.0049115852,0.009617346,0.0069403024,0.0,-0.001039796,0.0,0.0024186638,0.06163536,0.0,0.0031115438,0.010936044,0.019221416,0.017291492,0.022074603,0.022487223,0.004023458,0.0056423633,0.017414408,0.020888966,0.013050626,0.02510688,0.0,0.0029911287,0.012235892,0.010345525,0.0,0.011995998,0.0098374905,0.005477566,0.00734486,0.0023362725,0.0,0.0,0.0,0.0,0.0,0.0,0.0,0.0,0.010693512,0.02159321,0.0,0.0,0.0067649363,-0.0039745555,-0.00020361679,-0.0049946485,-0.0071392013,-0.0060109384,0.00297293,0.012522757,0.005411756,0.012139798,-0.0010696745,0.0056079566,0.00081019924,0.0019706874,0.004482876,0.0069933627,0.003948716,0.0077616405,0.005423044,0.005954174,-0.004623802,0.0018248133,-0.00089146284,-0.0024060872,0.007331604,-0.0031290508,0.003090445,0.001277898,0.0047364472,0.001975256,0.005011342,0.013317914,0.008269073,0.008822836,-0.003426635,0.0001302823
0.011305732,-0.0044525582,0.0,0.0,-0.0025755477,-0.005129625,0.0,0.0,-0.0059365537,-0.028939128,0.017612383,0.0050920513,0.004855595,-0.0029824679,0.0,0.0,0.0,0.0,0.0,0.0,0.0,0.0,0.0,0.0,0.0,0.0,0.0009156075,0.00082632195,0.0,0.0,0.0,0.0,0.009202747,0.0,0.0,0.0,0.0,0.0,0.0,0.0,0.008455483,0.0133574335,-0.020555858,0.0,0.010230273,0.0,0.0049742013,0.0075589065,0.02403068,0.020405736,-0.00088266295,0.0,0.0,0.0,0.0,0.0,0.0,0.0,-0.016805012,-0.01690393,0.0,0.0,0.0,0.0,-0.017724585,-0.019535003,-0.012865793,-0.023270627,0.020751357,0.014834245,0.0,0.0,0.0,0.0,0.0,0.0,0.045127198,0.0,0.0,0.0,0.0,0.0,0.012343812,0.0,0.0,0.0,0.0,0.0,0.0,0.0,0.0,0.0,0.018666007,0.021993931,0.0,0.0,0.0,0.0,0.0,0.0,0.0,0.0,-0.016760873,0.005840463,-0.004180539,0.0,0.0,0.0,0.01086653,0.008492415,-0.027927699,-0.0046148407,-0.040837903,-0.0015315019,-0.03645681,0.0,0.0018334484,0.0052492446,-0.023267595,0.012206599,0.0,0.0,0.0,0.0,0.0,0.0,0.0,0.0,0.0,0.0,-0.024764538,-0.022602895,0.0,0.0,0.0,0.0,0.0,0.0,0.0,0.0,0.0,0.0,0.0,0.0,0.0,0.0,-0.010152469,-0.006346498,-0.011545719,-0.015619778,-0.0121445265,-0.017820181,-0.0071086967,-0.013264863,0.0,0.0,0.0,0.0,0.0,0.0,-0.018390743,-0.012988281,0.0,0.0,-0.004234101,-0.0017047486,0.0,0.0,-0.0026225192,0.0,0.0,0.0,0.0,0.0,0.0048479247,-0.001106098,0.0,0.0116286455,-0.0142732365,0.011777299,0.008647643,-0.007832192,0.031356774,-0.0075382255,0.016601507,-0.01302603,0.025392666,0.00950482,0.0006059959,0.0,-0.0095706945,-0.013228077,0.012432309,-0.001055195,-0.0019286184,-0.0032443928,-0.0066816057,-0.008034003,0.0,0.0,0.0,0.0,0.0,0.0,0.0,0.0,-0.0031936348,-0.003752963,0.0,0.0,0.02555127,-0.015924674,0.012588687,0.011757576,-0.0014180102,0.010329406,0.022680953,0.016839733,0.004028957,0.010289746,-0.015666181,-0.019680843,-0.012005577,-0.00024588054,-0.015405476,-0.02032211,-0.0032452412,-0.0037069747,-0.016661625,-0.02433358,0.020466438,-0.012579883,0.015054769,0.001760332,-0.026658336,-0.02150063,-0.006826054,-0.018203437,-0.024171773,-0.020861857,-0.02316976,-0.015021774,0.0076580853,0.021020547,-0.0062561566,-0.009487545
0.01328678,0.024674878,0.0,0.0,0.012755561,0.028853944,0.0,0.01607039,0.014825452,0.02116041,0.02629712,0.0270784,0.024752762,0.033397805,0.0,0.0,0.0,0.0,0.0,0.0,0.0,0.027003767,0.0,0.025494123,0.0,0.0,0.011026509,0.0022962387,0.0,0.0,0.0,0.0,0.0,0.017130487,0.0,0.017618015,0.0,-0.0013389743,0.0,0.0,0.0060618315,0.023185829,0.030645136,0.02980529,0.0,0.016006636,-0.0058938204,-0.0044203997,0.012482201,0.03169305,0.014072227,0.045852423,0.0,0.0,0.0,0.0,0.0,0.0,0.0,0.015712742,0.0,0.0,0.0,0.0,0.015565536,0.020147625,0.01989159,0.018249456,-0.012160554,-0.016264617,0.0,0.0,0.0,0.0,0.0,0.0,0.0,-0.0032506841,0.0,0.0,0.0,0.0,0.0,0.017281923,0.0,0.0,0.0,0.0,0.0,0.015812075,0.0,0.0,-0.00074528134,0.006128792,0.0,0.0,0.0,0.0,0.0,0.0,0.0,0.0,0.0004944876,-0.00043832336,0.0,0.0,0.0,0.0,0.005234553,0.009963096,0.0,0.0160977,0.0,0.004721626,0.018289033,0.01806715,0.002966618,0.0060835965,0.0071499445,-0.013171604,0.0,0.0,0.0,0.0,0.0,0.0,0.0,0.0,0.0,0.0,0.0,0.018499386,0.0,0.0,0.0,0.0,0.0,0.0,0.0,0.0,0.0,0.0,0.0,0.0,0.0,0.0,0.015135085,0.010733581,0.0050696647,0.02130058,0.025295552,0.02448565,0.03304427,0.025726741,0.0,0.0,0.0,0.0,0.0,0.0,0.0,0.018345501,0.0,0.0,0.03041971,0.038236286,0.0,0.0,0.0,0.024197662,0.0,0.0,0.0,0.0,0.033134196,0.030247018,0.039043505,0.0,0.07577125,0.042718843,0.02356083,0.020213831,0.017599689,0.010861995,0.023630131,0.03508008,0.042792518,0.058421027,0.004945987,0.01192123,0.009231494,0.014372536,0.012515925,0.009325905,-0.0014830077,-0.0016063981,0.010604515,0.00629603,0.0,0.0,0.0,0.0,0.0,0.0,0.0,0.0,0.01236091,0.015841063,0.0,0.0,-0.017534522,-0.019577589,-0.0030622974,0.00052191445,0.009152141,0.006262803,0.007291255,0.010182501,0.009027581,0.024566906,0.025706891,0.024250276,0.013170655,0.028595492,0.030982226,0.039863367,0.017894395,0.02349225,0.02329612,0.028701045,0.001908638,0.018892217,0.0034793136,0.023853308,0.029042216,0.019978939,0.02861431,0.04096586,0.031248815,0.019498399,0.04166537,0.032622322,0.005868491,-0.009944968,0.017414883,0.017778024
-0.013643306,-0.0073227542,0.0,0.0,-0.008286621,-0.0023035416,0.0,0.0,-0.012528749,-0.0124096135,0.005743826,-0.0059939963,0.012644455,0.008356362,0.0,0.0,0.0,0.0,-0.0016928059,0.012337317,0.0,0.001111563,0.0,0.0,0.0,0.0,0.0004744275,-0.0062041283,0.0,0.0,0.0,0.0,0.0,0.0,0.0,0.0,0.0,0.0,0.0,0.0,0.0066034305,0.0039252522,0.0,0.0,0.0,0.0,-0.007646667,-0.010247896,-0.00653993,-0.0022696166,0.0,0.0,0.0,0.0,0.0,0.0,0.0,0.0,0.0,0.0,0.0,0.0,0.0,0.0,0.0022872302,-0.00021084608,-0.008809927,-0.0010183686,0.020616112,0.00026902894,0.0,0.0,0.0,0.0,0.0,0.0,0.0,0.0,0.0,0.0,0.0,0.0,0.0,0.0,0.0,0.0,0.0,0.0,0.0,0.0,0.0,0.0,0.0,0.0,0.0,0.0,0.0,0.0,0.0,0.0,0.0,0.0,0.010625245,0.012602376,0.0,0.0,0.0,0.0,-0.00954807,0.0,0.0,0.0,0.0,0.0,0.00026154405,0.0,0.0007975514,-0.009953813,0.002453521,0.021437733,0.0,0.0,0.0,0.0,0.0,0.0,0.0,0.0,0.0,0.0,0.0,0.0,0.0,0.0,0.0,0.0,0.0,0.0,0.0,0.0,0.0,0.0,0.0,0.0,0.0,0.0,-0.0044230237,-0.008337153,0.0050669243,0.00014857287,0.011654777,-7.0150254e-06,0.006104242,0.0050047156,0.0,0.0,0.0,0.0,0.0,0.0,0.0,0.0,0.0,0.0,-0.008287372,0.0,0.0,0.0,0.0,0.0,0.0,0.0,0.0,0.0,0.026923798,0.022355154,0.03665362,-0.008738884,0.0,0.025056409,0.0053074025,-0.01504602,0.049455103,0.0063693845,0.018199513,0.007923443,0.0431531,0.013374232,0.0,0.0,0.012050344,0.0039869575,0.0,0.00803431,0.008563614,0.0,0.002285509,-0.0018835498,0.0,0.0,0.0,0.0,0.0,0.0,0.0,0.0,0.0,0.0,0.0,0.0,0.0004391245,-0.021914646,0.008112931,0.0009698355,-0.008416115,0.003889403,-0.001448764,-0.008177584,0.0058552395,0.015266422,-0.0038137515,0.0057734894,-0.012695638,-0.006604494,-0.0070165056,0.006273099,-0.009400356,-0.00037407363,0.005848404,-0.001167761,0.029081874,0.00068172277,0.011988778,0.0068956926,-0.014839613,0.0,0.0051180525,0.0005335015,-0.007699283,-0.0076912167,0.00020705037,0.0028579503,0.021567976,0.008477309,-0.012255034,-0.0030463445
0.007857861,0.018098537,0.0,0.0,-0.0007924892,0.0157447,0.0,0.0,0.008148278,-0.003834437,0.01885594,0.013162575,0.0029905494,0.011463747,0.0,0.0,0.0,0.0,0.009915375,0.0,0.0,0.0,0.0,0.0,0.0,0.0,0.009089618,0.013022883,0.0,0.0,0.0,0.0,0.0,0.0,0.0,0.0,0.0,0.0,0.0,0.0,-0.010262718,0.00012953006,0.0,0.0,0.0,0.0,-0.012636773,-0.009979501,0.0003419724,0.0049094567,0.0,0.0,0.0,0.0,0.0,0.0,0.0,0.0,0.0,0.0,0.0,0.0,0.0,0.0,0.004161589,0.011502295,0.002244121,0.0029131884,0.0008136017,-0.0067172684,0.0,0.0,0.0,0.0,0.0,0.0,0.0,0.0,0.0,0.0,0.0,0.0,0.0,0.0,0.0,0.0,0.0,0.0,0.0,0.0,0.0,0.0,0.0,-0.0013794492,0.0,0.0,0.0,0.0,0.0,0.0,0.0,0.0,-0.0009763128,-0.006241741,0.0,0.0,0.0,0.0,0.0,-0.0032121867,0.0,0.0,0.0,0.0,0.0,0.0,0.0,-0.0011630222,0.0,-0.0011408171,0.0,0.0,0.0,0.0,0.0,0.0,0.0,0.0,0.0,0.0,0.0,0.0,0.0,0.0,0.0,0.0,0.0,0.0,0.0,0.0,0.0,0.0,0.0,0.0,0.0,0.0,0.0054566283,0.012409317,0.0076902113,0.022808224,0.018692538,0.013799185,0.0034197036,0.013337905,0.0,0.0,0.0,0.0,0.0,0.0,0.0,0.0,0.0,0.0,0.0,0.0,0.0,0.0,0.0,0.0,0.0,0.0,0.0,0.0,0.018198762,0.025437448,0.019603688,0.011974728,0.03893331,0.0,0.0028849186,-0.0016352201,0.032817647,0.01125464,0.02143982,0.019573828,0.0132746035,0.03431383,0.0,0.0,0.00536047,0.0027686025,0.0,0.0,0.0,-0.0019167982,0.0041989284,0.0020100812,0.0,0.0,0.0,0.0,0.0,0.0,0.0,0.0,0.0,0.0060500097,0.0,0.0,0.0011626707,-0.005983069,0.0009792753,-0.003073073,-0.008268927,-0.010854079,-0.009579922,0.0002798605,0.003084234,0.014971648,0.0,-0.0011772331,-0.0042227195,0.0027125478,0.002073037,0.007035152,0.008296718,0.010933616,0.0008206796,0.0022013993,0.008332988,0.0027160111,0.0022247056,0.009438965,0.0,-0.0018358292,0.007961223,0.0017538005,-0.0018419524,0.00019514568,-0.0006831563,0.003850215,0.0034830798,0.0139277745,0.002619529,0.0067963772
0.0036487863,-0.006796287,0.0,0.0,0.013426738,-0.0072717164,0.0,0.0,0.0019962061,-0.006511066,-0.0006104155,-0.0034892326,0.02578797,0.008890015,0.0,0.0,0.0,0.0,0.0,0.0,0.0,0.0,0.0,0.0,0.0,0.0,-0.001204458,0.0,0.0,0.0,0.0,0.0,-0.005645156,0.0,-0.012365926,0.0,-0.005305531,0.0,-0.00224965,0.0,0.030080384,0.044258352,0.023459073,0.0,0.008782681,0.0,0.006492181,0.005915086,0.0056358106,0.0066610095,0.004946809,0.0,0.0,0.0,0.0,0.0,0.0,0.0,0.0,0.0,-3.782914e-05,0.0,0.0,0.0,-0.00443962,-0.0023132393,-0.0063920394,-0.0066326517,-0.006224026,-0.007926824,-0.011262664,0.0,0.0034726567,0.004527602,-0.025860904,-0.0011898375,-0.016449602,-0.00578182,0.0,0.0,0.0,-0.018291786,0.0054248837,0.0050467746,0.0,0.0,0.0,0.0,-0.001495267,-0.0018861704,0.0071820454,0.012381683,-0.004601757,0.0,-0.0030631188,0.0,0.007733595,0.0,0.012117414,0.007985233,0.000117902295,0.0,0.007722443,0.00046008467,-0.011585723,-0.010585452,-0.011786015,-0.002650885,-0.0002488045,0.004932771,0.037970845,0.016773658,0.04810031,0.015981026,0.024972696,0.007152457,0.0017562091,-0.0031517935,0.0035912816,-0.017558537,0.0,0.0,0.0,0.0,-0.00301622,-0.0038568957,0.0006940577,-0.007641734,0.0,0.0,-0.0063584987,-0.00035280592,0.0,0.0,0.022310514,0.0,-0.009180905,0.0,0.0,0.0,-0.01643436,-0.02683731,0.0,0.0,0.0,0.0,0.003328123,-0.0028164,-0.0083003715,-0.013748563,0.019967226,0.007798218,0.028457144,0.004679127,0.0,0.0,-0.014211752,0.0,0.0,0.0,-0.003103875,-0.008240349,-0.003640482,0.0,0.0048202015,-0.001832542,-0.0018997827,0.0,-0.0064298753,-0.005901337,0.0,0.0,-0.008821944,0.0,0.022148477,0.0053087897,0.020555813,0.0006853457,0.021915128,-0.008296277,0.0,0.043430746,0.0030104988,-0.010605896,-6.5693144e-05,-0.0039362903,0.039680954,0.01535365,-0.009736652,-0.0030333898,-0.0065503214,-0.011025158,0.0023537169,-0.016421292,-0.017261669,-0.023922293,-0.0020087757,-0.008768662,-0.012942704,-0.01400944,-0.005967384,0.0,-0.007362941,-0.011354801,-0.0076348023,-0.004420274,-0.005319453,-0.015572345,0.003478592,-0.009241717,-0.013406435,-0.0049055945,-0.009883593,-0.0047230716,0.014342333,0.008680515,0.011871975,0.0025661343,0.009898382,0.0021659296,0.0036139651,-0.0012207042,0.018826066,0.0026396024,0.0029277469,0.0033243177,0.003550021,0.007953103,0.0015486383,-0.000493127,0.0052812025,0.003637682,-0.00026424334,-0.010840302,0.01222642,0.0020383066,0.011600638,0.014647383,0.008916233,0.0066800728,0.03519236,0.016981537,0.009472845,-0.012092261,-0.0025447328,-0.006580408
0.0033042575,-0.0022818854,0.0,0.0,0.017756632,0.0047836336,0.0,0.0,0.0029963816,-0.0089612575,0.0032946193,0.010456077,0.010979139,0.010600367,0.0,0.0,0.0,0.0,0.0,0.006207483,0.0,0.0,0.0,0.0,0.0,0.0,0.0,5.6099278e-05,0.0,0.0,0.0,0.0075190724,0.0,-0.013590742,0.00056726235,-0.005426788,-0.0035357815,-0.012052085,0.0,0.0,0.022999126,0.038058285,0.0,0.0010038062,0.0,0.0058307573,0.003574994,0.004727163,0.0023945707,0.014797326,0.007445058,0.0028161786,0.0,0.0,0.0,0.0,0.0,0.0,0.0,-0.0048524295,0.0,-0.010768476,0.0,0.0,-0.0010088228,-0.0015656984,-0.0036181982,-0.0074906526,0.0029850544,0.00080315646,0.0,-0.0045362306,0.004707512,0.0029289455,0.0,-0.004789086,-0.026755491,-0.01118949,0.0,0.0010407404,0.0,-0.002713023,0.007235253,0.0067348913,0.0,0.0,0.0,-0.0062627993,0.006266632,-0.0015198309,0.0054079895,0.015216717,0.0,0.00039279094,0.0,0.002470973,-0.00790332,0.0,0.016137285,0.022935187,0.0,0.00035585315,0.017407557,-0.00022764901,-0.012581264,-0.0030254368,-0.0015053507,0.0059211357,0.0039457516,0.002227317,0.031722955,0.012881272,0.04942426,0.0121433325,0.026498178,0.011811819,-0.0033418823,0.005073521,0.0027158153,-0.01332923,0.0,0.0,0.0,-0.006280345,-0.008068821,0.0004972869,0.011263737,0.0058624125,0.0,0.0,0.0,0.0044537624,0.0,-0.0063400324,0.029515682,0.0,0.0,0.024242612,0.0,0.0,-0.0050048907,-0.0054992093,0.0,0.0,0.0,-0.012650717,0.005441708,0.018125588,-0.013690227,-0.0053869877,0.035314906,0.032715417,0.036422573,0.032388873,0.0,0.0,0.0,-0.009562532,0.0,0.0,0.0,0.00065637316,0.0,0.0070026666,0.016853666,0.019431042,0.0,-0.011332371,-0.0038751906,-0.0056178323,0.0,0.0038386541,0.0,-0.0126298545,0.03452533,0.029018978,0.026113365,-0.002538472,0.02989584,0.0031623049,0.050917514,0.0,-0.005241888,-0.012984256,-0.007764341,0.004566025,0.026555097,0.016921507,-0.0048462236,0.0031087094,0.0037437335,0.0015296655,0.0048184902,-0.007271228,-0.0074803676,-0.016416429,0.0047849133,0.004599679,-0.012543575,-0.006971651,-0.007195729,-0.0063146646,-0.0029888256,-0.0010532507,-0.003979148,0.0026740432,-0.0052288803,-0.0014107611,0.007980733,0.0109689,-0.022959942,-0.010174044,-0.007339299,0.0072329594,0.009619395,0.015810868,0.010132353,0.0023960697,0.004879453,0.004352292,0.009028451,0.013423225,0.015298166,0.006075277,0.00866345,0.017069878,0.0009642379,0.0031603982,0.004696704,0.016295966,0.011530579,0.018050138,0.0158536,0.00423741,0.019007714,0.0065464987,0.0018137981,0.017956842,0.02377743,0.025763873,0.043676876,0.026508491,0.016683687,-0.019338707,0.009649154,0.007834298
-0.012585671,-0.01168997,0.0,0.0,0.006755732,0.0056624385,-0.022040894,-0.018919082,-0.019007394,-0.020126985,0.0029344687,-0.012124785,0.0042131073,0.0075043105,0.0,0.0,0.0,0.0,-0.00042518912,0.0,0.0,0.0,0.0,0.0,0.0,0.0,-0.005097982,-0.008524523,0.0,0.0,0.0,0.0,0.0,0.0,0.0,0.0,0.0,0.0,0.0,0.0,-0.0053923037,0.0018154277,0.0,0.0,0.0,0.0,-0.0054644835,-0.006151201,0.0017843262,-0.0038495704,0.0,0.0,0.0,0.0,0.0,0.0,0.0,0.0,-0.013750874,-0.016445834,0.0,0.0,0.0,0.0,-0.012570939,-0.005174884,-0.0098194815,-0.009964049,-0.012052023,-0.003742946,0.0,0.0,0.0,0.0,0.0,0.0,0.0,0.0,0.0,0.0,0.0,0.0,0.0,0.0,0.0,0.0,0.0,0.0,0.0,0.0,0.0,0.0,0.0,0.0,0.0,0.0,0.0,0.0,0.0,0.0,0.0,0.0,-0.022523597,0.0,0.0,0.0,0.0,0.0,-0.004461428,0.0,0.0,0.0,0.0,0.0,0.0,0.0,0.006956691,0.0,-0.01690403,-0.012961767,0.0,0.0,0.0,0.0,0.0,0.0,0.0,0.0,0.0,0.0,-0.012437771,0.0,0.0,0.0,0.0,0.0,0.0,0.0,0.0,0.0,0.0,0.0,0.0,0.0,0.0,0.0,-0.013208743,-0.012114896,-0.0073236884,-0.0063725323,-0.008357478,-0.01501506,-0.008754222,-0.011143998,0.0,0.0,0.0,0.0,0.0,0.0,-0.01403803,-0.013215636,0.0,0.0,-0.02010705,0.0,0.0,0.0,0.0018435146,0.0,0.0,0.0,0.0,0.0,-0.01621558,-0.013916979,-0.023092384,0.0061694086,0.0077796048,0.007961523,0.0040820586,-0.0037481673,0.0,-0.004755424,0.020098303,0.00035167724,0.0015370287,0.004593909,0.0,0.0,-0.002476915,-0.016657097,0.0,0.0,0.0,0.0,-0.0047726803,-0.00833683,0.0,0.0,0.0,0.0,0.0,0.0,0.0,0.0,0.0,0.0,0.0,0.0,0.02763954,0.0,0.008231175,0.006805243,-0.0068605733,-0.021204012,-0.0050195483,-0.003975261,0.0052096713,-0.0028873547,-0.015965912,-0.010092352,-0.009469513,-0.0053514997,-0.006372216,-0.019104848,7.7958e-05,0.004014886,-0.014239113,-0.01523755,-0.025050467,-0.028573455,-0.011699607,-0.011492449,-0.006819606,-0.009307792,0.0054554823,-0.016303675,-0.024899771,-0.019179095,-0.027885962,-0.021338232,-0.011431567,0.014917541,-0.016930364,-0.020570764
-0.02039791,0.00010431397,0.0,0.0,-0.00060289446,0.004067526,0.0,-0.0072829495,-0.0070155133,0.0049868813,-0.0042735115,-0.012812362,-0.00013662339,-0.0013189422,0.0,0.0,0.0,0.0,0.0,0.0,0.0,0.0,0.0,0.0,0.0,0.0,-0.007627364,-0.010995332,0.0,0.0,0.0,0.0,0.0,0.0,0.0,0.0,0.0,0.0,0.0,0.0,-0.00520177,0.00014652568,0.0,0.0,0.0,0.0,-7.5749645e-05,-0.0020790831,-0.0014803992,-0.0024083701,0.0,0.0,0.0,0.0,0.0,0.0,0.0,0.0,-0.00012119219,-0.002837183,0.0,0.0,0.0,0.0,0.011298122,0.019207632,0.008537821,0.0034798833,-0.006368841,-0.0025336982,0.0,0.0,0.0,0.0,0.0,0.0,0.0,0.0,0.0,0.0,0.0,0.0,0.0,0.0,0.0,0.0,0.0,0.0,0.0,0.0,0.0,0.0,0.0,0.0,0.0,0.0,0.0,0.0,0.0,0.0,0.0,0.0,-0.007757087,-0.004214735,0.0,0.0,0.0,0.0,0.0,-0.003714826,0.0,0.0,0.0,0.0,0.0,0.0,0.0,0.0,0.0052914238,-0.013136686,0.0,0.0,0.0,0.0,0.0,0.0,0.0,0.0,0.0,0.0,0.0,0.0008347619,0.0,0.0,0.0,0.0,0.0,0.0,0.0,0.0,0.0,0.0,0.0,0.0,0.0,0.0,0.00028217546,-0.0026724108,0.006623179,0.018552843,0.008939462,0.0034544657,0.005629391,-0.0018167244,0.0,0.0,0.0,0.0,0.0,0.0,0.0,0.004903113,0.0,0.0,0.0,0.0,0.0,0.0,0.0,0.0,0.0,0.0,0.0,0.0,0.00030693354,0.0046439567,-0.0041871755,0.008610467,0.012064821,0.007922902,0.0068313265,0.005431411,0.0145755755,0.0,0.024900025,0.02047048,-0.0033104434,0.0051114927,0.0,0.0,0.0017840711,-0.0060325214,0.0,0.0,0.0,0.0,0.0014803762,-0.002916173,0.0,0.0,0.0,0.0,0.0,0.0,0.0,0.0,0.0,0.0,0.0,0.0,0.004847584,0.009928636,0.0020869607,-0.0013338769,0.00045341311,-0.00256415,0.0066662263,0.004441908,0.0055622975,0.004596886,-0.0027276254,-0.00053588225,0.0040566428,0.007225854,0.0012222535,-0.001209698,0.0026814921,0.0031456433,-0.00049206335,-0.0004887678,-0.012078584,-0.0049576797,-0.007554537,-0.009067961,0.004474624,0.006672926,0.00067464414,0.00013729383,-0.0024684523,0.0033641898,-0.0068965736,-0.00319455,-0.000962397,0.00413646,-0.00039207158,-0.007055435
1.1092336e-05,-0.0084095495,0.0,0.0,0.013509347,0.0,0.0,0.0,0.0011910582,-0.008141239,0.0018965814,-0.00829784,0.0076040505,0.007725732,0.0,0.0,0.0,0.0,0.0027280229,0.0,0.0,0.0,0.0,0.0,0.0,0.0,0.0026906515,0.0,0.0,0.0,0.0,0.0,0.0,0.0,0.0,0.0,0.0,0.0,0.0,0.0,0.0016367428,0.009498404,0.0,0.0,0.0,0.0,0.00064905925,-0.0006191066,0.010878509,0.00505125,0.0,0.0,0.0,0.0,0.0,0.0,0.0034114283,0.0,0.0018134214,-0.0032780725,0.0,0.0,0.0,0.0,0.010369783,0.0129549,0.01008178,0.00015058414,-0.008476801,0.0,0.0029680054,0.007406536,0.0,0.0,0.0,0.0,0.0,0.0,0.0,0.0,0.0,0.0,0.0,0.0,0.0,0.0,0.0,0.0,0.0,0.0,0.0,0.0,0.0,0.0,0.0,0.0,0.0,0.0,0.0,0.0,0.0,0.0,0.0045955437,0.0,0.0,0.0,0.0,0.0,0.0,0.0,0.0,0.0,0.0,0.0,0.0,0.0,0.0022083055,0.0,-7.3423456e-05,-0.021850567,0.0,0.0,0.0,0.0,0.004688656,0.0,0.0,0.0,0.0,0.0,0.002488042,0.0013534463,0.0,0.0,0.0,0.0,0.0,0.0,0.0,0.0,0.0,0.0,0.0,0.0,0.0,0.0,-0.0011651338,-0.0024926886,0.001842275,0.008745809,0.009472484,-0.00209664,0.01298067,0.0036834904,0.0,0.0,0.0,0.0,0.0,0.0,-0.0034078218,-0.0016418922,0.0,0.0,-0.0006492207,0.0,0.0,0.0,0.0,0.0,0.0,0.0,-0.017847361,0.0,0.011549576,0.0070465743,0.013188187,-0.0033396357,0.014903415,-0.0065044295,0.015724467,0.004826853,0.0047153383,0.0038397547,0.0,0.011459502,0.003796765,0.012327932,0.0,0.0,-0.0019159522,0.0038484961,0.0,0.0,0.0,0.0,0.00089698035,-0.0032004248,0.0,0.0,0.0,0.0,0.0,0.0,0.0,0.0,0.0,0.0,0.0,0.0,-0.00035194907,0.0,0.007919802,0.012768157,0.014745554,0.0047916016,-0.004735252,0.0005134157,0.0095645925,0.0024019696,0.00919945,-0.0034606168,0.012353103,0.009897533,0.013229303,0.0,0.015200978,0.019989518,-0.0013227755,0.0022134956,-0.013221749,-0.009785742,0.0027005216,-0.0063687563,0.015360426,0.014476907,0.00028738967,-0.0050241994,0.004877397,-0.00077772944,0.017467817,0.003170399,-4.8449332e-05,0.003464771,0.0010914275,-0.0071861055
-0.01673155,0.0033865962,0.0,0.0,0.0,0.0023965854,0.0,0.0,-0.0061915177,0.00950353,-0.008110733,-0.004538309,-0.0012993953,0.0013768831,0.0,0.0,0.0,0.0,0.0,0.0,0.0,0.0,0.0,0.0,0.0,0.0,0.0,0.0,0.0,0.0,0.0,0.0,0.0,0.0,0.0,0.0,0.0,0.0,0.0,0.0,-0.010571291,-0.0013114631,0.0,0.0,0.0,0.0,0.0,-0.0044289688,-0.0014024163,0.005401326,0.0,0.0,0.0,0.0,0.0,0.0,0.0,0.0,0.013145909,0.002426016,0.0,0.0,0.0,0.0,0.027577948,0.0444263,0.009035523,0.017020497,0.0,-0.007353165,0.0,0.01104198,0.0,0.0,0.0,0.012142309,0.0,0.0,0.0,0.0,0.0,0.0,0.0,0.0,0.0,0.0,0.0,0.0,0.0,0.0,0.0,0.0,0.0,0.0,0.0,0.0,0.0,0.0,0.0,0.0,0.0,0.0,0.0,0.0071347705,0.0,0.0,0.0,0.0,0.0,0.0034154672,0.0,0.0,0.0,0.0,0.0,0.0,0.0,-0.0023393398,-0.00084162696,0.003584161,0.0,0.0,0.0,0.0,0.0,0.017990483,0.0,0.0,0.0,0.0,0.009609483,0.011088814,0.0,0.0,0.0,0.0,0.0,0.0,0.0,0.0,0.0,0.0,0.0,0.0,0.0,0.0,0.016828649,0.01038875,0.01989572,0.038019493,0.029235486,0.018724985,0.022216406,0.0133639965,0.0,0.0,0.0,0.0,0.0,0.0,0.0069892267,0.00677994,0.0,0.0,0.0,0.015939329,0.0,0.0,0.0,0.027326437,0.0,0.0,0.0,0.0,0.028707512,0.032354057,0.022404598,0.011572746,0.017546766,0.023833942,0.016585443,0.013358419,0.017626837,0.019103184,0.032031298,0.0,0.0016155133,0.017322207,0.0,0.0,0.0060568727,0.008329236,0.0,0.0,0.0,0.0,-0.000981323,0.0023368848,0.0,0.0,0.0,0.0,0.0,0.0,0.0,0.0,0.0,0.0,0.0,0.0,-0.005721297,-0.008678194,0.0033621185,-0.0035290518,-0.0008798468,0.00400304,0.0063726427,0.0071218465,0.0065872245,0.007938374,-0.00013841414,0.003145571,0.005587983,0.008710517,0.0036536867,0.0065268422,0.00016999175,0.0047445795,0.003057976,0.0009346904,0.0007170877,0.010456234,0.002782278,0.0033585078,0.0071255895,0.002443743,0.0061051105,-0.0008011987,0.006879214,0.013357767,0.013973356,0.010428553,0.009788726,0.004059514,0.0021814147,0.011564555
-0.019778764,-0.008452385,0.0,0.0,-0.017486988,-0.02358001,0.0,0.0,-0.00044360416,0.0072887843,-0.015735367,-0.022160137,0.0019067029,-0.013770575,0.0,0.0,0.0,0.0,0.0,0.0,0.0,0.0,0.0,0.0,0.0,0.0,-0.027725551,-0.031326827,0.0,0.0,0.0,0.0,0.0,0.0,0.0,0.0,0.0,0.0,0.0,0.0,0.0025162958,0.01336667,-0.018375447,0.0,-0.015216586,-0.0150256865,-0.012405371,-0.014786378,0.008381812,-0.0048583215,-0.028402247,0.0,0.0,0.0,0.0,0.0,0.0,0.0,0.0,0.0,0.0,0.0,0.0,0.0,0.0044620777,-0.008097243,0.0035828871,0.004882984,-0.009075709,-0.0053686425,0.0,0.0,0.0,0.0,0.0,0.0,0.017241508,0.0,0.0,0.0,0.0,0.0,0.0,0.0,0.0,0.0,0.0,0.0,0.0,0.0,0.0,0.0,-0.015235905,-0.014875463,0.0,0.0,0.0,0.0,0.0,0.0,0.0,0.0,-0.02281101,-0.008775264,0.0,0.0,0.0,0.0,-0.012664859,-0.008161912,0.0,0.0,0.0,0.0,-0.020381572,-0.009769062,0.002146765,-0.007904229,-0.010388246,0.0,0.0,0.0,0.0,0.0,0.0,0.0,0.0,0.0,0.0,0.0,0.0,0.0,0.0,0.0,0.0,0.0,0.0,0.0,0.0,0.0,0.0,0.0,0.0,0.0,0.0,0.0,-0.008665392,-0.015798315,0.004078297,-0.014440456,-0.014359357,-0.021007152,-0.013202462,-0.0194247,0.0,0.0,0.0,0.0,0.0,0.0,0.0,0.0,0.0,0.0,-0.03488742,-0.028775726,0.0,0.0,-0.016905142,0.0,0.0,0.0,0.0,0.0,-0.0010966554,-0.0050998367,-0.0054547098,0.009308754,-0.00283854,-0.009698688,0.010285327,-0.005470869,0.009172011,-0.00079373305,0.009114708,-0.004409363,0.0,0.008401443,0.0,0.0,-0.007765615,-0.01033029,0.0,0.0,-0.009697149,0.0,-0.009080088,-0.00908959,0.0,0.0,0.0,0.0,0.0,0.0,0.0,0.0,0.0,0.0,0.0,0.0,0.019132458,0.007994726,-0.00093681365,0.0058846953,-0.002740266,-0.0051867617,0.002529678,0.0031825814,0.00426704,0.00055643846,0.0006502698,-0.0054441374,-0.0021991532,-0.0065306323,0.0029403535,-0.004683533,0.0032481262,0.014488938,0.00098336,-0.0070829806,-0.010934346,-0.008270782,-0.0070466218,-0.008070892,0.0,0.0,0.016902184,-1.1692606e-05,-0.01285551,-0.013540011,-0.008770814,-0.0029984955,0.0028094316,0.015839264,-0.0069981413,-0.010266106
-0.011797805,-0.009665944,0.0,0.0,-0.012219991,-0.008713037,0.0,0.0,-0.0026444222,-0.0029112748,0.001044126,0.002445986,0.0076017985,-0.0038636702,0.0,0.0,0.0,0.0,-0.0147571415,0.014189201,0.0,0.009518265,0.0,0.0,0.0,0.0,-0.0149509255,-0.0133833615,0.0,0.0,0.0,0.0,0.0,0.0,0.0,0.0,0.0,0.0,0.0,0.0,-0.004068641,0.01979202,0.0,0.0,0.0,-0.0027488892,-0.01782728,-0.020488137,0.004854765,0.012581609,0.0,0.0,0.0,0.0,0.0,0.0,0.0,0.0,0.0,0.0,0.0,0.0,0.0,0.0,0.0025812904,0.004895394,-0.005469094,0.009625971,-0.01757351,-0.023351457,0.0,0.0,0.0,0.0,0.0,0.0,0.0,0.0,0.0,0.0,0.0,0.0,0.0,0.0,0.0,0.0,0.0,0.0,0.0,0.0,0.0,0.0,0.0,-0.01325639,0.0,0.0,0.0,0.0,0.0,0.0,0.0,0.0,0.00067564024,-0.007965122,0.0,0.0,0.0,0.0,-0.00610475,-0.0067146104,0.0,0.0,0.0,0.0,0.0,0.0,-0.012077947,-0.0027275798,0.0,0.0,0.0,0.0,0.0,0.0,0.0,0.0,0.0,0.0,0.0,0.0,0.0,0.0,0.0,0.0,0.0,0.0,0.0,0.0,0.0,0.0,0.0,0.0,0.0,0.0,0.0,0.0,-0.0037740394,-0.0045681135,-0.0033157072,0.0015294445,0.012662603,0.0040588826,0.011419588,0.003455661,0.0,0.0,0.0,0.0,0.0,0.0,0.0,0.0,0.0,0.0,0.0,0.0013938299,0.0,0.0,0.0,0.0,0.0,0.0,0.0,0.0,0.028305719,0.02250782,0.033429496,0.0047965744,0.038700424,0.010650516,0.019816237,0.008927078,0.0082257595,-0.008616125,0.0024792538,0.009559807,0.04615214,0.0,0.0,0.0,0.005254977,0.002819697,0.0,0.0,0.0007186395,0.0,0.0009087704,0.0006781378,0.0,0.0,0.0,0.0,0.0,0.0,0.0,0.0,0.0,0.0,0.0,0.0,-0.023931002,-0.025473915,-0.0081034135,-0.007038341,-0.0076670684,-0.00506155,0.0041033435,-0.0027361969,0.00062157173,0.007524458,0.0,0.002879212,-0.00079204456,-0.0002593825,0.0059370045,0.0095870625,0.0032292348,0.012631481,-0.004213663,0.0007371686,-0.0048712376,-0.00395154,0.0,-0.00094212434,0.0,0.010752837,-0.0044525773,0.0048781005,0.007206243,0.011239239,0.022318752,0.007539257,0.0062475447,-0.007994758,0.0,-0.0017249978
0.0,0.0,0.0,0.0,0.0,0.0,0.0,0.0,0.0,0.0,0.0,0.0,0.0,0.0,0.0,0.0,0.0,0.0,0.0,0.0,0.0,0.0,0.0,0.0,0.0,0.0,0.0023965738,0.0,0.0,0.0,0.0,0.0,0.0,0.0,0.0,0.0,0.0,0.0,0.0,0.0,0.0,0.0,-0.003014688,0.0,0.007203517,0.0,0.0049684807,0.0,0.0068098335,0.0,0.0,0.0,0.0,0.0,0.0,0.0,0.0,0.0,0.0,0.0,0.0,0.0,0.0,0.0,0.0,0.0,0.0,0.0,0.005042858,0.0,0.0,0.0,0.0,0.0,0.0,0.0,0.005372923,0.0,0.0,0.0,-0.0016925614,0.0,-0.0024647298,0.0,0.0,0.0,0.0,0.0,0.017718852,0.0,0.008936263,0.0,0.0115138525,0.0,0.0023713408,0.0,-0.0016820723,0.0,-0.007080473,0.0,0.007963827,0.0,0.009485927,0.01666427,0.049980972,0.041953538,0.02703212,0.026173428,0.012697667,0.0,-0.0021695665,0.0,-0.010483697,0.0,-0.0034473739,0.0,0.0036348405,0.0,0.016602324,0.0042876126,0.0,0.0,0.0,0.0,0.0,0.0,0.01369757,0.0,0.0,0.0,0.0,0.0,0.0,0.0,0.0,0.0,0.0,0.0,0.0,0.0,0.0,0.0,0.0,0.0,0.0,0.0,0.008880435,0.0,0.0,0.0,0.004368837,0.008981626,0.0024056719,0.01050425,0.0,0.0,0.0,0.0,0.0,0.0,0.0,0.0,0.0,0.0,0.0035185292,0.0,0.0,0.0,0.0,0.0,0.0,0.0,0.0,0.0,0.009252094,0.0,-0.0026572759,0.0003234883,0.0,0.0,-0.0043560583,0.0067031574,0.0,0.0,0.0,0.0,0.0,0.0,0.0,0.06596534,0.0006683841,0.0378398,0.02057581,0.043621115,0.035151467,0.042574782,-0.0009985616,0.006633868,0.038517028,0.0,0.016066711,0.0,0.055225264,0.05015251,0.043459065,0.035270583,0.016445775,0.013129953,0.015690774,0.0,0.0029302354,0.0,0.007519121,0.0,0.007755901,0.0,0.0016708038,0.0023417068,-0.0020074062,0.0024238022,-0.0029250793,0.0,0.00057511235,-0.0009329886,0.0035419432,-0.00014760376,0.00077403896,0.0,-0.0025002507,0.0009647928,0.0043854383,0.014863745,0.004423796,0.0,0.005972745,0.0,-0.00043077415,0.00695941,0.013912822,0.016514728,0.009171628,0.0075524277,0.0068283128,0.0,0.011234913,0.017014103
0.0,0.0,0.0,0.0,0.0,0.0,0.0,0.0,0.0,0.0,0.0,0.0,0.0,0.0,0.0,0.0,0.0,0.0,0.0,0.0,0.0,0.0,0.0,0.0,0.0,0.0,0.0,0.0013521536,0.0,0.0,0.0,0.0,0.0,0.0,0.0,0.0,0.0,0.0,0.0,0.0,0.0,0.0,0.0,0.00031192173,0.0,-0.0028293107,0.0,0.0,0.0,-0.0055971,0.0,-0.0015680431,0.0,0.0,0.0,0.0,0.0,0.0,0.0,0.0,0.0,0.0,0.0,0.0,0.0,0.0,0.0,0.0,0.0,0.001114768,0.0,0.0,0.0,0.0,0.0,0.0,0.0,-0.0044858577,0.0,0.0,0.0,-0.0033489417,0.0,-0.0013725049,0.0,0.0,0.0,0.0,0.0,-0.0010138538,0.009929399,-0.0022550998,0.0,-0.0019039105,0.0,-0.009035244,0.0,0.0,0.0,-0.0044543147,0.0,-0.0013079237,0.010378187,0.011756219,0.039089672,0.03097145,0.019952852,0.018490903,0.0051179174,0.008240588,-0.00017761726,0.006247757,-0.009460791,0.0068446654,0.0,0.000699521,0.0,-0.004045768,0.0008149191,-0.0037774215,0.0,0.0,0.0,0.0,0.0,0.0,0.0,0.0,0.0,0.0,0.0,0.0,0.0,0.0,0.0,0.0,0.0,0.0,0.0,0.0,0.0,0.0,0.0,0.0,0.0,0.0,0.0026565925,0.009220104,0.0,0.0,-0.016160084,-0.011472489,-0.012693022,-0.009142026,0.0,0.0,0.0,0.0,0.0,0.0,0.0,0.0,0.0,0.0,0.0,-0.0034047184,0.0,0.0,0.0,-0.008868905,0.0,0.0,0.0,0.0,-0.005449687,-0.003857985,0.0,-0.0065989387,0.0,0.0,-0.012249115,-0.009272762,0.0,0.0,0.0,0.0,0.0,0.0,0.062625706,0.0,-0.013136707,0.011649491,0.008890158,0.017365698,0.00873989,0.026866034,-0.014948552,-0.011273032,0.02238691,0.02706488,0.0,0.0038407338,0.038638197,0.041964363,0.0491732,0.039466683,-0.0022451994,-0.007313288,0.0,0.016812226,0.0,0.0025849813,-0.0014841822,0.0014668006,0.00031211393,0.0033007408,-0.006071144,-0.0010570447,-0.002552204,0.00017855449,0.0,-0.007584315,-0.0032769872,-0.002793537,-0.0018153448,-0.0030086734,0.0,-0.0031143962,-0.00041225404,-0.0018528404,0.0046960604,0.004767519,0.0,0.0066931946,0.0,-0.0025967136,-0.004085906,-0.001453191,0.0054270523,0.0067930645,-0.0015992909,0.0043167984,0.0066728513,0.0047219414,0.0,0.0024369147
0.0,0.0,0.0,0.0,0.0,0.0,0.0,0.0,0.0,0.0,0.009939263,0.004164592,0.004264108,0.008108282,0.0,0.0,0.0,0.0,0.0,0.0,0.0,0.0,0.0,0.0,0.0,0.0,0.013323968,0.0,0.0,0.0,0.0,0.0,0.0,0.0,0.0,0.0,-0.0068096477,0.0,0.0,0.0,0.00977314,0.007836271,-0.0031919684,0.0,0.008814166,0.0,0.008299372,0.0,0.011398123,0.0,-0.0019429845,0.0,0.0,0.0,0.0,0.0,0.0,0.0,0.0,0.0,0.0,0.0,0.0,0.0,0.0,0.0,0.0,0.0,0.011191653,0.004809983,0.0,0.0,0.0,0.0,0.0,0.0,0.016039364,0.0,0.009392462,0.0,0.021054072,0.0,0.015248452,0.0,0.0,0.0,0.0,0.0,-0.008519672,0.0,-0.016370062,0.0,0.006895668,0.0,0.01074256,0.0,0.018593427,0.0,0.012058436,0.0,0.0099714035,0.0,-0.0027740623,-0.004452321,-0.029777331,-0.02803479,-0.026994353,-0.031569235,0.00010416096,-0.008307965,-0.0026776993,-0.01660072,-0.0034814372,-0.01731236,-0.00613306,0.0,0.0078036184,0.0,0.01835132,0.020799344,0.0,0.0,0.0,0.0,0.0,0.0,-0.020036556,-0.017014042,0.0,0.0,0.0,0.0,0.0,0.0,-0.007645535,0.0,0.0,0.0,0.0,0.0,0.0,0.0,0.0,0.0,0.0,0.0,-0.0094072865,-0.008523886,-0.0038972949,0.0018657364,0.025086,0.029507691,0.0068489052,0.022778835,0.0,0.0,0.0,0.0,0.0,0.0,0.0,0.0,0.0,0.0,-0.0018057112,0.0,0.0,0.0,0.0031647354,0.0,0.0,0.0,0.0,0.0,0.01817365,0.012779156,-0.00046619147,-9.085056e-05,0.008771743,0.009080212,0.03998747,0.022231044,0.012025379,0.005690318,0.01046864,0.0045560794,0.010150735,0.008999259,-0.021735862,-0.02561642,0.0,0.042484988,0.058912273,0.023285093,0.032652766,-0.000959542,0.06395787,0.05253614,-0.029797103,-0.023844548,-0.029580953,0.0,-0.007722411,-0.008506423,-0.028122785,-0.02768968,0.01612266,0.019280367,-0.020242369,-0.016626103,-0.0009645232,0.0,0.0013775743,0.008677902,0.0072998093,0.007055808,0.005074196,0.01447826,0.018524444,0.015628323,0.0051626763,0.0,0.0021491707,0.007706216,0.0049421876,0.0028275184,0.01188306,0.017668907,0.002453798,0.010268318,0.005570103,-0.0077801943,0.0054594227,0.0,-0.017381098,-0.0027347216,0.0031724116,-0.009350893,-0.016335659,-0.014752655,0.0036704903,-0.0008346373,0.00825043,0.01354662,-0.014585125,-0.010540995
0.0074913907,0.009315024,0.0,0.0,0.0,0.0,0.0,0.0,0.0,0.0,0.011577057,0.010384765,0.00074472494,0.005402158,0.0,0.0,0.0,0.0,0.0,0.0,0.0,0.0,0.0,0.0,0.0,0.0,0.0,0.0069149123,0.0,0.0,0.0,0.0,0.0,0.0,0.0,0.0,0.0,0.0,0.0,0.0,0.0013588553,0.0034330832,0.0,0.010897405,0.0,0.009245503,0.0,0.006757629,0.009777204,0.014310979,0.0,0.014457337,0.0,0.0,0.0,0.0,0.0,0.0,0.0,0.0,0.0,0.0,0.0,0.0,0.0,0.008764148,0.0,0.0,0.013674046,0.003665458,0.0,0.0,0.0,0.0,0.0,0.0,0.0,0.00096110074,0.0,0.0,0.0,0.014218754,0.0,0.007951954,0.0,0.0,0.0,0.0,0.0,0.008001607,0.00087361387,0.00074617314,0.0,0.010837864,0.0,0.008209924,0.0,0.0,0.0,0.0028848334,0.0,0.0021848865,0.0028269158,0.004730194,0.0162542,0.0164306,0.0044238856,-0.0042925393,0.009661661,-6.460719e-05,0.0028551691,0.006036572,-0.0063655316,0.0063152094,-0.0007619673,0.0007595253,0.0037998806,-0.000115956944,0.043028608,0.030312274,0.0,0.0,0.0,0.0,0.0,0.0,0.00030419484,0.0075943815,0.0,0.0,0.0,0.0,0.0,0.0,0.0,0.0,0.0,0.0,0.0,0.0,0.0,0.0,0.0,0.0,0.0,0.0,0.006257021,0.008921403,0.0066727973,0.012576126,0.024907952,0.034076992,0.009621627,0.027797299,0.0,0.0,0.0,0.0,0.0,0.0,0.0,0.0,0.0,0.0,0.0,0.009107691,0.0,0.0,0.0,0.0016797943,0.0,0.0,0.0,0.0,0.017940948,0.019710865,-0.00017991239,-7.147813e-05,0.0088237375,0.008467861,0.021449275,0.029993888,0.0032254066,0.008011845,0.012901904,0.014805471,0.0056879413,0.0068114917,0.032707784,0.020721594,0.06715495,0.0,0.056043863,0.06476608,0.067608565,0.04938211,0.055010468,0.058925744,0.014667088,0.012931959,0.0,0.0,0.026297929,0.023490205,0.0051342067,0.003353127,0.035056204,0.034026656,0.007970238,0.010853627,0.0027341377,-0.008715301,0.0024894013,-0.0013578825,0.008963167,0.008309672,0.011033323,0.0060586524,0.0074866586,0.014269844,0.0,0.010550564,0.007049902,0.012757608,0.0127365505,0.012873553,0.009506983,0.009877795,0.01031222,0.0073129823,0.011548304,0.008463607,0.0,0.0028234299,0.0047712135,0.0050997287,0.0077724145,-0.0015186671,0.008168829,0.012458147,0.014910172,0.009180399,0.013036204,0.011072962,-0.0032974398,0.00798626
0.0,0.0,0.0,0.0,0.0,0.0,0.0,0.0,0.0,0.0,0.0,0.0,0.003558578,0.0,0.0,0.0,0.0,0.0,0.0,0.0,0.0,0.0,0.0,0.0,0.0,0.0,0.0022741798,0.0,0.0,0.0,0.0,0.0,0.0,0.0,0.0,0.0,0.0,0.0,0.0,0.0,0.0,0.0,-0.00842926,0.0,-0.0005484657,0.0,0.0058712303,0.0,0.0051912838,0.0,-0.00048457057,0.0,0.0,0.0,0.0,0.0,0.0,0.0,0.0,0.0,0.0,0.0,0.0,0.0,0.0,0.0,0.0,0.0,0.006657186,0.0,0.0,0.0,0.0,0.0,0.0,0.0,0.013316898,0.0,-0.0055181226,0.0,-0.0005546641,0.0,8.954703e-05,0.0,0.0,0.0,0.0,0.0,-0.013153013,0.0,-0.008524126,0.0,-0.01726982,0.0,-0.014146215,0.0,0.0,0.0,0.0015028719,0.0,0.0,0.0,-0.012150432,-0.012578978,-0.020584252,-0.032739367,-0.030379398,0.0,-0.017454304,0.0,-0.0141312005,0.0,-0.016256303,0.0,-0.010834873,0.0,0.007233085,0.0,0.0006981101,0.002322303,0.0,0.0,0.0,0.0,0.0,0.0,-0.029574243,-0.02653737,0.0,0.0,0.0,0.0,0.0,0.0,-0.028215168,0.0,0.0,0.0,0.0,0.0,0.0,0.0,0.0,0.0,0.0,0.0,-0.024200076,-0.024173686,0.0,0.0,-0.0033659982,-0.0099984575,-0.018521111,-0.012929818,0.0,0.0,0.0,0.0,0.0,0.0,0.0,0.0,0.0,0.0,-0.022255262,0.0,0.0,0.0,-0.007850104,0.0,0.0,0.0,0.0,0.0,-0.0048991125,0.0,-0.011946603,-0.011961515,0.0,0.0,0.016753249,-0.0024851824,0.0,0.0,0.0,0.0,0.0,0.0,-0.011880312,-0.01960003,0.047367744,0.012043446,0.0,0.0058066915,0.010861807,-0.008931189,0.023969252,0.016021086,-0.030933334,-0.032520264,-0.029243259,0.0,-0.0043184995,-0.013839363,-0.021666039,-0.031021176,-0.0048786527,-0.012713846,-0.02903436,-0.033821374,0.014317888,0.0,0.0044893106,0.010471909,-0.0006100911,0.0,-0.005501452,-0.0019080265,0.011463198,0.001926828,-0.008182984,0.0,-0.013715781,-0.011653416,-0.0195958,-0.016197754,-0.01169731,0.0,-0.009305342,-0.011823783,-0.006579967,-0.016349455,-0.0031884646,0.0,-0.02346045,0.0,-0.005287707,-0.018288743,-0.028998379,-0.030136766,-0.01990558,-0.017656546,-0.003782669,0.0,-0.025245748,-0.025396524
0.0,0.0,0.0,0.0,0.0,0.0,0.0,0.0,0.0,0.0,0.0,0.0026772881,0.0,0.0,0.0,0.0,0.0,0.0,0.0,0.0,0.0,0.0,0.0,0.0,0.0,0.0,0.0,0.009155718,0.0,0.0,0.0,0.0,0.0,0.0,0.0,0.0,0.0,0.0,0.0,0.0,0.0,0.0,0.0,0.00542677,0.0,0.0,0.0,0.0,0.0,0.0051792813,0.0,0.0024334835,0.0,0.0,0.0,0.0,0.0,0.0,0.0,0.0,0.0,0.0,0.0,0.0,0.0,0.0,0.0,0.0,0.0,0.00710947,0.0,0.0,0.0,0.0,0.0,0.0,0.0,0.0074135694,0.0,0.0,0.0,0.0042165583,0.0,0.00075943605,0.0,0.0,0.0,0.0,0.0,0.0024726035,0.0,0.009693458,0.0,0.0006318288,0.0,0.0026274996,0.0,0.0,0.0,0.00010637029,0.0,0.0,0.010164292,0.014389937,0.042596392,0.043369964,0.0,0.027669325,0.0025286088,0.014657869,0.0,0.031229625,-0.0020247123,0.02490598,0.0,0.0055708666,0.0,0.0019365397,0.03503147,0.019698454,0.0,0.0,0.0,0.0,0.0,0.0,0.0026089787,0.015069532,0.0,0.0,0.0,0.0,0.0,0.0,0.0,0.008145351,0.0,0.0,0.0,0.0,0.0,0.0,0.0,0.0,0.0,0.0,0.0023074457,0.010358808,0.0,0.0,0.016982134,0.018677026,0.003810313,0.009110696,0.0,0.0,0.0,0.0,0.0,0.0,0.0,0.0,0.0,0.0,0.0,0.00351465,0.0,0.0,0.0,0.008641898,0.0,0.0,0.0,0.0,0.011394938,0.010640419,-0.0026831473,0.00020689788,0.009455336,0.0,0.01798015,0.024164816,0.0,0.0,0.0,0.0,0.0,0.0,0.04675147,0.039007306,0.024037091,0.053187814,0.034892347,0.0,0.04374769,0.050585542,0.015371572,0.020265372,0.046293322,0.041949023,0.0,0.033338062,0.06845084,0.04973842,0.01497311,0.008406952,0.040408865,0.027071094,0.015294412,0.01858028,0.0,0.008173636,0.0040943967,0.008156245,0.010919827,0.013598813,0.005104796,0.0006671989,0.006805068,0.0046136854,0.0,0.0069206734,0.002722975,0.005067787,0.0067849807,0.0055541857,0.0012635085,0.0032995027,0.0018653566,0.0066510728,0.00078990374,0.010334388,0.0,0.0010071524,0.0,0.0018256817,-0.0009990756,-0.0013151834,0.01489938,0.016776796,0.011466191,0.0054459437,0.010836181,0.0061565177,0.0,0.0071403435
0.0,0.0,0.0,0.0,0.0,0.0,0.0,0.0,0.0,0.0,0.0,0.0,0.0,0.0,0.0,0.0,0.0,0.0,0.0,0.0,0.0,0.0,0.0,0.0,0.0,0.0,0.0,0.0,0.0,0.0,0.0,0.0,0.0,0.0,0.0,0.0,0.0,0.0,0.0,0.0,0.007014367,0.0,0.006570296,0.0,0.010981662,0.0,0.0062370026,0.0,0.013529191,0.0,0.0,0.0,0.0,0.0,0.0,0.0,0.0,0.0,0.0,0.0,0.0,0.0,0.0,0.0,0.0,0.0,0.0,0.0,0.0050769006,0.0,0.0,0.0,0.0,0.0,0.0,0.0,0.015618625,0.0,0.0,0.0,0.0,0.0,0.0067833154,0.0,0.0,0.0,0.0,0.0,0.0031330772,0.0,-0.008598363,0.0,0.00894229,0.0,0.0073902803,0.0,0.014900715,0.0,0.003937464,0.0,0.0013978265,0.0,-0.0021466457,0.0018397799,0.019774089,0.014309413,-0.0015250976,0.000715628,0.0046928995,0.014843807,0.0038655594,0.012901044,-0.013293129,0.007627221,-0.010352699,0.0,0.01186638,0.0,0.044197466,0.025463108,0.0,0.0,0.0,0.0,0.0,0.0,-0.0016792476,0.0,0.0,0.0,0.0,0.0,0.0,0.0,0.00348784,0.0,0.0,0.0,0.0,0.0,0.0,0.0,0.0,0.0,0.0,0.0,0.004299712,0.0010252221,0.0,0.0,0.024012966,0.025457453,0.008650594,0.017193764,0.0,0.0,0.0,0.0,0.0,0.0,0.0,0.0,0.0,0.0,0.0053745992,0.0,0.0,0.0,0.009467145,0.0,0.0,0.0,0.0,0.0,0.018427134,0.017045062,-0.012213665,0.016873837,0.002564079,0.0,0.033058386,0.031446546,0.0,0.0,0.0,0.0,0.00793411,0.010942742,0.024945417,0.008290637,0.0652779,0.065203555,0.045555193,0.0511001,0.0,0.04768811,0.056864902,0.055040967,0.016636295,0.0,0.0061600064,0.0,0.023338648,0.017050916,-0.0040757656,-0.0042284518,0.038260594,0.031358037,0.0075827604,0.0,0.016564256,0.0,0.010940025,0.006345418,0.014867341,0.0,0.014936347,0.015054155,0.007329548,0.012590774,0.004555822,0.0,0.012654072,-0.001622465,0.005259161,-0.0020909684,0.0036936684,0.0,0.0067944676,0.007181767,0.0010843537,0.0038069577,0.0065155625,0.0,-0.00033302984,0.010879743,0.0004709396,-0.004480896,0.0034647034,0.008305695,0.002025495,0.0014759268,0.007814334,0.015867762,0.0056057037,0.0060724993
0.0,0.0,0.0,0.0,0.0,0.0,0.0,0.0,0.0,0.0,0.0,0.015264877,0.0,0.0,0.0,0.0,0.0,0.0,0.0,0.0,0.0,0.0,0.0,0.0,0.0,0.0,0.0,0.0052715885,0.0,0.0,0.0,0.0,0.0,0.0,0.0,0.0,0.0,0.0,0.0,0.0,0.0,0.0,0.0,0.014333561,0.0,0.00761337,0.0,0.006290291,0.0,0.009671954,0.0,0.011465833,0.0,0.0,0.0,0.0,0.0,0.0,0.0,0.0,0.0,0.0,0.0,0.0,0.0,0.0,0.0,0.0,0.0,0.006786926,0.0,0.0,0.0,0.0,0.0,0.0,0.0,0.00947038,0.0,0.0,0.0,0.0,0.0,0.0040572234,0.0,0.0,0.0,0.0,0.0,0.0037801273,0.0,0.010171728,0.0,0.013465903,0.0,0.0054462836,0.0,0.0,0.0,0.0,0.0,0.006166062,0.010955373,0.025592143,0.0709594,0.07333131,0.035459355,0.041332364,0.013755637,0.031879004,0.008601429,0.04180981,-0.0051713544,0.04254796,-0.0106206415,0.012683722,0.0,0.011056084,0.0511144,0.03035239,0.0,0.0,0.0,0.0,0.0,0.0,0.0,0.026560638,0.0,0.0,0.0,0.0,0.0,0.0,0.0,0.0,0.0,0.0,0.0,0.0,0.0,0.0,0.0,0.0,0.0,0.0,0.012970786,0.0186075,0.0,0.0,0.02200447,0.02982048,0.009044331,0.019227562,0.0,0.0,0.0,0.0,0.0,0.0,0.0,0.0,0.0,0.0,0.0,0.0064549535,0.0,0.0,0.0,0.005512929,0.0,0.0,0.0,0.0,0.01564061,0.017609088,-0.005531279,0.013279694,0.0,0.010928513,0.0123177655,0.02699514,0.0,0.0,0.0,0.0,0.0,0.0,0.07333895,0.06576219,0.03456669,0.07438198,0.03744169,0.08035282,0.07073878,0.0,0.036922373,0.043748245,0.0,0.06866866,0.0,0.03589622,0.0,0.05890097,0.0,0.04241705,0.05083746,0.04372282,0.0,0.04480695,0.0,0.007104588,0.014317801,0.0022230812,0.019817362,0.018142968,0.0066428515,0.015720757,0.00053767033,0.006537853,0.0,0.008343809,0.009973987,0.009016336,0.015041451,0.008365396,0.0,0.004189888,0.0,0.012897567,0.005744046,0.018995231,0.0,0.0007071781,0.009754592,0.010256696,0.0055911383,0.0062474594,0.020167522,0.029275129,0.016754046,0.016864141,0.009689538,0.013637743,0.008634552,0.01851193
0.0096231215,0.0,0.0,0.0,0.0,0.0,0.0,0.0,0.0,0.0,0.00960545,0.005691545,0.006178539,0.0088237,0.0,0.0,0.0,0.0,0.0,0.0,0.0,0.0,0.0,0.0,0.0,0.0,0.005213968,0.0,0.0,0.0,0.0,0.0,0.0,0.0,0.005988569,0.0,-0.0045698006,0.0,0.0,0.0,0.0110347215,0.013430333,0.0062212013,0.0,0.00013147779,0.0,0.0,0.0,0.008021318,0.0,0.007277371,0.0,0.0,0.0,0.0,0.0,0.0,0.0,0.0,0.0,0.0,0.0,0.0,0.0,0.0,0.0,0.0,0.0,0.002705639,0.0014438933,0.0,0.0,-0.0037753696,0.0,0.0,0.0,0.0043057776,0.0,0.0,0.0,0.019234354,0.0,0.015703507,0.0,0.0,0.0,0.0,0.0,-0.004339026,0.005565822,-0.019019933,0.0,0.005170871,0.0,0.0052854777,0.0,0.007870419,0.0,0.0053837667,0.0,0.009121694,0.0,0.009791963,-0.0003194666,-0.023977524,-0.022400314,-0.029815448,-0.027639344,0.0036107753,-0.0023458852,0.015016347,-6.0220198e-05,0.013977674,-0.00674835,0.005522124,0.0,0.0054269084,0.005445389,0.041874543,0.026292786,0.0,0.0,0.0,0.0,0.0,0.0,-0.021520492,-0.016800808,0.0,0.0,0.0,0.0,0.0,0.0,-0.0062337215,0.0,0.0,0.0,0.0,0.0,0.0,0.0,0.0,0.0,0.0,0.0,-0.0073385458,-0.011062478,-0.0066406038,-0.00039374377,0.02823325,0.040549796,0.013723711,0.02826453,0.0,0.0,0.0,0.0,0.0,0.0,0.0,0.0,0.0,0.0,0.0044780723,0.0,-0.0019005651,0.0,0.0014280652,0.0,0.0,0.0,0.0,0.0,0.013563466,0.00784898,-0.00438364,-0.0008019626,0.013943476,0.002359589,0.054745976,0.047056768,0.0026286643,-0.0021588388,0.0035061212,0.00306548,0.00845254,0.0062989113,-0.016773155,-0.022223745,0.092125684,0.04788215,0.06093987,0.025348764,0.038916726,0.0042998004,0.0,0.06642357,-0.02652928,-0.020697797,-0.02580949,0.0,-0.00026568864,-0.009922411,-0.02617898,-0.028569069,0.01692692,0.020223932,-0.017336609,-0.015781017,-0.0065561314,-0.0037569143,-0.0011909781,0.007908808,0.0046689124,0.00557689,0.0067142528,0.0069440682,0.00872103,0.0121122645,0.0042146,0.0,0.01323423,0.013536916,0.007966238,0.006014331,0.0065903068,0.015651362,0.008943977,0.008184523,0.0016247018,-0.00033388718,-0.0035651943,0.0,-0.009658733,-0.0028900541,-0.00036993195,-0.010748171,-0.012459042,-0.005366755,0.008399817,-0.0007175219,-6.283717e-05,-0.00019899079,-0.008270234,-0.010670884
0.0,0.008194926,0.0,0.0,0.0,0.0,0.0,0.0,0.0,0.0,0.016552528,0.018501297,0.00930099,0.01112475,0.0,0.0,0.0,0.0,0.0,0.0,0.0,0.0,0.0,0.0,0.0,0.0,0.0,0.013704579,0.0,0.0,0.0,0.0,0.0,0.0,0.0,0.010280356,0.0,-7.216325e-05,0.0,0.0,0.010218484,0.012204027,0.0,0.0092003,0.0,0.0037771927,0.0,0.0044470523,0.00557314,0.010703263,0.0,0.009954036,0.0,0.0,0.0,0.0,0.0,0.0,0.0,0.0,0.0,0.0,0.0,0.0,0.011263493,0.0065606097,0.0,0.0,0.0077110874,0.0017681934,0.0,0.0,0.0,0.0,0.0,0.0,0.0,-0.0008559835,0.0,0.0,0.0,0.014552671,0.0,0.011040803,0.0,0.0,0.0,0.015084523,0.011673474,-0.0037292745,-0.0067342296,-0.00068093505,0.0,0.0008502832,0.0,-0.0013738712,0.0,0.0,0.0,0.0089451345,0.0,-0.003248165,0.0069688093,-0.0049761445,-0.011502681,-0.00959467,-0.012058037,-0.023257378,-0.00012422507,-0.0010341908,0.015384232,-0.00033509464,0.013397131,-0.0031428202,0.015820935,0.008818643,0.0011218182,0.0040796557,0.053396262,0.03293784,0.0,0.0,0.0,0.0,-0.017922232,0.0,-0.00876795,-0.0084008565,0.0,0.0,0.0,0.0,0.0,0.0,0.008193332,0.0,0.0,0.0,0.0,0.0,0.0,0.0,0.0,0.0,0.0,0.0,0.00073268666,-0.0018033293,-0.005381028,0.006323827,0.034267668,0.057545427,0.018329535,0.036983002,0.0,0.0,0.0,0.0,0.0,0.0,0.0,0.0,0.0,0.0,0.0,0.007949675,0.0,0.0,0.0,-8.693979e-05,0.0,0.0,0.0,0.0,0.021410823,0.016806787,0.011322791,0.0051919385,0.022811057,0.0122021185,0.051357504,0.058564518,0.004137462,0.0009704553,0.0062866434,0.0036508013,0.006764659,0.014969033,-0.0023126097,-0.010337855,0.10249924,0.0736096,0.065705694,0.03337801,0.059892576,0.02423976,0.09633499,0.0,-0.012746828,-0.018404484,0.0,-0.030723881,0.00078260194,-0.0065388945,-0.015329919,-0.015698899,0.01985208,0.024175184,-0.0060216174,-0.002317637,-0.010276378,-0.008054768,0.0010619893,-0.00048082008,0.005100741,0.005023921,0.011773278,0.003184396,0.0087801665,0.02005398,0.0,0.008304771,0.013606451,0.012645543,0.014809318,0.008605894,0.011581806,0.021494443,0.013055421,0.011598721,0.01447454,0.009727248,0.009766524,0.0020267852,-0.00045737572,0.005828055,0.010414466,0.008217078,0.006867497,0.01226105,0.018816093,0.012439837,0.013105481,0.0020229404,0.0057918592,0.009449635
0.0,0.0,0.0,0.0,0.0,0.0,0.0,0.0,0.0,0.0,0.0,0.0,0.0,0.0,0.0,0.0,0.0,0.0,0.0,0.0,0.0,0.0,0.0,0.0,0.0,0.0,0.0,0.0,0.0,0.0,0.0,0.0,0.0,0.0,0.0,0.0,0.0,0.0,0.0,0.0,0.0,0.0,0.0,0.0,0.0,0.0,0.0,0.0,0.0,0.0,0.0039180494,0.0,0.0,0.0,0.0,0.0,0.0,0.0,0.0,0.0,0.0,0.0,0.0,0.0,0.0,0.0,0.0,0.0,0.0030239085,0.0,0.0,0.0,0.0005154461,0.0,0.0,0.0,-0.0039305016,0.0,-0.008624946,0.0,0.0,0.0,-0.007815594,0.0,-0.010077694,0.0,-0.0016267645,0.0,0.022352373,0.0,0.022304775,0.0,0.0017728857,0.0,0.0,0.0,0.0014259033,0.0,0.0,0.0,0.0,0.0,0.01467108,0.0,0.074604206,0.0,0.048632894,0.0,0.0,0.0,0.0,0.0,0.0,0.0,0.0,0.0,-0.006053973,0.0,0.0355167,0.0,0.0,0.0,0.0,0.0,0.0,0.0,0.032828692,0.0,0.0,0.0,0.0,0.0,0.0,0.0,0.02850271,0.0,0.0,0.0,0.0,0.0,0.0,0.0,-0.0050254627,0.0,0.0,0.0,0.01547913,0.0,0.0,0.0,0.001852957,0.01148131,0.0,0.0,0.0,0.0,0.0,0.0,0.0,0.0,0.0,0.0,0.0,0.0,0.007517998,0.0,0.0,0.0,0.010733225,0.0,0.0,0.0,0.0,0.0,0.0,0.0,0.0,0.0,0.0,0.0,1.7585182e-05,0.0057158708,0.0,0.0,0.0,0.0,0.0,0.0,0.06893988,0.06308083,0.001860297,0.041130908,0.020217458,0.05726153,0.042828016,0.0,0.009885852,0.015880102,0.0,0.0,0.03998679,0.0,0.068284996,0.0,0.052938294,0.0,0.053605013,0.033263944,0.0425403,0.0,0.0,0.0,0.006524759,0.0,0.011500954,0.0,0.0026676618,0.0,-0.0027262964,0.0,0.0050320043,0.0,0.0068122637,0.0,0.0115337,0.0,0.0025248602,0.0,0.01193212,0.0,0.0059212297,0.0,0.0,0.0,0.0,0.0,-0.00012608132,0.0,0.024475146,0.0,0.023126364,0.0,0.009359914,0.0,0.013412638,0.0
0.0,0.0,0.0,0.0,0.0,0.0,0.0,0.0,0.0,0.0,0.0,0.0,0.0,0.0,0.0,0.0,0.0,0.0,0.0,0.0,0.0,0.0,0.0,0.0,0.0,0.0,0.0,0.0,0.0,0.0,0.0,0.0,0.0,0.0,0.0,0.0,0.0,0.0,0.0,0.0,0.0,0.0,0.0,0.0,0.0,0.0,0.0,0.0,0.0,0.0,0.0,-0.001370009,0.0,0.0,0.0,0.0,0.0,0.0,0.0,0.0,0.0,0.0,0.0,0.0,0.0,0.0,0.0,0.0,0.0,0.0021094612,0.0,0.0,0.0,-0.0019169084,0.0,0.0,0.0,0.0042552347,0.0,-0.010209222,0.0,0.0,0.0,0.0,0.0,-0.009666147,0.0,-0.006401576,0.0,-0.0024179528,0.0,0.0075924294,0.0,-0.020531734,0.0,0.0,0.0,0.01653396,0.0,0.0,0.0,0.0,0.0,0.008020895,0.0,0.043016333,0.0,0.026565628,0.0,0.0,0.0,0.024702512,0.0,0.010358095,0.0,0.0,0.0,0.0,0.0,-0.0012087887,0.0,0.0,0.0,0.0,0.0,0.0,0.0,0.019699035,0.0,0.0,0.0,0.0,0.0,0.0,0.0,-0.00046093174,0.0,0.0056478903,0.0,0.0,0.0,0.0,0.0,0.0,0.0,0.0,0.0,0.0,0.0,0.0,-0.004207557,0.00029414403,0.0,0.0,0.0,0.0,0.0,0.0,0.0,0.0,0.0,0.0,0.0,0.0,0.0,0.0060526417,0.0,0.0,0.0,-0.00042782465,0.0,0.0,0.0,0.0,0.0,0.0,0.0,0.0,0.0,0.0,0.0031927242,0.008434539,0.0,0.0,0.0,0.0,0.0,0.0,0.0,0.046317875,-0.001259175,0.019013172,0.0013830868,0.030413793,0.0,0.036391944,0.0011869754,0.006022653,0.0,0.0,0.0,0.011218119,0.0,0.034029767,0.0,0.029751746,0.006363633,-0.0012679641,0.0,0.02815792,0.0,0.0,0.0,0.010473207,0.0,0.004623825,0.0,0.000751666,0.0,-0.00025918294,0.0,0.0,0.0,-0.0035602516,0.0,0.00011945711,0.0,0.0,0.0,0.007491947,0.0,0.008220009,0.0,0.0,0.0,0.0,0.0,0.0,0.0,0.018045941,0.0,0.0047016796,0.0,4.6255132e-05,0.0,0.011821134
0.0,0.0,0.0,0.0,0.0017650971,0.0,0.0,0.0,0.0,0.0,0.0,0.0,0.0,0.0,0.0,0.0,-0.016889267,0.0,-0.0076088253,0.0,0.0,0.0,0.0,0.0,0.0,0.0,0.0,0.0,0.0,0.0,0.0,0.0,0.0,0.0,-0.0046405736,0.0,-0.009452063,0.0,0.0,0.0,0.0,0.0,0.0,0.0,0.0,0.0,0.0,0.0,0.0,0.0,0.0,0.0,0.0,0.0,0.0,0.0,0.0,0.0,0.0,0.0,0.0,0.0,0.0,0.0,0.0,0.0,0.0,0.0,0.0068738083,0.0,0.0,0.0,0.014866807,0.0,0.010163063,0.0,0.0013695201,0.0,-0.010680336,0.0,-0.017263047,0.0,-0.0041082283,0.0,-0.005804076,0.0,-0.0028797558,0.0,0.0013288981,0.0,0.0030863502,0.0,0.0002304297,0.0,-0.0026678874,0.0,0.0016355879,0.0,-0.018382655,0.0,-0.0013354977,0.0,0.005920325,0.0,0.033282083,0.0,0.017517164,0.0,-0.0018698602,0.0,0.01276914,0.0,0.004317623,0.0,0.0,0.0,0.0034798018,0.0,0.031394064,0.0,0.0036244513,0.0,0.031779498,0.0,0.0,0.0,0.014622144,0.0,0.0,0.0,0.0,0.0,0.0,0.0,-0.004509378,0.0,-0.008412569,0.0,0.0,0.0,-0.0133134015,0.0,0.01569232,0.0,0.0,0.0,0.035607696,0.0,0.0,0.0,-0.0010068414,-0.004619075,0.012436812,0.0,0.0,0.0,0.0,0.0,0.0,0.0,0.0,0.0,0.0,0.0,0.00200589,0.0,0.0,0.0,0.008949772,0.0,0.0,0.0,0.0,0.0,0.0,0.0,0.0,0.0,0.0,0.0,-0.0012773145,-0.0056882706,0.0,0.0,0.0,0.0,0.0,0.0,0.019273609,0.0,-0.010734872,0.0,-0.0015770314,0.0,0.019500984,0.0,-0.00807094,0.0,0.04198754,0.0,0.0,0.0,0.022058193,0.0,0.014608605,0.0,0.05468937,0.0,0.027289659,0.0,0.0,0.0,0.0063261264,0.0,0.010607426,0.0,0.00082335446,0.0,-0.00043205646,0.0,-0.00982793,0.0,-0.0002479717,0.0,-0.002030507,0.0,-0.0035799618,0.0,-0.0056126295,0.0,-0.0018579277,0.0,0.0,0.0,0.0,0.0,-0.0045420043,0.0,0.008124983,0.0,0.00954317,0.0,-0.003808542,0.0,-0.0017569014,0.0
0.0,0.0,0.0,0.0,0.0,0.0,0.0,0.0,0.0,0.0,0.0,0.0,0.0,0.0,0.0,0.0,0.0,0.0,0.0,0.0,0.0,0.0,0.0,0.0,0.0,0.0,0.0,0.0,0.0,0.0,0.0,0.0,0.0,0.0,0.0,-0.0059758434,0.0,0.0,0.0,0.0,0.0,0.0,0.0,-0.0030663365,0.0,0.0,0.0,0.0,0.0,0.0,0.0,0.0025967853,0.0,0.0,0.0,0.0,0.0,0.0,0.0,0.0,0.0,0.0,0.0,0.0,0.0,0.0,0.0,0.0,0.0,0.00820199,0.0,0.0,0.0,0.01135357,0.0,0.010163893,0.0,-0.0006901124,0.0,0.00024652336,0.0,-0.008949805,0.0,-0.005241008,0.0,-0.006616447,0.0,-0.008950651,0.0,-0.006328891,0.0,-0.0045377407,0.0,-0.010951067,0.0,-0.015605349,0.0,0.02743249,0.0,-0.017684605,0.0,0.005416671,0.0,0.009949045,0.0,0.03679087,0.0,0.05142727,0.0,0.0041381167,0.0,0.020787375,0.0,0.019464612,0.0,0.0,0.0,0.0,0.0,0.008782577,0.0,-0.0014407163,0.0,0.018511249,0.0,0.0,0.0,0.027164375,0.0,0.0,0.0,0.0,0.0,0.0,0.0,0.011162795,0.0,-0.007582144,0.0,0.0,0.0,0.0,0.0,0.0036131975,0.0,0.0,0.0,0.0,0.0,0.0,0.0,-0.0011788455,0.0,0.0,0.0,0.0,0.0,0.0,0.0,0.0,0.0,0.0,0.0,0.0,0.0,0.009509818,0.0,0.0063708476,0.0,0.00568904,0.0,0.0,0.0,0.0,0.0,0.0,0.0,0.0,0.0,0.0,0.0,0.0002523885,0.0,0.0,0.0,0.0,0.0,0.0,0.0,0.01781872,0.0,0.0,0.0,0.020838462,0.0,0.02980036,0.0,-0.010922852,0.0,0.0317535,0.0,0.0,0.0,0.017491555,0.0,0.026009252,0.0,0.02101004,0.0,0.016917652,0.0,0.0,0.0,0.013271608,0.0,0.0,0.0,-0.0014350646,0.0,0.005461103,0.0,0.006376626,0.0,-0.0044988515,0.0,0.004954617,0.0,0.0,0.0,7.8714256e-05,0.0,0.009733282,0.0,0.0,0.0,0.0,0.0,0.0,0.0,0.023946976,0.0,0.012381723,0.0,0.0,0.0,0.007547238
0.0,0.0,0.0,0.0,0.0,0.0,0.0,0.0,0.0,0.0,0.0,0.0,0.0,0.0,0.0,0.0,0.0,0.0,0.0,0.0,0.0,0.0,0.0,0.0,0.0,0.0,0.0,0.0,0.0,0.0,0.0,0.0,0.0,0.0,0.0,0.0,0.0,0.0,0.0,0.0,0.0,0.0,0.0,0.0,0.0,0.0,0.0,0.0,-0.007836231,0.0,0.0,0.0,0.0,0.0,0.0,0.0,0.0,0.0,0.0,0.0,0.0,0.0,0.0,0.0,0.0,0.0,0.0,0.0,0.0016440164,0.0,0.0,0.0,0.0,0.0,0.0,0.0,-0.007473233,0.0,0.0,0.0,0.0,0.0,0.0,0.0,0.0,0.0,0.0,0.0,0.0,0.0,0.0,0.0,0.0,0.0,0.0,0.0,0.0,0.0,0.0,0.0,0.0,0.0,0.002039042,0.0,0.039461892,0.0,0.010421403,0.0,0.0,0.0,0.0,0.0,0.0,0.0,0.0,0.0,0.0011351486,0.0,0.0070212195,0.0,0.0,0.0,0.0,0.0,0.0,0.0,-0.013267468,0.0,0.0,0.0,0.0,0.0,0.0,0.0,-0.006227156,0.0,0.0,0.0,0.0,0.0,0.0,0.0,0.0,0.0,0.0,0.0,0.0,0.0,0.0,0.0,-0.018730221,-0.018935408,-0.026849851,0.0,0.0,0.0,0.0,0.0,0.0,0.0,0.0,0.0,0.0,0.0,0.0,0.0,0.0,0.0,-0.010716374,0.0,0.0,0.0,0.0,0.0,0.0,0.0,0.0,0.0,0.0,0.0,-0.005193899,-0.007962659,0.0,0.0,0.0,0.0,0.0,0.0,0.055976633,0.053630877,-0.0054137576,0.015720092,0.024042366,0.049759965,0.017214952,0.0,-0.017495094,-0.01493043,0.03697151,0.0,0.007251714,0.0,0.0,0.05355984,0.03179853,0.0,0.0057099336,-0.009107824,-0.0055868435,0.0,0.008603201,0.0,0.010983593,0.0,0.005233584,0.0,-0.01187383,0.0,0.0040967073,0.0,-0.0111288745,0.0,-0.0053120824,0.0,-0.012684673,0.0,-0.013528779,0.0,-0.011123231,0.0,-0.0018897266,0.0,0.0,0.0,0.0007660291,0.0,0.0014274883,0.0,0.00617162,0.005787402,0.0054551326,0.0,0.00275745,0.0,-0.014033111,0.0
0.0,0.0,0.0,0.0,0.0,0.0,0.0,0.0,0.0,0.0,0.0,0.0,0.0,0.0,0.0,0.0,0.0,0.0,0.0,0.0,0.0,0.0,0.0,0.0,0.0,0.0,0.0,0.0,0.0,0.0,0.0,0.0,0.0,0.0,0.0,0.0,0.0,0.0,0.0,0.0,0.0,0.0,0.0,-0.009290986,0.0,0.0,0.0,0.0,0.0,-0.018092409,0.0,-0.0024327245,0.0,0.0,0.0,0.0,0.0,0.0,0.0,0.0,0.0,0.0,0.0,0.0,0.0,0.0,0.0,0.0,0.0,0.005920386,0.0,0.0,0.0,0.0,0.0,0.0,0.0,0.0016532643,0.0,0.0,0.0,0.0,0.0,0.0013531506,0.0,0.0,0.0,0.0,0.0,0.0,0.0,-0.009543196,0.0,0.0,0.0,0.0,0.0,0.0,0.0,0.0,0.0,0.0,0.0,-0.009272532,0.0,0.011733231,0.0,0.008690956,0.0,-0.015777525,0.0,-0.0015061183,0.0,-0.0018703392,0.0,0.0,0.0,-0.013987363,0.0,-0.008033126,0.0,0.0,0.0,0.0,0.0,0.0,0.0,-0.003674876,0.0,0.0,0.0,0.0,0.0,0.0,0.0,-0.01871057,0.0,0.0,0.0,0.0,0.0,0.0,0.0,0.0,0.0,0.0,-0.008786597,-0.0006245488,0.0,0.0,-0.012392776,-0.010589414,0.0,0.0,0.0,0.0,0.0,0.0,0.0,0.0,0.0,0.0,0.0,0.0,0.0,-0.0003531118,0.0,0.0,0.0,-0.009106732,0.0,0.0,0.0,0.0,0.0,0.0,0.0,0.0,0.0,0.0,0.00047970886,-0.00018912711,0.0,0.0,0.0,0.0,0.0,0.0,0.029409656,0.035839,-0.0032627354,0.0001803161,-0.0011123028,0.0015617544,0.00014579135,0.007910156,-0.0064316588,-0.0055490015,0.0,0.0021846795,0.0,-0.01329544,0.024264619,0.0,0.024853192,0.013294495,-0.016801074,-0.023946943,0.0,-0.0038976932,0.0,0.02543917,0.0,0.0107491175,0.0,-0.0014503063,-0.018373491,-0.0118954275,0.0,0.0029725228,0.0,0.0027100774,-0.009070657,-0.005746869,0.0,-0.0061726887,0.0,0.004722446,0.0,-0.0017761247,0.0,0.0036362489,0.0,0.003517155,0.0,0.0,0.0,-0.007921333,0.0,0.0034946518,0.0,-0.0047830855,0.0,0.002128551,0.0,-0.004617681
0.0,0.0,0.0,0.0,0.0,0.0,0.0,0.0,0.0,0.0,0.0,0.0,0.0,0.0,0.0,0.0,0.0,0.0,0.0,0.0,0.0,0.0,0.0,0.0,0.0,0.0,-0.0071754544,0.0,0.0,0.0,0.0,0.0,0.0,0.0,0.0,0.0,0.0,0.0,0.0,0.0,0.0,0.0,0.0013964772,0.0,0.0,0.0,0.0,0.0,0.004493621,0.0,0.0,0.0,0.0,0.0,0.0,0.0,0.0,0.0,0.0,0.0,0.0,0.0,0.0,0.0,0.0,0.0,0.0,0.0,0.0053152447,0.0,0.0,0.0,0.0,0.0,0.0,0.0,0.0020628457,0.0,0.0031624923,0.0,0.0,0.0,0.00717949,0.0,0.008624836,0.0,0.008468625,0.0,0.03006047,0.0,0.02693506,0.0,0.010390789,0.0,0.0030420609,0.0,0.0037811848,0.0,-0.008607755,0.0,0.0081542,0.0,0.01576961,0.0,0.0561096,0.0,0.046674855,0.0,0.011448072,0.0,0.0045611183,0.0,-0.0045532836,0.0,0.0015115599,0.0,0.0046855127,0.0,-0.004711301,0.0,0.0,0.0,0.0,0.0,0.0,0.0,0.01939767,0.0,0.0,0.0,0.0,0.0,0.0,0.0,0.012147298,0.0,0.0,0.0,0.0,0.0,0.0,0.0,-0.005728628,0.0,0.0,0.0,0.0,0.0,0.0,0.0,-0.008741339,-0.007716958,0.0,0.0,0.0,0.0,0.0,0.0,0.0,0.0,0.0,0.0,0.0,0.0,0.0052978895,0.0,0.0,0.0,0.0,0.0,0.0,0.0,0.0,0.0,0.0,0.0,0.0,0.0,0.0,0.0,-0.0064906366,-0.004597302,0.0,0.0,0.0,0.0,0.0,0.0,0.06400597,0.070668586,-0.020827355,0.01354794,0.0063601513,0.0073374948,0.0044563864,0.0,-0.013433748,-0.0047265664,0.036730304,0.0,0.018423567,0.0,0.038961817,0.045975428,0.0,0.0,0.004964407,-0.0033136772,0.016705332,0.0,0.003833215,0.0,0.0016112379,0.0,0.0076467264,0.0,-0.0027489522,0.0048645735,0.0014161383,0.0,0.011341946,0.0,0.0010349794,0.0,0.0043988214,0.0,0.006772717,0.0,0.009157545,0.0,0.0065865438,0.0,0.0,0.0,0.0,0.0,0.003243115,0.0,0.024054065,0.01899716,0.017623229,0.01302248,0.0046955138,0.0,0.0,0.0
0.0,0.0,0.0,0.0,0.0,0.0,0.0,0.0,0.0,0.0,0.0,0.0,0.0,0.0,0.0,0.0,0.0,0.0,0.0,0.0,0.0,0.0,0.0,0.0,0.0,0.0,0.0,-0.0019070865,0.0,0.0,0.0,0.0,0.0,0.0,0.0,0.0,0.0,0.0,0.0,0.0,0.0,0.0,0.0,0.008553019,0.0,-0.0061401883,0.0,0.0,0.0,-0.00070326985,0.0,0.006373819,0.0,0.0,0.0,0.0,0.0,0.0,0.0,0.0,0.0,0.0,0.0,0.0,0.0,0.0,0.0,0.0,0.0,0.0019051649,0.0,0.0,0.0,0.0,0.0,0.0,0.0,0.0076226173,0.0,0.0,0.0,0.0037287222,0.0,0.006812948,0.0,0.0028309713,0.0,0.0,0.0,-0.0038710877,0.0,0.004627949,0.0,-0.0054178685,0.0,-0.0077880756,0.0,0.005733582,0.0,-0.0026967106,0.0,0.0034723317,0.0,0.0030770616,0.04257185,0.03792472,0.0,0.03350996,0.0,0.012491007,0.0,0.009760998,0.0,0.002591276,0.0,0.0,0.0,-0.005346128,0.0,-0.018639173,0.0,0.0,0.0,0.0,0.0,0.0,0.0,0.0102057215,0.0,0.0,0.0,0.0,0.0,0.0,0.0,-0.0014681122,0.0,0.0,0.0,0.0,0.0,0.0,0.0,0.0,0.0,0.0,0.0,0.0,0.0,0.0,-0.00960438,-0.0100116115,0.0,0.0,0.0,0.0,0.0,0.0,0.0,0.0,0.0,0.0,0.0,0.0,0.0,0.00077765324,0.0,0.0,0.0,-0.010029547,0.0,0.0,0.0,0.0,0.0,0.0,0.0,0.0,0.0,0.0,-0.0042366968,-0.001256135,0.0,0.0,0.0,0.0,0.0,0.0,0.04334969,0.05545663,-0.019351581,0.0034322513,-0.0027346755,-0.007292665,-0.002719273,0.01737837,-0.016372941,-0.008038158,0.0,0.024868181,0.0,0.0060607223,0.0,0.030640822,0.0,0.0,-0.0064650388,-0.0138032315,0.0,0.023296544,0.0,0.0,0.0,0.007416342,0.0,0.005484969,-0.0069386614,0.0037457936,0.0,0.003235228,0.0,0.0,-0.0043616313,-0.0051286304,0.0,-0.0029637911,0.0,0.015483754,0.0,-0.0024067007,0.0,0.0054093557,0.0,0.0,0.0,0.0,0.0,0.0075944485,0.0,0.013309145,0.0,0.0061354227,0.0,0.011031848,0.0,0.01085759
0.0,0.0,0.0,0.0,0.0,0.0,0.0,0.0,0.0,0.0,0.0038345882,0.0,0.005819608,0.0,0.0,0.0,0.0,0.0,0.0,0.0,0.0,0.0,0.0,0.0,0.0,0.0,0.0053696544,0.0,0.0,0.0,0.0,0.0,0.0,0.0,0.0,0.0,0.0,0.0,0.0,0.0,0.0,0.0,-0.0018231153,0.0,0.0,0.0,0.0,0.0,-0.0028958803,0.0,5.740117e-05,0.0,0.0,0.0,0.0,0.0,0.0,0.0,0.0,0.0,0.0,0.0,0.0,0.0,0.0,0.0,0.0,0.0,0.0017644039,0.0,0.0,0.0,0.0114293285,0.0,0.0,0.0,0.004641264,0.0,-0.0010301376,0.0,0.0,0.0,0.0018649023,0.0,0.0,0.0,0.0,0.0,-0.0017763486,0.0,0.008430968,0.0,-0.0042057475,0.0,0.0,0.0,-0.0015348447,0.0,0.0,0.0,0.0,0.0,-0.0035984484,0.0059854276,0.019059876,0.019870464,0.008533928,0.0,-0.004205136,0.0,0.011396925,0.0,0.00017000276,0.008743205,0.0013065247,0.0,0.0026341483,0.0,0.02568672,0.012270521,0.0,0.0,0.0,0.0,0.012947347,0.0,0.0072475867,0.022539863,0.0,0.0,0.0,0.0,0.029040217,0.0,-0.003273215,0.0,0.0,0.0,0.0,0.0,0.0,0.0,0.003982974,0.0,0.0,0.0,0.014214826,0.007429503,0.0,0.0,0.0011146377,-0.0003065288,-0.0012422983,0.0020837546,0.0,0.0,0.0,0.0,0.0,0.0,0.0,0.0,0.0,0.0,-0.0056934357,0.0,-0.010762338,0.0,0.0031949226,0.0,0.0,0.0,0.0,0.0,-0.005116808,-0.0045126355,-0.0077546146,0.005252531,0.0,0.0,0.005379858,-0.0016539367,0.0,0.0,0.0,0.0,0.0,0.0,0.013757182,0.0068908865,0.020894768,0.02300433,0.018295959,0.03251499,0.024953168,0.02616246,0.010353001,0.007641142,0.029273635,0.018680895,0.04271127,0.0,0.016870685,0.01345795,0.006423712,0.008041657,0.0,0.03602055,0.019200118,0.011515892,0.009687069,0.0,0.0013658603,0.002650147,0.004717056,0.010673695,0.0035044185,0.003184105,0.009777084,0.004880584,-0.0042800903,0.0,-0.0022677314,0.00063555274,-0.00095212314,-0.0024417092,-0.008032068,0.0,-0.0053824475,-0.009576569,-0.008541153,-0.009579203,-0.0052497066,0.0,-0.0066468827,0.0,-0.0056228815,-0.012872035,-0.000822718,0.0075152586,-0.0017606933,0.0034100304,-0.00252063,-0.0021840276,-0.00953037,-0.0065798843
0.0,0.0,0.0,0.0,0.0,0.0,0.0,0.0,0.0,0.0,0.0,0.0039903885,0.0,0.0,0.0,0.0,0.0,0.0,0.0,0.0,0.0,0.0,0.0,0.0,0.0,0.0,0.0,0.02186762,0.0,0.0,0.0,0.0,0.0,0.0,0.0,0.0,0.0,0.0,0.0,0.0,0.0,0.0,0.0,0.0,0.0,0.0,0.0,0.0,0.0,-0.013733847,0.0,-0.0014233262,0.0,0.0,0.0,0.0,0.0,0.0,0.0,0.0,0.0,0.0,0.0,0.0,0.0,0.0,0.0,0.0,0.0,0.012033132,0.0,0.0,0.0,0.0,0.0,0.0,0.0,0.005775092,0.0,0.0,0.0,0.0027298064,0.0,0.0005981403,0.0,0.0,0.0,0.0,0.0,-0.008064963,0.0,-0.021311559,0.0,-0.013020559,0.0,-0.009450076,0.0,-0.005003499,0.0,0.0,0.0,0.0,-0.0124967545,-0.0057642045,0.008530315,0.0067445044,-0.004716162,0.013225664,0.0,-0.0095764985,0.0,0.0042121424,0.0,0.0006585306,0.0,0.003882928,0.0,-0.0035906953,0.03531413,0.024790935,0.0,0.0,0.0,0.0,0.0,0.01964374,-0.0059929043,0.01657304,0.0,0.0,0.0,0.0,0.0,0.0,0.0,-0.012761201,0.0,-0.0055572726,0.0,0.0,0.0,0.0,0.0,0.0,0.0,0.0,0.006933547,0.0043602632,0.0,0.0,0.014539206,0.010235597,0.0037904587,0.012945698,0.0,0.0,0.0,0.0,0.0,0.0,0.0,0.0,0.0,0.0,0.0,0.0014124812,0.0,0.0,0.0,0.006887909,0.0,0.0,0.0,0.0,0.008275662,0.007568971,-0.0052123237,0.0022389274,0.0,0.0037164171,0.014975208,0.010277051,0.0,0.0,0.0,0.0,0.0,0.0,0.0055274926,-0.006404894,0.040307086,0.028358579,0.018328061,0.029619338,0.031520363,0.029969247,0.027271323,0.023094038,0.015098754,0.0018831054,0.0,0.025408406,0.0029566626,-0.009426197,-0.0077431668,-0.010521619,0.044616804,0.0,0.0058960156,-0.0007987386,0.0,0.024945147,-0.0035322323,0.013569507,0.0017351038,0.0052414555,-0.007862987,-0.00040339527,0.006107202,0.0077059525,0.0,0.0022323448,-0.007147233,-0.006054639,-0.0037283462,-0.006372647,0.0,-0.00048626607,-0.002067798,-0.0039341105,-0.011392894,-0.0076397536,0.0,0.0005652266,0.0,-0.0047700065,-0.0042128223,-0.009818251,-0.0080971755,-0.0023253937,-0.005244885,-0.0015446388,-0.006204806,0.0017728745,0.0,-0.009174458
0.0,0.0,0.0,0.0,0.0014814448,0.0,0.0,0.0,0.0,0.0,0.0,0.0,0.0,0.0,0.0,0.0,0.0,0.0,0.0,0.0,0.0,0.0,0.0,0.0,0.0,0.0,0.0,0.0,0.0,0.0,0.0,0.0,0.0,0.0,0.0,0.0,0.0,0.0,0.0,0.0,0.0,0.0,0.0,0.0,0.0,0.0,0.0,0.0,-0.0027696404,0.0,0.0,0.0,0.0,0.0,0.0,0.0,0.0,0.0,0.0,0.0,0.0,0.0,0.0,0.0,0.0,0.0,0.0,0.0,-0.0017621451,0.0,0.0,0.0,0.0039900932,0.0,0.0,0.0,-0.0087864185,0.0,-0.018238237,0.0,0.0,0.0,0.0,0.0,-0.022157537,0.0,0.0,0.0,0.003448318,0.0,0.025755646,0.0,-0.0022449663,0.0,0.0,0.0,-0.00891542,0.0,0.0023410022,0.0,-0.0038388807,0.0,0.0062828423,0.0,0.025783014,0.0,0.022632062,0.0,0.0030165168,0.0,0.0062364377,0.0,0.0103380345,0.0,0.00883611,0.0,0.003721161,0.0,0.013087767,0.0,0.0,0.0,0.0,0.0,0.019713763,0.0,0.054693192,0.059112236,0.0,0.0,0.0,0.0,0.045749586,0.0,0.018040335,0.0,0.018748946,0.0,0.0,0.0,0.0,0.0,-0.012651486,0.0,0.0,0.0,0.033723686,0.03922885,0.0,0.0,-0.013929988,0.0013256094,-0.008726685,0.0,0.0,0.0,0.0,0.0,0.0,0.0,0.0,0.0,0.0,0.0,0.0,0.0,0.0,0.0,0.0010577359,0.0,0.0,0.0,0.0,0.0,0.0,0.0,0.0,0.0,0.0,0.0,-0.011859419,-0.008569754,0.0,0.0,0.0,0.0,0.0,0.0,0.01960929,0.0,-0.010608543,0.0085002,0.0008110292,0.007501302,0.011901479,0.0,-0.007744523,-0.0044547236,0.043451454,0.0,0.031233264,0.0,0.011634898,0.0,0.016612293,0.0,0.03741835,0.019895386,0.0,0.040262923,-0.0069294446,0.0,-0.0024812312,0.0,-0.0020568084,0.0,-0.0074458565,-0.007534101,0.0002793288,0.0019378213,0.0027713773,0.0,0.0008591934,0.006576086,0.00214353,0.0,-0.0031159709,0.0,0.0048838817,0.0,-0.001675858,0.0,0.0,0.0,0.008498904,0.0,0.00023182391,-0.003967717,0.020900397,0.016594449,0.006903472,0.004299014,0.0023091629,0.0,0.006152235,0.0
0.0,0.0,0.0,0.0,0.0,0.0,0.0,0.0,0.0,0.0,0.0,0.0,0.0,0.0,0.0,0.0,0.0,0.0,0.0,0.0,0.0,0.0,0.0,0.0,0.0,0.0,0.0,0.0,0.0,0.0,0.0,0.0,0.0,0.0,0.0,0.0,0.0,0.0,0.0,0.0,0.0,0.0,0.0,0.0,0.0,0.0,0.0,0.0,0.0,0.0,0.0,0.0,0.0,0.0,0.0,0.0,0.0,0.0,0.0,0.0,0.0,0.0,0.0,0.0,0.0,0.0,0.0,0.0,0.0,-0.0025683404,0.0,0.0,0.0,-0.0073585045,0.0,-0.010909223,0.0,-0.002646202,0.0,-0.017738502,0.0,0.0,0.0,-0.002113007,0.0,-0.009113316,0.0,-0.014263979,0.0,-0.0007733574,0.0,0.021527644,0.0,-0.0072045503,0.0,0.0,0.0,0.0411254,0.0,0.016861135,0.0,0.008630498,0.004949549,0.010429031,0.0,0.027873507,0.0,0.01803535,0.0,0.0077433027,0.0,0.017844085,0.0,0.011826478,0.0,0.0035889652,0.0,0.0041926075,0.0,-0.006047711,0.0,0.0,0.0,0.0,0.0,0.009188317,0.030403607,0.042927213,0.0,0.0,0.0,0.0,0.0,0.0196549,0.0,0.020175038,0.0,0.021472303,0.0,0.0,0.0,0.0,0.0,-0.00805849,0.0,0.0,0.009584853,0.03010801,0.0,0.0,0.0011732507,0.010273223,-0.0030373828,0.0,0.0,0.0,0.0,0.0,0.0,0.0,0.0,0.0,0.0,0.0,0.0,-0.007930604,0.0,0.0,0.0,-0.0032304374,0.0,0.0,0.0,0.0,0.0,0.0,0.0,0.0,0.0,0.0,0.0015680192,0.0057849144,0.0,0.0,0.0,0.0,0.0,0.0,0.0,0.033157554,-0.0033794974,0.013133736,0.0039366493,0.00026738903,0.0,0.020693406,0.00033002964,0.006072855,0.0,0.03113986,0.0,0.005036348,0.0,0.017856097,0.0,0.030059356,0.011535081,0.010434757,0.029196367,0.0,0.0,0.009092199,0.0,0.0029229794,0.0,-0.0011090044,-0.0018588434,0.0012690745,0.0,0.009796346,0.0,0.0001969613,0.0008579444,-0.0034815385,0.0,0.002024974,0.0,0.01175542,0.0,0.004590893,-0.001939969,-0.0022396096,0.0,0.0007591878,0.0,0.0044263257,0.0,-0.00084756804,0.0145828305,0.013402107,0.011848257,0.009275075,0.007786146,0.0001825021,0.0,0.0006500041
-0.0047531407,0.0,0.0,0.0,0.0,0.0,0.0,0.0,0.0,0.0,-0.0070247194,-0.003391252,0.008132283,0.0047280444,0.0,0.0,0.0,0.0,0.0,0.0,0.0,0.0,0.0,0.0,0.0,0.0,-0.0048766052,0.0,0.0,0.0,0.0,0.0,0.0,0.0,-0.0016359905,0.0,-0.027773064,0.0,-0.024645584,0.0,0.00797363,0.01832912,0.046316363,0.0,0.01845217,0.0,0.017480826,0.0,0.016179359,0.012734723,-0.00031929286,0.0,0.0,0.0,0.0,0.0,0.005255653,0.0,-0.0065040337,0.0,0.0,0.0,0.0,0.0,0.0,0.0,0.0,0.0,-0.023450661,0.0,0.0,0.0,-0.010232954,0.0,0.0,0.0,-0.030897634,0.0,0.0,0.0,0.0,0.0,0.0055478625,0.0,0.0,0.0,0.0,0.0,0.0,0.0,0.0,0.0,0.008964573,0.0,0.0,0.0,0.0,0.0,0.0,0.0,0.0,0.0,-0.0022062252,0.0,0.016327314,0.0,0.0062962067,0.0,0.013476644,0.0,0.009593508,0.0,0.0047988906,0.0,-0.002049123,0.0,0.012656871,0.0,-0.008396628,0.0,0.0,0.0,0.0,0.0,0.0,0.0,0.0005317264,0.0,0.0,0.0,0.0,0.0,0.0,0.0,0.0,0.0,0.0,0.0,0.0,0.0,0.0,0.0,0.0,0.0,0.0,0.0,-0.004893331,-0.0019464019,0.0,-0.012329303,-0.011176703,-0.008302533,-0.006473319,-0.0077401637,0.011810091,0.0,0.0,0.0,0.0,0.0,0.004254398,0.0,-0.0014091048,0.0,0.0042616758,0.0,-0.020754114,0.0,0.0036859899,0.0,0.00382166,0.0,-0.029209962,0.0,-0.014702931,-0.017228957,-0.0024032313,0.00014238655,-0.0022058215,-0.026338764,0.0032965995,0.016939413,-0.029096259,-0.011204412,-0.018832706,-0.013172763,-0.010676432,-0.0053313095,0.0070195915,0.0,-0.022154855,-0.008345076,-0.0065736603,0.0,-0.008715943,0.0,-0.011515115,-0.0059473426,0.0,0.0,0.0,0.0,0.026047891,0.0,0.017655415,0.0,0.0102016125,0.0,0.0039979075,0.0,0.0,0.022983085,-0.0029550209,0.017764198,0.030081252,0.011907942,0.0042288657,0.012712701,0.004134584,-0.0059117507,0.0004425075,0.0,0.024293574,0.017812662,0.021326074,0.0,-0.0025017585,0.002783327,-0.007800315,0.0,-0.042826626,-0.02618256,-0.0027000827,-0.008725827,0.020552577,0.0060507185,-0.03227501,0.0032464117,-0.00042842524,0.0060293823,0.02088998,-0.015810184,-0.033550937,-0.03379795,0.0031643612,-0.014995961
0.0,0.0,0.0,0.0,0.0,0.012457029,0.0,0.0,0.0,0.0,-0.005022408,-0.01080333,0.015195878,0.016684331,0.0,0.0,0.0,0.0,0.0,0.0,0.0,0.0,0.0,0.0,0.0,0.0,0.0,-0.0007927945,0.0,0.0,0.0,0.0,0.0,0.0,0.0,0.0028413944,0.0,0.0,0.0,0.0,0.023068525,0.030788954,0.0,0.018461773,0.0,0.024152555,0.0,0.02203336,0.0043669925,0.013689396,0.0,0.007984236,0.0,0.0,0.0,0.0,0.0,0.0,0.0,-0.00046250378,0.0,0.0,0.0,0.0,0.0,0.0,0.0,0.0,0.0,0.016505018,0.0,0.0,0.0,0.0,0.0,0.0,0.0,-0.011951125,0.0,0.0,0.0,0.0,0.0,0.0,0.0,0.0,0.0,0.0,0.0,0.02341879,0.0,0.0,0.0,0.035544354,0.0,0.0,0.0,0.0,0.0,0.0,0.0,0.0,0.0,0.02872791,0.0,0.022533234,0.0,0.0,0.0,0.036634278,0.0,0.041778963,0.0,0.018160429,0.0,0.015811091,0.0,0.014793787,0.0,-0.008260163,0.0,0.0,0.0,0.0,0.0,0.0,0.0,0.0,0.0,0.0,0.0,0.001154694,0.0,0.0,0.0,0.0,0.0,0.0,0.0,0.0,0.0,0.0,0.0,0.0,0.0,0.0,0.017746473,0.0087667545,0.0,-0.0053683277,-0.004763681,0.0039410843,0.009453261,0.00516998,0.0,0.0,0.0,0.0,0.0,0.0,0.0,0.011091813,0.0,0.0,0.0,0.0009010574,0.0,0.0,0.0,0.007734816,0.0,0.0,0.0,0.0,-0.00784894,-0.009648658,0.006415496,-0.0103760455,0.014632439,-0.015670927,0.0076294853,0.019377721,0.0,-0.009515948,0.0,0.0009647098,0.0035055762,-0.005178324,0.0,0.018371396,0.0,0.005221391,0.0,0.016696328,0.0,0.009733589,-0.0030999114,0.0035246713,0.0,0.0,0.0,0.0,0.0,0.033663116,0.0,0.0,0.0,0.02558029,0.0,0.01788327,0.001622136,0.0,0.013980155,0.0073874635,0.025295874,0.016461954,0.0067280615,-0.0013717255,0.008423895,0.005644944,0.009234319,0.0048978683,0.025293466,0.037751075,0.020538611,0.017429085,0.0010885459,0.0005977878,0.0025132876,0.008015716,-0.010906432,0.0010328932,-0.007867898,-0.005200546,0.0112091275,0.010803441,0.012872395,0.009890155,0.012110266,0.017570034,0.03415475,0.010818933,-0.005046628,-0.023093434,-0.014664936,-0.0046212687
-0.003820125,0.007737668,0.0,0.0,0.005992263,0.0,0.0,0.0,0.0,0.0,-0.003908531,-0.009192224,0.0018367157,0.00066370686,0.0,0.0,0.0,0.0,-0.010902521,0.0,0.0,0.0,0.0,0.0,0.0,0.0,-0.010639248,0.0,0.0,0.0,0.0,0.0,-0.00068745884,0.0,-0.0012875795,0.0,-0.003688784,0.0,-0.009540222,0.0,0.002588148,0.0035508997,0.0049351803,0.0,0.0028106945,0.0,0.00528862,0.0041566165,0.008643138,0.0041161794,-0.005061541,0.0,-0.0007528937,0.0,0.0,0.0,0.008257236,0.0,0.006510512,0.0,0.004775133,0.0,0.0,0.0,0.025538322,0.010429409,0.0061205095,0.0,-0.002983793,0.005323492,0.007040679,0.0,0.0077586332,0.0,0.0,0.0,9.741907e-05,0.0,0.009765623,0.0,0.0,0.0,0.0010586589,0.0,0.0,0.0,0.0,0.0,0.002285313,0.0,0.005746541,0.0,0.0012764372,0.0,-0.005051314,0.0,0.0,0.0,0.0,0.0,-0.0011572002,0.0,-0.005002971,0.0061515416,0.015284571,0.0,0.008474595,0.0,0.0009346724,0.01672242,0.005158248,0.0,-0.006693397,0.0,-0.006351248,0.0,0.0131888585,0.011676691,0.007299747,0.007678182,0.0,0.0,0.0,0.0,0.0069404286,0.01071864,0.0019805531,0.0060747047,0.0,0.0,0.014581152,0.0,0.012670999,0.0,0.0036832346,0.0,-0.0020598012,0.0,0.0,0.0,0.0,0.0,0.0,0.0,0.008966924,0.0,0.0009174272,0.0041527716,0.01797975,0.014562948,0.003923095,0.007829082,-0.0026959851,0.0023768584,0.002723742,0.0,0.010181623,0.0,0.0,0.0,0.011993449,0.0,0.013597249,0.0,-0.004777183,0.0,0.0010840073,0.0,0.0034976448,0.0,-0.000760197,0.0,-0.0046726367,0.0,-0.0031290324,-0.004882463,-0.008231752,-0.0069435565,-0.0044873375,-0.011069499,-0.00047785553,0.01051806,-0.006879772,0.005648448,0.008966858,0.008452426,-0.0005745745,-0.0049290713,0.011288508,0.00872823,0.008870217,0.013087933,0.0071741506,0.018398164,0.011274961,0.016518464,0.015422836,0.014832754,0.012867926,0.0,0.016896011,0.0,0.021419324,0.0,0.007297888,0.0,0.017314991,0.016501293,0.0050136023,0.0,0.0061973147,0.02026353,0.0,0.012830618,0.015372124,0.0072565335,0.0026822912,0.0136793265,0.001990669,0.0014222478,0.014475968,0.008488468,0.0153546,0.004319856,0.0143524045,0.009052566,0.0027624234,8.589041e-05,0.011653751,0.011043675,-0.0050648493,-0.0019014282,0.004083821,-0.0024368046,0.011548553,-0.0007929094,-0.007959542,0.0016923717,0.0012799463,0.010077917,-0.00030774684,0.002547019,-0.0034200654,-0.0011007054,-0.0045630513,0.00040504406
0.0,-0.0013343188,0.0,0.0,0.0,-0.010337119,0.0,0.0,0.0,0.0,-0.01784526,-0.024582995,-0.00693292,-0.009638795,0.0,0.0,0.0,0.0,0.0,0.0,0.0,-0.013632639,0.0,0.0,0.0,0.0,0.0,-0.018187946,0.0,0.0,0.0,0.0,0.0,-0.013224992,0.0,-0.01300335,0.0,-0.008270058,0.0,-0.0032035103,0.005754217,0.007326405,0.0,-0.0022453459,0.0,0.0004872424,0.00068687304,0.0015113903,-0.0014924529,0.0042531486,0.0,-0.009986013,0.0,0.002129605,0.0,0.0,0.0,-0.0038033905,0.0,0.004301216,0.0,-0.006451537,0.0,0.0,0.013619273,0.0025441025,0.0,0.0,-0.001475984,0.012457133,0.0,0.014166579,0.0,0.011530605,0.0,0.0,0.0,0.011201203,0.0,0.0,0.0,0.0,0.0,0.0025156853,0.0,0.0,0.0,0.0,0.0,0.011758555,0.0,0.011006716,0.0,0.0064652557,0.0,0.005627588,0.0,0.0,0.0,0.0,0.0,0.011626452,0.0065937764,0.006428112,0.0,0.0055934913,0.0,0.006604498,0.0,0.021695081,0.0,0.018335616,0.0,0.011182196,0.0,0.017247783,0.005177202,0.007836198,0.0,0.0071535017,0.0,0.0,0.0,0.0,0.00426928,0.001871543,0.005201025,0.0019280832,0.0,0.0,0.0,0.0044019185,0.0,0.0019507756,0.0,0.012942521,0.0,-0.009219265,0.0,0.0,0.0,0.0,0.0,0.0,0.0,-4.681967e-05,-0.00079936336,-0.0019409048,0.011273782,0.00073167717,-0.0012567372,0.0030013828,-0.0052420963,-0.0052813254,0.0,-0.00076253567,0.0,0.001655997,0.0,0.0,0.0,0.013103495,0.0,0.013521813,0.0,-0.0060107694,0.0,-0.014318782,0.0,-0.006147703,0.0,-0.0027750658,0.0,0.0,0.0021116384,-0.010369858,0.001598696,-0.0147042405,-0.0030289073,-0.016541522,0.015324778,0.00812575,-0.0011715423,-0.0066349283,0.0039792806,-0.0049933344,0.0006922338,-0.014529693,0.0,0.007616561,0.0031386383,0.005494083,0.0102188215,0.0040817633,0.0018025445,8.223162e-05,0.0051838853,0.003274707,0.0,0.010825785,0.0,0.007909563,0.0,0.013530715,0.0,0.012012864,0.0036604744,0.0062939962,0.0,0.0034460786,-0.011741128,0.0041248114,0.013526127,0.0,0.018287921,0.02376257,0.006776833,0.013505486,0.011936917,0.007128461,0.0060138186,-0.0032427784,0.015173659,0.011883531,0.004900341,0.01052299,0.004075643,0.013498843,0.0010237443,0.0027097636,0.0007933311,0.0019536612,0.0057109604,-3.8048256e-05,0.007987651,0.011308717,-0.012037034,0.014044837,0.0061997143,0.0045017195,0.014263326,0.008185886,0.006064919,-0.01046337,0.01535951,0.0049632844
0.0052270335,-0.00037554448,0.01686131,0.0,0.020387737,0.0,-0.0023005076,0.0,0.0047309212,0.005775186,0.0031032895,0.0036513887,0.026767246,0.018574463,0.0,0.0,0.0,0.0,0.0001402023,0.0,0.0,0.0,0.0,0.0,0.012287101,0.0,-0.0050083636,0.0,0.0029737013,0.0,0.007990131,0.0,0.0015421199,0.0,-0.0075401994,0.0,-0.007953722,0.0,-0.005954405,0.0,0.03315858,0.038890097,0.022009334,0.0,0.010303607,0.0,0.017353678,0.0,0.013295349,0.011201972,0.003094602,0.0,0.009281625,0.0,0.004095145,0.0,0.0054453434,0.0,0.011739354,0.0,0.0007007293,0.0,0.001962758,0.0,0.010175668,0.004987436,0.005324538,0.011399546,0.025105525,0.017868755,0.0,0.0,0.0028343922,0.0,0.0,0.0,0.008172889,0.0,-0.002145511,0.0,0.0,0.0,0.024413072,0.0,0.0,0.0,0.0,0.0,0.01881604,0.0,0.0074411253,0.0,0.01479362,0.0,0.016070021,0.0,0.005316624,0.0,0.0,0.0,0.0060584187,0.0,0.02856141,0.0,0.017835908,0.0,0.011793765,0.0,0.023800759,0.028328428,0.03346332,0.0,0.020671938,0.0,0.0096005555,0.0,0.016694432,0.017992353,0.018274687,-0.0015363678,0.0,0.0,0.0,0.0,0.005174207,0.0039797886,0.00043231953,0.0041239583,0.0,0.0,0.006779255,0.0,0.0,0.0,0.008947355,0.0,-0.007902321,0.0,0.0,0.0,-0.017486248,0.0,0.0,0.0,-0.0072094337,0.0,0.0013302704,-0.0021537358,0.007625212,-0.0037112238,-0.0034638257,0.0039432705,0.010228506,-0.0016526523,0.015033841,0.0,-0.0017662186,0.0,0.0,0.0,0.012890134,0.0,-0.0021576462,0.0,0.0044216863,0.0,-0.0099603385,0.0,0.0011759306,0.0,-0.002259005,0.0,-0.003628633,0.0,0.0029293103,-0.009837736,0.0052507254,0.017992057,0.010275612,-0.0061403806,0.0405736,0.035279524,0.002234222,-0.00023468712,0.0027344099,-0.0024902446,0.029679168,0.011602335,0.010972603,0.02100782,0.0026969223,0.00975075,0.0057465523,0.0076042796,0.009401441,0.01822991,0.012644083,0.011790484,0.018903105,0.0,0.012381797,0.0,0.017432073,0.0,0.020885495,0.0,0.01080598,0.0025721595,0.007166017,0.0,0.011995154,0.02090972,0.012394722,0.02128462,0.0,0.054347146,0.02719734,0.030190941,0.011336566,0.009182459,0.01451684,0.010760066,0.025066964,0.018775249,0.019242115,0.0054286113,0.012634174,0.011988061,0.005706639,0.0072948704,0.003044897,0.0005380189,0.0035734489,-0.004173946,0.00858682,-0.00039425885,0.0137809245,0.0037316328,0.00013971147,0.008527161,0.023209797,0.009576445,0.007444374,0.0030779464,-0.0006369984,-0.008405908
0.011677837,0.005338243,0.0,0.01770237,0.0,0.0041364892,0.0,0.003131593,0.010654535,0.0077567147,0.0068459916,0.0064648455,0.017836865,0.013788869,0.0,0.0,0.0,0.0,0.0,-0.004914572,0.0,0.008124334,0.0,0.0,0.0,0.007663092,0.0,0.00065441,0.0,0.0,0.0,0.017877335,0.0,-0.001193879,0.0,-0.0061524212,0.0,0.005874862,0.0,0.0012001958,0.023306504,0.034124322,0.0,0.0073784753,0.0,0.0060798437,0.0,0.009264247,0.014495048,-0.00087673124,0.0,0.0014191046,0.0,0.009977907,0.0,0.005721315,0.0,0.011831378,0.0,0.011041641,0.0,0.008426901,0.0,0.009981043,0.013657668,0.009943231,0.013959206,0.009328469,0.0,0.017359827,0.0,0.0,0.0,-0.0036099553,0.0,0.0,0.0,0.0067596766,0.0,0.0,0.0,-0.002018271,0.0,0.02141179,0.0,0.0,0.0,0.0,0.0,-0.0036493782,0.0,0.011634376,0.0,0.0019575804,0.0,0.0035043014,0.0,0.009277457,0.0,0.0049774568,0.0,0.0048769224,0.00047133426,0.014567865,0.0,0.018178746,0.0,0.019281847,0.0,0.023757925,0.0,0.013840879,0.0,0.023095405,0.0,-0.0012060592,0.0,0.008125772,0.0,0.008140575,0.0,0.0,0.0,0.0,0.0,0.008419066,0.0,0.0072616986,0.0,0.0,0.0,0.00885827,0.0,0.0056922375,0.0,0.006964572,0.0,-0.0021805896,0.0,0.0,0.0,0.0,0.0,0.0,0.0,-0.0011342012,0.0044254665,0.0058620935,0.011826006,-0.00083108037,0.008196002,0.008235298,0.013877114,0.0068763206,0.0,0.0066085104,0.0,0.0023395983,0.0,0.010378473,0.0,0.008215383,0.0,0.0,0.0,-0.00473827,0.0,-0.004148385,0.0,-0.0058347424,0.0,0.00017662243,0.0,0.0,0.0066358005,0.004928061,0.010954828,0.026656825,0.0022016186,-0.0024378176,0.03511587,0.030912869,0.009954321,0.008988818,0.016397698,0.00899196,0.024070887,0.012269969,0.0,0.017450007,0.0011368564,0.0031484857,0.0,0.004249966,0.0,0.014118575,0.009738711,0.011255702,0.0,0.011715748,0.0,0.0,0.0,0.008020625,0.0,0.017040698,0.0065434035,-0.0014235898,0.0,0.009615523,0.023379384,0.018838905,0.0021889536,0.015243184,0.02618655,0.0,0.020192785,0.020796442,0.011366229,0.012596493,0.011811804,-0.0026213303,0.018847298,0.010117258,0.0,0.0027156284,0.010247767,0.009238992,0.0066840383,0.010092784,-0.0011604448,0.011424002,-0.007871471,0.00406522,0.002643943,-0.004472132,0.013389944,0.011682076,0.0043617664,0.010395271,0.012808726,0.01134795,0.009307657,0.0141285695,-0.0055272,0.0061765555
0.018943513,0.0063286703,0.0,0.0,0.014618587,0.0,0.0,0.0,0.0077666515,0.0,0.019633979,0.014204902,0.025283337,0.015517267,0.0,0.0,0.0,0.0,0.016117051,0.0,0.0,0.0,0.0,0.0,0.0,0.0,0.015352192,0.0,0.0,0.0,0.00834189,0.0,0.0054337624,0.0,0.004960095,0.0,0.007286026,0.0,0.007798883,0.0,0.019420186,0.02614541,0.020814827,0.0,-0.0019730232,0.0,-0.00058591133,0.0039808396,0.002734349,-0.007542694,0.014603953,0.0,0.013699688,0.0,0.0,0.0,0.018069476,0.0,0.018815462,0.0,0.019481026,0.0,0.0,0.0,0.019492406,0.024794955,0.015555897,0.01910353,0.006026769,0.0043475353,-0.011230297,0.0,-0.0073877606,0.0,0.0,-0.002861067,0.0021821854,0.0,-0.008428294,0.0,0.018704303,0.0042222016,0.027141333,0.0,0.012986235,0.0,0.0,0.0,0.0021983187,-0.0031897828,0.0025743954,0.002850588,-0.0059239226,-0.0087134335,0.00639176,0.0,0.0042486703,0.0,0.012972915,0.009390637,-0.016050985,0.0,-0.0044746203,-0.010285994,0.00079887727,-0.0027448798,-0.00064310106,0.00501169,0.006068299,0.009188724,0.013508857,-0.0032684868,0.013195547,0.007351496,-0.007162641,0.0023194063,0.014132367,0.012168074,0.01398873,-0.0028285508,0.0,0.0,0.0,0.0,0.007832706,0.012545019,0.007126029,0.002115934,0.0,0.0,0.0,0.018057803,-0.00048360383,0.0,0.019560682,0.0,0.009970033,0.007086324,0.0,0.0,0.0,0.0032670416,0.029603574,0.0,0.0,0.0,-0.0019607244,-0.0005465655,0.008179651,0.0056061917,0.02265256,0.016480332,0.021817101,0.014944526,0.005533163,0.0,0.0,0.0,0.0,0.0,0.016888501,0.0,0.0,0.0,0.019746928,0.0054333177,0.018032955,0.0,0.013963666,0.0,0.017737662,0.0,0.003558082,0.0,0.029744864,0.017370403,0.025052212,0.031305384,0.023825949,0.009869112,0.04160284,0.035076894,0.014502307,0.01784186,0.019912325,0.013985248,0.022175342,0.026474109,-0.004813261,-0.0002759189,0.0026669088,0.003166935,-0.011810899,-0.003472893,0.00026712677,-0.0030549266,0.010896085,0.011871207,-0.0017294356,0.0,0.001234927,0.0,-0.008305888,-0.013165871,0.0012373574,-0.0032556846,-0.0018972458,-0.005484519,0.01190656,0.001051377,0.009410363,0.01220878,0.0042773494,0.012234495,0.029791517,0.020307632,0.0,0.020714497,-0.0021580853,0.012404133,0.016782535,0.01883177,0.014890824,0.009738979,0.022924408,0.017682007,0.01781644,0.02139157,0.014051413,0.022433234,0.0059427586,0.019454109,-5.1608153e-05,0.0077790422,0.013123897,0.010044988,0.028741335,0.026453534,0.009003253,0.022482233,0.031924147,0.02918782,0.010516406,0.017514313,-0.00068288366,0.016169215
0.01571721,0.017561171,0.0,0.0,0.0,-0.0054078996,0.0,0.0,0.01487935,0.010538885,-0.0027679724,0.012247768,0.009460142,0.011030849,0.0,0.0,0.0,0.0,0.0,-0.004476819,0.0,0.009922081,0.0,0.0,0.0,0.0,0.0,0.005654113,0.0,0.0,0.0,0.008882348,0.0,0.013166273,0.0,-0.0027164835,0.0,0.005073279,0.0,0.00907106,0.012073203,0.01905652,0.0,0.010389841,0.0,0.008251256,0.0,0.0047645797,0.0127086295,0.0117525635,0.0,0.010677366,0.0,0.011030199,0.0,0.0,0.0,0.007817147,0.0,0.021025652,0.0,0.0039486927,0.0,0.013086592,0.011608623,0.013693702,0.015677873,0.015039764,0.0024631398,0.009921791,0.0,0.000663666,0.0,0.0027278329,0.0,0.001820823,-0.005616863,0.016233807,0.0,0.0,0.0,0.007736332,0.0,0.017626751,0.0,0.00806904,0.0,-0.0026141438,0.0,0.019882951,0.009881966,0.015491113,0.0,0.009731136,0.0,0.015462804,0.0013241862,0.010997348,0.0,0.022200642,0.0,0.015732232,0.008898384,0.007187277,0.0029492304,0.0063119396,0.008421323,0.0070433775,0.012664865,0.019827731,0.018891266,0.014536559,0.018836638,0.00967192,0.0049658683,0.016657548,0.016566388,0.021808209,0.008314293,-0.014903429,0.0,0.0,0.0,0.0,0.007999946,0.009385954,0.010892428,0.010755345,0.0,0.0,0.010407917,0.009170507,0.0017394339,0.0054501994,0.018003553,0.008578606,0.012464871,0.006311121,0.0,0.0,0.0,0.0,0.0,0.0,0.0,0.0,0.0017714928,0.007047954,0.0011613481,0.0025453132,0.011336658,0.008559593,0.007831004,0.00200143,0.0,0.0069288122,0.0,0.0,0.0,0.0,0.0,0.0037667253,0.0,0.0,0.009746779,0.0010077923,0.0,-0.0025253028,0.0,0.01293411,0.0,0.0,0.0,0.0,0.0123549,0.012246487,0.01669305,0.019085443,0.015855802,0.0024365052,0.030339843,0.028625065,0.0011780603,0.0037803694,0.0072737476,0.010283839,0.016046476,0.022455763,-0.00063474214,0.003956638,-0.006917334,-0.008936797,-0.0076333205,-0.0034192512,-0.012361529,-0.00974291,-6.45948e-05,0.005480497,0.0,0.0046947035,0.0,-0.0005649001,0.0,0.006893761,0.0016986146,0.008682044,-0.0023289167,-0.0037459775,0.012466907,0.006771687,0.005665592,0.012159829,0.0016957882,-0.0019400405,0.026429523,0.02762394,0.01648809,0.0,0.015688187,0.01967605,0.01775377,0.014221188,0.023453683,0.008555748,0.026139794,0.024865298,0.02078112,0.027460167,0.015842512,0.007841496,-0.0077560986,0.009981719,-0.004319275,-0.0035725317,0.009387859,-0.0077739684,0.021814514,0.015027091,0.0057340497,0.014460391,0.0305368,0.0256862,-0.0021528446,0.0069070286,0.0031922807,-0.0028573982
-0.007560508,-0.0065625864,0.0,0.0,-0.020194583,-0.02588578,-0.010182569,0.0,-0.0014340153,-0.0074663633,-0.017903594,-0.012765431,-0.020369276,-0.016377712,0.0,0.0,0.0002719211,0.0,-0.004477117,-0.011381559,-0.011703079,0.0,-0.016676253,0.0,0.0,0.0,-0.012288434,-0.0076239756,0.0,0.0,-0.0036905964,0.0,-0.0101415645,0.0,-0.019072961,0.0,-0.0032549787,0.0,0.0012820172,0.0,0.0002519892,-0.014455974,-0.017778419,-0.029905366,0.00241241,-0.008782112,0.011260949,0.011809372,-0.0070266104,-0.011496842,-0.011111973,-0.019353181,-0.0059196507,0.0,-0.011770339,0.0,-0.01549133,0.0,-0.007668234,0.0,-0.018138956,0.0,-0.00019544558,0.0,-0.015396943,-0.016742367,-0.008918638,-0.017839307,-0.008961914,-0.0058430047,-0.0074121016,0.0,-0.0072123613,0.0,0.0,0.0,-0.0013547607,0.0016963023,0.009390315,0.0,0.0,0.0,-0.01123516,0.0,0.0,0.0,0.0,0.0,-0.0052871825,0.0,-0.005676625,0.0,-0.015318654,-0.014163052,-0.011759468,0.0,-0.018415328,0.0,0.0,0.0,0.0,0.0,-0.01098443,-0.01633828,-0.014067047,0.0,-0.011238381,0.0,-0.013701614,-0.010229831,-0.0056397193,0.0,-0.003426318,0.0,-0.00040699667,0.0,-0.0008124674,0.0,-0.012086057,-0.007652541,0.0,0.0,0.0,0.0,-0.016529331,-0.017997244,-0.004968119,-0.0057536424,0.0,0.0,-0.016769936,0.0,-0.014393423,0.0,-0.0035644975,0.0,0.0,0.0,-0.012618243,0.0,0.0,0.0,0.0,0.0,-0.0076407273,0.0,-0.0106956195,-0.0063976767,-0.014017826,-0.012460474,-0.008156995,-0.0024798526,-0.018145984,-0.009971512,-0.013410443,0.0,-0.012220534,0.0,0.0,0.0,-0.019557659,0.0,0.0,0.0,-0.021010783,-0.018552905,-0.01883129,0.0,-0.012043504,0.0,-0.018543918,0.0,-0.022734787,0.0,-0.01638915,-0.013635933,-0.010802511,-0.022901902,-0.01595351,-0.014770729,-0.005278397,-0.0062174285,-0.01234286,-0.009690654,-0.017542096,-0.021504056,-0.018963287,-0.022339283,-0.01400197,-0.008841058,-0.0031943268,-0.011533974,0.0033889264,-0.009650177,-0.016745776,-0.017057354,-0.0029360566,-0.004921515,-0.009543188,0.0,-0.017264998,0.0,-0.0035596136,0.0,-0.00809503,0.0,-0.012964621,-0.008455174,-0.011858079,0.0,0.00961522,-0.0018907207,-0.0069455286,0.007532513,-0.007820208,-0.02096076,-0.01494227,-0.0067398413,0.0,0.012930154,-0.004856716,-0.0092955865,0.006146385,0.0015404265,-0.015334966,-0.013408656,0.0069064857,0.023072895,-0.024004402,-0.0216062,-0.014856492,-0.021806726,-0.012675908,-0.01953093,-0.02214128,-0.020115934,0.010581937,0.0009300232,-0.026107155,-0.024450647,-0.0044358755,-0.008740818,-0.009098272,0.006577746,-0.017906869,-0.026913641
0.003462641,0.018228542,0.0,0.0,-0.021424077,-0.018876271,0.0,0.018908065,0.009412085,0.0018216064,-0.011286129,0.008170713,-0.010836337,-0.012270067,0.0,0.0,0.0,0.0,0.0,0.015219623,0.0,0.0063239266,0.0,0.0,0.0,0.0,-0.003346296,0.008762254,0.0,0.0,0.0,-0.024471054,0.0,-0.0025252865,-0.012930217,-0.007438847,0.0,0.021153385,0.0,-0.004454186,-0.009341591,-0.010955298,-0.019244969,-0.029464733,-0.0029852553,-0.00755309,-0.0066899187,-0.008516736,-0.012528144,-0.013954156,-0.0076762205,-0.0045360117,0.0,0.005459738,0.0,0.0,0.0,0.0026936384,0.0,0.0004966348,0.0,-7.7192366e-05,0.0,0.00445781,0.0010406822,0.00044791415,0.0030944732,0.004275807,-0.0129255345,-0.014926479,0.0,-0.004700434,0.0,-0.007087837,0.0,0.0,-0.0055712145,-0.004071261,0.0,0.0,0.0,-0.0070529087,0.0,-0.026800096,0.0,0.0,0.0,-0.006622994,0.0,-0.006564698,0.0,0.001290135,-0.014100235,-0.014158249,0.0,-0.012345674,0.0,-0.0012220801,0.0,0.0033430858,0.0,-0.0052312897,-0.012586674,-0.011722158,-0.007062816,-0.008260761,0.0,-0.010943464,-0.018884921,-0.013457317,0.0,-0.01024864,0.0,-0.0061087157,0.0,-0.00096041255,-0.006923314,-0.0034509404,-0.005639942,0.005724568,0.0,0.0,0.0,0.0,-0.0035918714,-0.00012381477,0.008049703,0.006885198,0.0,0.0,0.0017783045,-0.0038295544,0.0,-0.0046223137,0.0,0.0,0.0,0.011005988,0.0,0.0,0.0,0.0058987327,0.0,0.0,0.0,-0.007252266,0.0016709175,0.009275439,-0.007854148,0.013612108,0.014087707,0.014911754,-0.0022364638,0.010205577,0.0,0.0073687495,0.0,-0.0036297778,0.0,0.0,-0.0012976329,0.012142298,0.0,-0.012809398,-0.0034459718,0.008961378,0.0,0.019535726,0.0,-0.011926489,0.0,-0.0071001197,0.0,0.0046959566,0.01059404,0.008940066,0.002519491,0.0035726198,0.005338607,0.022819577,0.0018871117,0.00676672,0.009469921,-0.0065157814,-0.0024886846,0.0022824754,-0.00460748,0.008947158,0.0007792245,0.00069670007,0.010513579,0.0064619714,0.009076204,0.00044331685,0.00010674226,-0.0051354235,0.003995874,0.0019097617,0.0,-0.00087666593,0.0,-0.010632664,0.0,-0.002094977,0.0,0.002044213,0.0018039763,-0.00080887007,0.0074857897,0.0056471815,0.002573286,-0.004528981,-0.014567021,0.00993206,-0.00813643,-0.017827688,-0.011856828,-0.0018353609,0.037544932,0.0,0.011152088,0.0075255153,-0.00026377643,0.011620235,0.023030536,0.022630036,0.032767408,0.04822859,-0.008137347,0.0034357521,0.0140121,0.010330591,-0.0017977954,0.0024951478,-0.0023157895,-0.0023026003,0.025660433,0.0063814083,-0.008994145,-0.0038829325,0.0007212769,0.003424317,0.02121097,0.032934714,-0.0027797143,-0.0017434498
0.019175025,0.032361485,-0.009620653,0.0,-0.007109933,0.0,0.029174175,0.0,0.040629923,0.028684327,-0.015656434,-0.0015318432,-0.011204274,-0.011429734,0.025359785,0.0,0.017412642,0.0,0.01295887,0.0,0.028693546,0.0,0.021234361,0.0,0.024961157,0.0,-0.00256295,0.0,0.025343455,0.0,0.028662128,0.0,0.00856567,0.0,0.0036853417,0.0,0.030085716,0.0,0.03625633,0.0,-0.0016227842,0.0,-0.005027832,0.0,0.009322151,0.0,0.00027196703,0.0,0.0064507,0.007154186,0.005545778,0.0,0.026001155,0.0,0.029612284,0.032861486,0.02372625,0.0,0.043245867,0.017669374,0.019359257,0.0,0.03359031,0.0,0.008697518,0.005539231,0.034371816,0.011693582,0.010175715,0.0,0.014474647,0.0,0.012530811,0.0,0.0,0.0,-0.0009215356,0.0,0.0050832843,0.0,0.0,0.0,-0.007300162,0.0,0.0,0.0,-0.013890174,0.0,0.0,0.0,0.017003223,0.0,0.012728177,0.0,0.0,0.0,0.0010785317,0.0,0.0,0.0,0.0,0.0,0.012662301,0.0,-0.00039889084,0.0,0.0070254426,0.0,0.0069395327,0.0,0.01031278,0.0,0.008657732,0.0,0.005805968,0.0,0.013722986,0.0,0.012385018,0.0,0.0,0.0,0.0,0.0,0.018946433,0.0,0.0145513,0.0051060608,0.014316868,0.0,0.028836902,0.0,0.004184869,0.0,0.014241148,0.0,0.015656875,0.0,0.024773251,0.0,0.009241715,0.0,-0.009548341,0.0,0.019163897,0.0,0.019437432,0.017909728,0.022118485,0.016751306,0.0011725901,0.009333955,-0.0043021794,0.0067538833,0.02369073,0.0,0.0132547375,0.0,0.009156816,0.0,0.018004948,0.01951983,0.014813315,0.0,0.002179308,0.0,0.030110057,0.0,0.015353769,0.0,0.0075221807,0.0,0.020820407,0.0,0.0011324215,-0.0052225133,0.018389255,-0.0065238224,0.0045763208,0.0,0.0012848418,-0.0049439156,0.020277657,0.019705772,0.007821561,0.0049471124,-0.0038115885,0.0,-0.0013958334,0.0,0.005170173,0.0,0.011417032,0.0,0.0007743169,0.0,0.0039704395,0.0,-0.0021437083,0.0,0.0017962069,0.0,-0.0026403542,0.0,0.0014892737,0.0,0.0052240985,0.0,0.013061696,0.0,-0.0017937656,-0.0064865644,0.0025192061,0.016915638,-0.000115071874,0.010443322,-0.0013953476,0.0038196994,0.01715984,0.040573623,0.0,0.03990061,0.015012091,0.025908781,0.039784197,0.052989025,0.03928914,0.041184988,0.027604576,0.03425483,0.033096857,0.029424762,0.020459643,0.007117395,-0.0012764559,0.0040094163,0.027066397,0.01958684,0.019965895,0.014910911,0.018104907,0.016324505,0.026462385,0.021939257,0.0248228,0.014383466
0.008027359,0.03346753,0.0,0.009382403,-0.009689821,-0.0060859197,0.017893532,0.030828867,0.02819163,0.051814128,-0.010099891,-0.007067758,-0.0015826188,-0.005116531,0.0,0.030266248,0.0,-6.954241e-05,0.0,0.004538467,0.0,0.02113894,0.0,0.006473147,0.0,0.0023779625,0.0,-0.0037112876,0.0,0.015746417,0.0,0.019068208,0.0,0.01392072,0.0,0.008429518,0.0,0.021356814,0.0,0.040265385,0.0,0.0014445595,0.0,0.0075806417,0.0,0.014731851,0.0,-0.0028889005,0.0,0.008416483,0.0,0.011537613,0.0,0.025229245,0.037999917,0.03964628,0.0,0.03370873,0.03803411,0.022128178,0.0,0.029666143,0.0,0.03651727,0.020874016,0.028729081,0.030488601,0.023661291,0.0,0.0077702273,0.0,0.014930902,0.0,0.016037399,0.0,0.0,0.0,0.004939764,0.0,0.0,0.0,-0.010696132,0.0,-0.0025964056,0.0,0.0,0.0,0.0,0.0,0.005482299,0.0,0.0,0.0,0.015548587,0.0,0.0,0.0,0.018249642,0.0,0.0,0.0,0.0,0.0,0.017893638,0.0,0.014169927,0.0,0.019049844,0.0,0.01672077,0.0,0.015836317,0.0,0.016761005,0.0,0.011633967,0.0,0.014214501,0.0,0.010840353,0.0,0.0,0.0,0.0,0.0,0.03396207,0.0,0.015476557,0.0,0.03538659,0.0,0.023962183,0.0,0.029283099,0.0,0.014310549,0.0,0.0011620553,0.0,0.030915901,0.0,0.013276495,0.0,0.0,0.0,0.034774646,0.025404776,0.015604897,0.020909613,0.027202848,0.0,0.011049428,0.00013553031,0.0013337603,0.0,0.026720125,0.0,0.027937619,0.0,0.02938341,0.0,0.0259517,0.0,0.023143135,0.0,0.007953094,0.0,0.03288849,0.0,0.022777785,0.0,0.02075311,0.0,0.03646109,0.0015953569,-0.00013383401,0.006598473,0.011544356,0.008495619,0.019641494,0.0068104197,0.0047341483,0.023986097,0.042623777,0.01713443,0.025185905,0.00646645,0.0058673485,0.0,0.010330457,0.0,0.009209483,0.0,0.015873319,0.0,0.0130611425,0.0,0.006436432,0.0,0.0,0.0,0.022116043,0.0,0.011653595,0.0,0.0,0.0,0.014434353,0.0,0.011282158,0.0,0.0030472649,-0.007911987,0.012174874,0.006251718,0.016012741,0.014146768,0.016049761,0.011947557,0.04765642,0.038402423,0.0,0.023206959,0.031414103,0.043752305,0.060017016,0.03964224,0.042974472,0.044895165,0.048348483,0.038080856,0.034216184,0.0147575345,0.02631705,0.016502645,0.019267494,0.028280916,0.016089989,0.021822764,0.021084772,0.012812769,0.021919882,0.026144031,0.024707194,0.025028534,0.028898558
0.014006246,0.015068464,0.0,0.0,-6.2280487e-06,0.0,0.008212786,0.0,0.011275012,0.0042033154,0.0071229446,0.012183465,0.017578164,0.014357881,0.0071248417,0.0,0.0,0.0,0.011264243,0.0,0.012463981,0.0,0.0,0.0,0.004101302,0.0,0.01852238,0.012878885,0.0,0.0,0.010890392,0.0,0.009602147,0.0,0.0113433115,0.0,0.019351395,0.0,0.009388459,0.0,0.021822756,0.019148666,0.016979618,0.0048225117,0.020483093,0.004630779,0.0123214815,0.011493993,0.014007827,0.006577044,0.022061903,0.0,0.006866701,0.0,0.000633795,0.0,0.0010060148,0.0,0.0054844464,0.011866676,0.00906508,0.0,0.0068363138,0.0,0.0061931233,0.0066113304,0.0006837191,0.0009975255,0.01395393,0.010869255,0.015306313,0.0,0.013249179,0.0,0.0,0.0,-0.0044788914,-0.011548477,-0.002980954,0.0,0.006799582,0.0,0.009008406,0.0055124904,-0.004372,0.0,-0.0026131254,0.0,0.0016090621,0.0004941438,0.00765335,0.00050522847,0.007573116,0.0020572098,0.0034412039,-0.0011014092,0.0026054059,0.0,0.0,0.0,0.01034724,0.0,0.018007325,0.0061994866,-0.00023949712,-0.0002918892,0.0031925507,0.0021871165,0.0068843295,-0.009582465,0.014284934,-0.002794597,0.017243007,0.008697929,0.008541689,-0.010609851,-0.001508432,-0.0062121204,0.007380619,0.009870414,0.0,0.0,0.0,0.0,-0.0020740358,0.00072913984,-0.0017807693,-0.0033386191,0.0,0.0,-0.0016214834,0.008047433,-0.0047578947,0.0007220221,0.0067939446,0.0,0.006223699,-0.0015066969,0.0,0.0,0.00285505,0.0,0.002798919,0.0,0.004765845,0.0,-0.003054383,-0.0034851802,0.0002581587,-0.00044710192,0.006367544,0.0048161973,0.006395226,-0.0011078686,0.0027467865,0.0,0.006983673,0.0,0.0,0.0,0.008292622,0.00382087,0.013818696,0.0,0.016900428,0.02845459,0.016700717,0.0,0.012797699,0.010341944,-0.0015224529,0.0,0.011547851,0.0,0.010909271,0.012773721,0.028476354,-0.005233223,0.022042304,0.02000701,0.013707811,0.010805956,0.016985232,0.011037566,0.007959763,0.008495987,0.016923636,0.017047988,0.004228943,0.005517242,0.00705983,0.0067583253,0.008231364,0.00045304673,0.0036339455,0.0029547694,0.009128926,0.009804474,-0.0012242978,0.0,-0.0036532788,0.0,0.0013569351,0.0024350015,0.0020561437,0.0024762803,-0.0064357435,-0.0061830212,-0.006580223,-0.004519971,-0.0001425841,-0.0028859584,0.0049906396,0.0073337783,0.0086684795,0.011222063,0.008337618,-0.0010345525,0.020698462,0.028601397,0.018351045,0.013428988,0.0,0.020024652,0.015222135,0.019614475,0.011094292,0.014299326,0.009900712,0.010612334,0.025579372,0.02575987,0.011837684,0.0072057284,-0.0047522243,-0.003798103,0.016560998,0.008050855,0.0116873495,0.018634658,0.013780635,0.026029207,0.020288093,0.012373971,0.005116141,0.018490614
0.0024247665,0.013867964,0.0,0.0,0.0,-0.012915615,0.0,0.0046259244,0.012589441,0.011687456,-0.00176265,0.00668398,0.00023062338,0.0032582076,0.0,0.0,0.0,0.0,0.0,0.0013685125,0.0,-0.0021688403,0.0,-0.0012147954,0.0,0.0,0.010666181,0.011134104,0.0,0.0,0.0,-0.013550902,0.0,-0.0016214069,0.0,-0.0036246788,0.0,0.02793122,0.0,0.003494426,0.0122392615,0.0038521078,0.0036891454,-0.012266606,0.011639414,-0.0064478233,0.012990264,0.013695604,0.0010362874,-0.0040167724,0.0056166803,-0.0068521015,0.0,0.0081048515,0.0,0.0,0.0,0.009841095,0.0059557776,0.0017848996,0.0,0.008709433,0.0,0.010206979,0.015927901,0.0093938615,0.006138101,0.005907834,0.0021053543,0.012329069,0.0,0.0077599543,0.0,0.006131497,0.0,0.010125132,-0.0032880725,-0.00015815413,0.0,0.0,0.0,-0.0018564491,-0.0048861746,-0.0035059885,0.0,-0.023532443,0.0,0.000677995,0.0,-0.015183454,0.014759367,-0.011323427,-0.016262209,-0.014596542,0.0,-0.02494235,0.0,-0.012148969,0.0,-0.003617545,0.0,-0.012944616,-0.0070382366,-0.010559988,0.0009090058,-0.0015750085,0.00444254,-0.0031329573,-0.015364198,-0.011756693,0.009141057,-0.012233197,0.0010651983,-0.003794258,0.0022902938,-0.010547173,0.0001318016,-0.012883624,0.0011626479,0.015129661,0.0,0.0,0.0,0.0,0.008387781,0.0003018557,0.0062620407,0.0011440943,0.0,0.0,0.0018305264,0.0040191626,0.0,0.0041311784,0.0,-0.014636658,0.0,-0.0026825871,0.0,0.0,0.0,-0.001326358,0.0,0.0,0.0,0.0037424313,0.006511772,0.004833786,0.0043730033,0.0032392943,0.003594375,0.007273243,-0.0015755582,0.0023477934,0.0,0.005480556,0.0,0.006480338,0.0,0.0,-0.006998339,0.00023761112,0.0,0.0039193574,0.0031852992,0.0064130216,0.0,0.019951526,-0.003922105,-0.0036670838,0.0,0.0018598693,0.0,0.008440493,0.0019556086,0.004661427,0.012798174,-0.0032282388,0.0012451538,0.005498411,0.0033678033,-0.00014082981,0.013502617,0.0060980767,0.0010714983,-0.0020719608,0.002648848,-0.0016157058,0.004683651,0.0021369995,0.0016193072,0.0072580134,-0.004460297,0.0040698247,0.004442196,0.007408688,0.0030911963,0.00826396,0.0,-0.011371622,0.0,-0.006907997,0.0,-0.014051525,0.0,-0.0056783725,-0.0044683614,-0.010606664,0.0021530078,-0.0070501403,0.004947863,0.007363478,0.006270404,0.008333497,-0.0010092662,0.012611327,-0.012566142,-0.01168419,0.016585732,0.02122707,0.014895059,0.010969752,-0.0007676057,0.0,0.0077390987,0.0106901815,0.006401031,0.015815252,0.007592507,0.004300886,0.018975783,0.016730485,0.0007057647,-0.00017249354,-0.0004891362,0.0030882081,-0.009763692,0.0057513127,0.0030375258,0.0076156883,-0.0013922715,0.0054227323,0.0069626104,0.008291084,0.008174393,0.011561368
0.023373194,0.0457023,0.0,0.0,-0.01070179,-0.0067844,0.024774348,0.0,0.034012932,0.0,-0.0040766993,0.012495468,-0.0017007448,-1.3388754e-05,0.036597632,0.0,0.004070998,0.0,0.013834016,0.022439808,0.026017038,0.0,0.0,0.0,0.0,0.0,0.0092989765,0.013064998,0.008900756,0.0,0.010629891,0.0,-0.0047527906,0.0,-0.0073653623,0.0,0.040906012,0.0,0.031452272,0.0,-0.0025896206,-0.0003831965,0.0060627684,0.0,0.009505771,0.0,-0.004388754,-0.01142225,-0.0067633614,-0.0028814105,0.010849251,0.0,0.017535305,0.0,0.022759411,0.0,0.02000314,0.0,0.027814448,0.0,0.031652834,0.0,0.0070499755,0.0,0.007793766,0.012292403,0.024048632,0.0,0.003525432,0.0,0.0035757716,0.0,0.006567009,0.0,-0.008126514,0.0,-0.01707224,0.0,-0.013332171,0.0,-0.0020580718,0.0,-0.008908523,0.0,-0.025457064,0.0,-0.016466472,0.0,0.0022584025,0.0,0.008182299,0.0,0.0022974887,0.0,-0.001959503,0.0,-0.026327826,0.0,0.012391922,0.0,0.0015657045,0.0,0.01760045,0.0,-0.0026630422,0.0,-0.005709787,0.0,0.0020106102,0.0,0.021031547,0.0,0.028032891,0.0,0.023991141,0.0,-0.0016354981,0.0,0.016704127,0.0,-0.015224625,0.0,0.0,0.0,0.01790241,0.012433492,0.01378105,0.005645906,0.0,0.0,0.017356897,0.014576242,-0.00042891386,0.0,0.011234652,0.0,0.011604937,0.0,0.022396058,0.0,0.0031757443,0.0,-0.00546934,0.0,0.0036042735,0.0,0.01977621,0.017423522,0.0069579403,0.012501267,0.0066032745,0.017654765,0.0026035178,0.00792318,0.015411377,0.0,0.007413232,0.0,0.020814488,0.0,0.010719352,0.0,0.016400302,0.0,0.022653894,0.0,0.037909135,0.0,0.01305852,0.0,0.015779033,0.0,0.029955495,0.0,0.0061532925,-0.0018884939,0.028749919,-0.0008393933,0.03197064,0.041155115,0.0056962613,0.0053677517,0.035281207,0.030042969,0.008801475,0.0144551955,0.0025025439,0.013899093,0.003568852,0.008350308,0.007819034,0.005079325,0.0036894628,-0.0028651427,0.0005935144,-0.001959283,0.0077202194,0.0023491553,-0.0060386257,0.0,-0.0050549447,0.0,-0.0057436177,0.0,9.3924864e-05,0.0,-0.008288887,-0.008440623,0.00779044,0.0,-0.0054504424,-0.008920033,-0.005499662,-0.0024409243,-0.00083550933,0.0,-0.016262786,-0.0056458563,0.023516236,0.067764446,0.058925305,0.051664714,0.018365944,0.03040276,0.0,0.07075233,0.04719632,0.053008273,0.032091685,0.03857125,0.04319314,0.03337501,0.022773776,0.010246232,0.011200448,0.013951738,0.03597046,0.020993294,0.02645351,0.02683232,0.020801213,0.028000338,0.038204595,0.018477554,0.02411578,0.03420681
0.013550929,0.040179368,0.0,0.0,-0.018204926,-0.008903112,0.0,0.03479096,0.030315168,0.043941952,-0.008380179,0.010432537,-0.0038487774,-0.0023820216,0.0,0.0,0.0,0.0,0.0,0.017108297,0.0,0.019882375,0.0,0.0,0.0,0.0,0.0071444297,0.003431871,0.0,0.0,0.0,-0.00721079,0.0,0.012742464,0.0,0.0098903645,0.0,0.039176233,0.0,0.026659917,-0.0040583303,-0.005368572,0.0,-0.002418871,0.0,-0.0008594956,0.0,-0.0098846685,-0.0021793565,-0.0030698718,0.0,0.015577994,0.0,0.020396933,0.0,0.027365187,0.0,0.03247957,0.0,0.026480263,0.0,0.01960169,0.0,0.024549974,0.009502597,0.020154594,0.02949875,0.021018902,0.0,0.00475673,0.0,0.0049148393,0.0,0.0065889996,0.0,0.008003376,0.0,-0.013937755,0.0,0.0,0.0,-0.00037629413,0.0,-0.014289532,0.0,0.0,0.0,-0.0026015576,0.0,-0.004810493,0.0,0.0044726836,0.0,-0.0020101792,0.0,-0.0042672907,0.0,0.011884017,0.0,0.005184522,0.0,0.0036864763,0.0,0.013902351,0.0,0.0014534056,0.0,0.009598584,0.0,-0.0027619202,0.0,-0.0039723516,0.0,0.004981353,0.0,0.0031590008,0.0,-0.005605032,0.0,0.006426367,0.0,0.0,0.0,0.0,0.028930727,0.02875261,0.015084476,0.010073095,0.0,0.030221095,0.0,0.022408845,0.0,0.022406938,0.0,0.0064730947,0.0,0.002307027,0.0,0.0,0.0,0.0,0.0,0.0,0.0,0.016847067,0.012874608,0.013299579,0.012472837,0.020771047,0.005397366,0.0069404826,-0.0026988604,0.0012093825,0.0,0.022713514,0.0,0.01570905,0.0,0.035191823,0.0,0.01517342,0.0,0.00912587,0.0,0.017797282,0.0,0.042856045,0.0,0.0067029046,0.0,0.019114768,0.0,0.04104232,0.006100285,0.0006904225,0.023486732,0.008775358,0.011258126,0.028756784,-0.001926526,0.0005912734,0.03382664,0.035513878,0.0,0.02446021,0.0071120146,0.013346274,0.0036188418,0.008071427,0.0010555304,0.0012045065,-0.003171123,-0.0013344416,0.0034939798,-0.0019911472,-0.003167807,-0.0048576295,0.0,-0.0018761102,0.0,0.0012528615,0.0,-0.0034688076,0.0,0.0054993085,-0.0039341464,-0.005947882,0.0,0.0020317347,0.0,-0.0048558684,-0.0007742398,0.0074329725,0.0012285772,0.0055765975,-0.0059368736,0.005531578,0.01974577,0.05711493,0.045145895,0.044024516,0.015416047,0.025316812,0.0440339,0.0,0.04304811,0.04800222,0.032008417,0.039396238,0.039482687,0.038918428,0.0073724226,0.0244396,0.016995547,0.017311165,0.028141033,0.022716973,0.018493386,0.020117922,0.015477473,0.026030399,0.0344168,0.032617424,0.021989107,0.028876463
0.016971093,0.00800195,-0.012203476,0.0050663226,0.0012426985,-0.0086102765,0.011662558,0.015545337,0.015755948,-0.008747158,0.0011254335,0.0006469655,-0.014509045,-0.00977045,0.010711352,0.0,0.015804356,0.0,0.016133433,0.0046069957,0.010219359,-0.003662657,0.005933141,0.000419241,0.016318949,0.009119467,-0.004253199,-0.0068260375,0.017640581,0.0,0.015168707,0.0,0.0011438519,0.0,0.0043393853,0.0,0.023495972,0.0,0.005930608,0.0,-0.010192027,-0.010879999,-0.00068145554,0.0,-0.017113501,0.0,-0.015661333,-0.02100457,-0.016060926,-0.010813241,0.015292362,0.0,-0.007893399,0.0,0.0017606259,0.0,-0.00041306784,0.0,0.0023944515,-0.0032492417,-0.005799678,0.0,0.010144989,0.0,-0.0074346266,-0.01578409,-0.0029655732,-0.014700659,-0.009864295,0.0,-0.001537277,0.0,0.00013206739,0.0,0.005176047,0.0,-0.011471378,0.0,0.005285126,0.0,-0.001658135,0.0,-0.008190548,0.0,-0.005060608,0.0,-0.004067895,0.0,-0.006340851,0.0,0.0048517273,0.0,-0.0026695298,0.0,-0.0113970265,0.0,-0.018807083,0.0,0.0020138137,0.0,0.0,0.0,0.0071087023,0.0,-0.008921753,0.0,-0.0048875418,0.0,-0.011714486,0.0,0.0071349805,0.0,0.018726902,0.0,0.008895115,0.0,-0.0060247877,0.0,0.00043922482,0.0,0.0,0.0,0.0,0.0,-0.004512801,-0.00677357,0.006730014,0.0010784138,0.0,0.0,-0.0059642373,-0.010943069,-0.001719862,0.0,0.009811001,0.0,0.0,0.0,0.0068676616,0.0,-0.0020977843,0.0,-0.0063673295,0.0,-0.0009091946,0.0,0.009316004,0.0074302135,-0.003430796,-0.009449078,-0.0016277183,0.0055015287,0.0005110952,0.003245148,-0.003294906,0.0,-0.014756014,0.0,-0.00877868,0.0,-0.009333083,-0.01210518,-0.0091136675,0.0,0.010549134,0.0,0.00631101,0.0,-0.014944078,0.0,-0.019054575,0.0,-0.0113062095,0.0,-0.008801911,-0.012798241,0.010407778,-0.01476662,0.008919938,0.0032732387,0.0049069603,0.008303184,-0.0045451703,-0.015302636,-0.012983912,-0.014703604,-0.009545016,-0.0052679726,0.00032127023,0.0,-0.00042611573,0.00021734116,0.008294748,-0.005282186,-0.0045377756,0.0,0.00066266477,-0.00088606,-0.012072533,0.0,-0.0041092127,0.0,-0.004254222,0.0,-1.7638591e-05,0.0,-0.007113884,0.0,0.0010721807,0.0,-0.01730978,-0.014749883,-0.0037809086,0.0052641816,-0.0113768075,-0.013972947,-0.011355478,-0.021314707,0.0110857915,0.021324405,0.0022225545,-0.0045648837,-0.00793138,-0.0034654068,-0.0032377345,0.0028833074,0.0,0.038757347,-0.015976049,-0.011387021,0.01647611,0.007482516,0.011590877,-0.014010507,0.0014688255,0.008787957,0.037478533,0.015123388,0.008508641,0.004100243,0.011726281,0.009286913,0.025363905,0.019692613,-0.009488233,0.0019539886
0.0050578886,0.00663397,-0.020830665,-0.005460099,-0.017828524,-0.025587836,0.0042572618,0.008572566,0.005298301,-0.012626615,-0.020396665,0.0018204647,-0.03714341,-0.030532228,-0.0102069685,-0.0066282456,0.014207966,0.018731175,-0.0028462831,-0.009578431,0.0065451115,-0.0012614429,-0.0065850187,0.0070541077,0.01286684,0.005221044,-0.015762614,-0.015203552,0.019535188,0.0051713637,0.016592043,-0.00790109,-0.0061639855,-0.007870124,-0.010553904,-0.0007508866,0.0,0.0038962397,0.0047186464,-0.017939178,-0.020600371,-0.02264849,0.0,-0.013380753,0.0,-0.012456273,-0.01494227,-0.013889471,-0.021248033,-0.010570324,0.0066896644,-0.0020839786,0.0,-0.023605842,0.0,0.011489384,0.0,-0.021642333,-0.00834618,-0.013181238,0.0,-0.029941432,0.010024138,0.0067904843,-0.024404638,-0.029399214,-0.016446687,-0.020892495,0.0,-0.026493732,0.0,-0.0136599615,0.0,-0.009692747,0.0,-0.01381539,-0.022970267,-0.016189903,0.0,-0.018402888,0.0,-0.0076928376,0.0,-0.029307975,0.0,-0.009760532,0.0,-0.016667947,0.0,-0.006328065,0.0,0.004887109,0.0,-0.0012834308,0.0,-0.01533846,0.0,-0.0015928928,0.0,0.00894755,0.0,-0.008148115,0.0013547692,-0.00187102,0.0,-0.0060958997,0.0,-0.011056455,0.0,-0.010988218,0.0,-0.004021629,0.0,-0.005126441,0.0,-0.008160442,0.0,-0.0053498936,0.0,-0.013087763,0.0,-0.010283826,0.0,-0.011046792,-0.0132796895,-0.017720098,0.007461664,-0.0007383645,0.0,-0.016632443,-0.019476593,-0.022871898,0.0,0.0,0.0,0.01080298,0.0,0.002442261,0.0,-0.002179956,-0.009445863,-0.009055872,0.0,-0.002563761,0.0,-0.025152545,-0.0035162685,0.0013057231,-0.01919587,-0.016738636,-0.019658573,-0.007900692,-0.020950077,-0.011575047,0.0,-0.015618238,0.0,-0.0280754,0.0,-0.020966852,-0.0123996,-0.014367881,0.0,-0.0161172,0.0041178726,-0.004790272,0.0,-0.009951496,0.0,-0.02219035,0.0,-0.026584039,0.0,-0.019382885,-0.023792693,-0.029969852,0.006808531,-0.02262187,-0.008573155,-0.01281108,-0.012784462,-0.012816957,-0.017925732,-0.030905733,-0.030131198,-0.035959512,-0.02601879,-0.016887981,0.0,0.004033546,-0.015418895,-0.013154982,0.0,-0.01656884,0.0,-0.019709894,-0.014330636,-0.00856024,0.0,0.0,0.0,0.0,0.0,0.00187124,0.0,0.005797254,0.0,-0.013453278,0.0,0.0028496126,-0.021843715,-0.012479017,-0.014338149,-0.001220862,-0.017912239,-0.013521362,-0.014970248,-0.016339896,0.014771025,0.02349588,0.003324413,-0.0075330236,0.00012937079,0.0073331306,-0.0020027063,-0.0023829646,0.035563562,0.0,-0.019544628,-0.022254119,0.01396443,8.0133905e-06,0.009276376,-0.01467465,-0.002581327,-0.008249468,0.033572465,0.024109572,0.0010298297,-0.0021941427,0.01690013,0.010820121,0.021606758,0.020378243,-0.014174807,-0.007460206
-0.002722955,0.005453573,0.0015568438,0.0,0.0043232893,0.006464309,0.005584665,0.0071189883,-0.002297076,0.025263011,0.0014630842,-0.005460736,0.0076185106,0.0038317768,0.009057557,0.0,-0.020850834,0.0,-0.0011423888,0.0,0.008259866,0.0,0.012978188,0.0,-0.004621369,0.0,-0.0033785168,-0.0053128963,-0.01815431,0.0,-0.002839902,0.0,-0.0123990495,0.0,-0.0056432583,0.0,-0.003441678,0.0,-0.0061351424,0.0,-0.0064732707,-0.0018717168,-0.0021095423,0.0,0.0049599432,0.0,-0.0036446264,-0.005067618,0.009359528,0.009401961,-0.007597189,0.0,0.017731488,0.0,0.018173743,0.004084597,0.02587011,0.0,0.02832019,0.017432503,0.0328682,0.0,-0.0059533417,0.0,0.01910655,0.02285519,0.024520377,0.022282794,0.00030731593,-0.00685309,0.010110018,0.0,0.011799716,0.0,-0.014415169,0.0,-0.0039205537,0.0,-0.009424357,0.0,-0.0042502414,0.0,-0.0024754982,0.0,-0.016500413,0.0,-0.006757917,0.0,-0.0033168863,0.0,-0.0026658655,0.0,0.0038940273,0.0,0.0118155265,0.0,-0.0056146383,0.0,0.0072959834,0.0,0.0,0.0,-0.0016121549,0.0,0.0055572456,0.0,-0.0061567146,0.0,0.0012569916,0.0,0.012906392,0.0,0.0029051667,0.0,-0.0015358431,0.0,0.011277865,0.0,0.008432623,0.0,-0.016151844,0.0,0.0025640526,0.0,0.032377835,0.017296955,0.00026280564,0.0024095702,0.010521663,0.0,0.03701092,0.020672213,0.015403681,0.0,-0.0071502845,0.0,-0.008060526,0.0,0.016857253,0.0,0.005476725,0.0,0.0066416864,0.0,0.016831076,0.0,0.011721412,0.0014203512,0.02213717,0.01841087,0.0008911974,-0.003984989,0.0017214089,-0.0031023372,0.024651153,0.0,0.022380043,0.0,0.02941809,0.0,0.018609673,0.0,0.029304512,0.0,0.010753448,0.0,0.01549935,0.0,0.026472175,0.0,0.02089687,0.0,0.018294223,0.0,0.004061465,-0.0030162472,0.0011520236,0.012260263,0.015167225,0.007667426,-0.0025416443,-0.0038927465,0.014354182,0.03070757,0.024021793,0.025021259,0.007648326,0.010169998,0.00026504035,0.0025999392,0.0040458185,-0.0043629534,0.0011867016,0.007644512,0.0010419143,0.0,-0.0012996891,-0.0026384674,0.0021561102,0.0,0.011670074,0.0,0.009594794,0.0,0.0005491977,0.0,0.008460344,0.009183427,0.0016789422,0.0,0.00815775,0.00027512186,0.00021997892,0.018295374,0.013884354,0.006099646,0.004384393,0.01539613,0.004328303,0.022656579,0.034539293,0.033417594,0.022982018,0.025470423,0.04718623,0.04654588,0.034815717,0.037198987,0.0,0.052164428,0.015369288,0.011740191,0.006210042,-0.0072708023,0.020036807,0.010872734,0.023430059,0.010731942,0.013564163,0.017747711,0.015415576,0.013553486,0.022255821,0.015151773,0.016782474,0.016277513
-0.012374153,-0.0062037352,0.0,-0.0046580993,-0.0024513921,-0.0013550535,0.0,-0.008021034,-0.0049109417,0.023257844,-0.005255132,-0.008250273,-0.0022606216,-0.00088596216,0.0,-0.0062067737,0.0,-0.0067038774,0.0,-0.008957203,0.0,-0.0008467988,0.0,-0.0116788875,0.0,-0.008889675,-0.013609025,-0.0067254063,0.0,0.004708559,0.0,0.012959275,0.0,-0.005513512,0.0,0.0017154997,0.0,-0.008208152,0.0,0.018425064,0.003067901,0.0074790567,0.0,0.008881585,0.0,0.005425539,-0.0004717458,0.00018496178,0.015404033,0.009340505,0.0,-0.0022413488,0.0,0.016441522,0.0,0.0023345936,0.0,0.030217126,0.0083500715,0.021938069,0.0,0.029572556,0.0,0.0101226475,0.017265396,0.023462161,0.011699605,0.030840728,0.0,0.010533967,0.0,0.008317689,0.0,0.0076026213,0.0,0.0037171657,0.0,-0.011252465,0.0,-0.001886743,0.0,0.0007886476,0.0,0.0017618426,0.0,0.004964118,0.0,-0.008284599,0.0,0.010133555,0.0,0.0031103508,0.0,0.007946239,0.0,0.002738364,0.0,0.0064577805,0.0,0.0028470277,0.0,0.0,0.008932491,0.01588298,0.0,0.00937213,0.0045125517,0.014631807,0.0,0.008535644,0.0,0.015074902,0.0,0.0078069316,0.0,-0.0045747934,0.0,0.0053166607,0.0,0.012313047,0.0,-0.0069437376,0.0,0.0033031532,0.019025225,0.026351726,-0.0049406756,0.0019026161,0.0,0.030165136,0.016570466,0.030628268,0.0,0.016579792,0.0,-0.0012994886,0.0,-0.007998534,0.0,0.007393068,0.0,-0.0011077913,0.0,-0.0023947877,0.0,0.021573478,0.0024181288,-0.0023607793,0.019332191,0.013690436,-0.001989348,-0.0020002194,-0.0036852236,-0.005731705,0.0,0.02323887,0.0,0.023665208,0.0,0.027070673,0.018089358,0.022742352,0.0,0.018939774,0.0,-0.0068178712,0.0,0.0042625046,0.0,0.007451293,0.0,0.022869818,0.0,0.016907774,0.0006752745,0.0005337854,0.0030469014,-0.0021745828,-0.0047490457,-0.0047191516,0.003949508,0.0015081579,0.01992562,0.024882017,0.020391054,0.0077735367,0.0054725492,-0.004740453,0.003316,0.0071613705,0.009542895,0.005313179,0.0093300985,0.015350692,0.010762536,0.010302142,0.008142323,0.00383698,0.0,0.012096586,0.0,0.011391899,0.0,0.007935448,0.0,0.005117157,0.0055488334,0.006888432,0.0,0.00047686533,0.0,0.005703048,0.014588095,0.018048206,0.015370786,0.0148759335,0.0038243595,0.011186299,0.0074821543,0.018782003,0.019437058,0.023436802,0.013686907,0.01069263,0.026681907,0.034365393,0.022586323,0.025076915,0.042413235,0.0,0.020830104,0.0149635095,0.0,-0.0004391562,0.0013209236,0.020942671,0.016858594,0.0101183355,0.006206384,0.008208947,0.008139394,0.013546898,0.019757584,0.023125408,0.0011541863,0.01691248
0.007350139,0.0014634272,0.004958472,0.0,0.0037231764,-0.0012204365,0.0016071941,0.0,0.003774603,-0.0042171837,0.007793414,0.0032475619,0.0007151794,-0.0003886337,0.006489491,0.0,0.0,0.0,0.008575924,-0.0011234652,0.0025506252,-0.006688232,0.0,0.0,0.0,0.0,-0.002557859,-0.004455459,0.0,0.0,0.0124254245,0.0,0.0160794,0.0,-0.0066834437,0.008600418,0.0052759964,0.0,0.01200434,0.0,0.0016082734,0.010731513,-0.026970357,-0.004273268,-0.0013923078,0.0,-0.0033148788,-0.00066116237,0.02304138,0.009482143,-0.0060623996,-0.009189618,-0.0032604705,0.0,-0.00303201,0.0,-0.00047959402,0.0,0.0003791459,-0.0012174172,-0.017300865,0.0,0.018255185,0.0,0.005973093,0.0032698528,0.006938694,0.0009879721,0.012379321,0.017576644,-0.015341205,0.0,-0.019593086,0.0,0.0,0.0,0.04675955,0.0,-0.0010781708,0.0,0.0,0.0,0.01571934,0.0,0.0,0.0,0.006616429,0.0,0.008228655,0.0,0.0046965503,0.0,0.0093605565,0.0,0.007711213,0.0,0.01329262,0.0,0.0,0.0,0.0,0.0,-0.016394882,-0.005315529,0.00021725998,0.0,0.009731804,0.0,0.015567431,0.012139136,-0.015601705,-0.0053243553,-0.031342603,0.0,-0.046452258,0.0,0.017528122,0.01266701,-0.011143148,-0.006747722,0.0,0.0,0.0,0.0,-0.0022206844,0.0009510326,6.882908e-05,-0.0027211937,0.0,0.0,0.0003172122,-0.0026010291,0.0,0.0,0.0067762583,0.0,-0.00013043784,0.0,0.0,0.0,-0.004292344,0.0,0.0,0.0,0.0060412474,0.0,-0.0029072554,0.003587667,0.006609276,-0.0012080232,0.0036375194,-0.0026334864,0.0014264177,0.0014765027,-0.003249799,0.0,0.008608848,0.0,0.0,0.0,-0.0030287781,0.0024806354,-0.01302911,0.0,-0.006827483,0.0,0.005843467,0.0,0.008145211,0.0,0.00764922,0.0,-0.0039728694,0.0,0.002928048,0.0035100894,-0.016176475,0.018520359,-0.016322054,-0.00043529656,0.021525532,0.020044364,0.013965519,0.007584463,0.022559226,-0.002693688,0.010228167,0.010466132,-0.0004640723,0.0010643441,-0.0021981422,-0.0032479619,-0.0069422815,-0.007890876,-0.004191488,-0.004972969,0.0068557938,0.009169301,-0.005689722,0.0,-0.0070256484,0.0,-0.006468263,0.0,0.005147317,0.0,-0.010132534,-0.007893996,-0.0008111053,-0.0012363455,0.039931886,0.019552117,0.02148185,0.021545323,0.018626645,0.012410008,0.006336974,0.013918688,0.0023875367,0.014773557,-0.005226755,-0.010311456,-0.0045146663,0.0019135303,0.00036320533,-0.00880271,0.020672897,0.018611353,-0.0032975494,-0.0058280826,0.0,0.007949233,0.0036187263,0.0067465575,-0.0043448783,-0.0059038685,0.03730165,0.010403814,-0.0042455425,-0.006409817,-0.01292076,0.0047445595,0.02637074,0.062444985,-0.0020481655,0.009194216
0.02507087,0.024937678,0.0,0.0,0.0056334073,0.0132403765,0.0,0.01882707,0.01807484,0.0066525526,0.018490236,0.02131357,-0.003833076,-0.0011042898,0.019417796,0.013437014,0.0,0.0,0.010028287,0.018633591,0.0,0.018534284,0.0,0.0,0.0,0.0,-0.00047953535,0.0044720443,0.0,0.025819652,0.0,0.020602593,0.0,0.025293514,0.008255347,0.023125587,0.028785374,0.025350323,0.0,0.0143868495,-0.0022132907,0.0033474786,-0.0056152814,0.0016476655,0.0,-0.00452414,-0.009839927,-0.008297805,0.0055128583,0.0026282424,0.0136872595,0.014245969,0.0,0.0011283217,0.0,0.022101853,0.0,0.008505272,0.0,0.0012567112,0.0,0.003408373,0.0,0.02667437,0.007988192,0.0055798646,0.00757542,0.002542279,0.0129817715,0.01267068,0.0,-0.003753687,-0.00857622,-0.0060822866,0.017672693,-0.0019791927,0.016236467,0.009489344,0.0,0.0038434754,0.0,0.0079127485,0.0,0.004006368,0.0,0.0,0.0,0.01409177,0.0,0.005630812,0.0,0.0,0.0,0.0036800494,0.0,0.0013744963,0.0,0.0,0.0,0.0,0.0,0.0,0.0012781753,0.009029805,0.0,0.019470142,0.0,0.019666672,0.0075386055,0.013414679,-0.0034565006,0.0049194344,0.0,0.013270616,-0.01190875,0.0012584982,-0.0025551247,0.010044713,0.009285204,0.006405789,0.0,0.0,0.0,0.0,0.004388084,0.0071907807,0.018816639,0.013700356,0.0,0.0,-0.0045729894,6.147781e-05,0.0,0.011286112,0.0,0.0,0.0,0.017147955,0.0,0.0,0.0,0.014303867,0.0,0.0,0.0,0.0064636357,0.011655335,0.015879115,0.0069493256,0.011464551,0.007725516,0.009858578,0.012098194,0.010940165,0.0,0.011173892,0.0,0.001618222,0.0,0.0,0.0,0.00984804,0.0,-0.0008131038,0.015149863,0.01273135,0.0,0.020695806,0.009862923,0.010669354,0.0,0.0019267857,0.0,0.015816884,0.01176258,0.011634667,0.014853018,0.016706888,0.005319098,0.021573465,0.006519403,0.009673796,0.025028758,0.017109731,0.01653266,0.00815433,0.0054744096,0.011350922,0.01290872,0.011806766,-0.0061645107,0.0070908437,-0.0071229357,0.0059496113,0.01375834,0.015047715,0.00475068,0.009806143,0.0,0.012082417,0.0,0.008459487,0.0,0.008168121,0.0,0.019289522,0.0031450028,0.00058614736,0.0,0.019999044,0.017637901,0.005053015,0.016377283,0.019356517,0.0065308143,0.014062154,0.006842328,0.009767968,0.0024697408,0.023630617,0.013909284,0.014087612,0.00920365,0.008895525,0.022349454,0.020897934,0.026339563,0.023895638,0.019690607,0.02038563,0.042567812,0.0,0.009247819,0.015220786,0.008768604,0.012516637,0.0286436,0.033743855,0.027724067,0.024599519,0.020032004,0.02963747,0.039384544,0.03949528,0.016041076,0.035465356
9.2427195e-05,-0.0040174364,0.0026657463,0.0,0.0011901241,0.004856324,0.0056413286,0.0012740567,-0.0065578804,-0.017685613,8.9548055e-05,0.0023193301,-0.0020871,0.0013368889,0.00036084023,0.0,0.0060388157,0.0,0.0022695833,0.0,4.5342196e-05,0.0,-0.0031580266,0.0,0.0004434917,0.0,0.00023877714,0.0,0.0054489374,0.0,0.0047274246,0.0,0.0015737752,0.0,0.0023631847,0.0,0.0017688588,0.0,-0.0074119535,0.0,0.0,0.0,-0.0030908186,0.0,0.0096597355,0.0,0.0,0.0,0.013151069,0.0,0.003078727,0.0,-0.006702394,0.0,-0.01262543,-0.010379625,-0.009365449,0.0,-0.014190894,-0.0024189877,-0.028141217,0.0,0.0051136147,0.0,-0.0107622575,-0.0065469663,-0.014066711,-0.012169201,0.010916841,0.0,0.0,0.0,-0.008300506,0.0,0.0,0.0,0.011162563,0.0,0.0,0.0,0.0,0.0,0.0,0.0,0.0,0.0,0.0,0.0,0.0,0.0,0.0,0.0,0.009411906,0.0,0.0,0.0,0.0,0.0,0.0,0.0,0.0,0.0,0.0043381713,0.0,0.0,0.0,0.0,0.0,0.015259463,0.0,-0.0038559034,0.0,-0.013683347,0.0,-0.005593514,0.0,0.006710474,0.0,-0.011298505,0.0,0.0,0.0,0.0,0.0,0.0,0.0,0.0,0.0,0.0,0.0,-0.002543532,-0.011385402,0.0,0.0,0.0,0.0,0.0,0.0,0.0,0.0,0.0,0.0,0.0,0.0,-0.012653561,0.0,-0.0010968089,0.0029581618,-0.008552399,-0.0030789645,0.0074192877,0.0,-0.0027117904,0.0026315064,-0.002931792,0.0,-0.0137922345,0.0,-0.007437691,0.0,-0.007286388,-0.008414697,0.0,0.0,0.00272392,0.0,-0.0057259016,0.0,0.00953661,0.0,-0.017505277,0.0,-0.0035588953,0.0,0.010401293,0.007998544,0.0021511428,0.0023720067,-0.005378484,0.003278269,0.004984403,0.0008945442,0.0021448734,-0.014446794,-0.0023276673,-0.0041901697,0.0077300053,0.0,-0.008264479,0.0,-0.002005545,0.0,0.0071828803,0.0,-0.004849039,0.0,-0.0058632223,0.00041704884,0.0,0.0,0.0,0.0,0.0,0.0,0.0,0.0,0.0005266634,0.0,0.0,0.0,0.00063312025,-0.012044238,0.008814972,-0.0005924036,-0.006570442,-0.0006166222,0.0015459086,0.0010721786,0.012117824,0.0054292423,-0.012459532,-0.021541705,-0.0017190395,0.0049361987,-0.006789481,-0.005333691,0.0014038793,0.006532637,-0.01505393,0.0,0.0073960894,-0.005580414,0.0,-0.0005508041,-0.016794356,-0.008916173,0.008836632,0.0015208927,-0.010180852,-0.005630526,-0.000379613,0.004557822,0.010580399,0.015746776,-0.006325352,-0.009112482
0.008795508,0.008527958,0.0,0.008479444,0.0068737804,0.010391219,0.008623954,0.0029282884,0.012372237,0.0064382483,0.0069029573,0.0051021767,-0.0016172073,0.0047647837,0.0,0.0042060157,0.0,0.0,0.0,0.0025411996,0.0,0.0072307177,0.0,0.009468522,0.0,0.0142142195,0.0,-0.0077996757,0.0,0.0,0.0,0.022360729,0.0,0.0059210444,0.0,0.007679322,0.0,-0.00063806947,0.0,0.009652777,-0.0015008993,0.008391927,0.0,0.0041528544,0.0,0.0028676891,0.0,-0.00042180863,0.008404333,0.007206641,0.0,0.010341399,0.0,0.0026526602,0.013486789,0.016669638,0.010988613,0.005709642,0.0041865963,-0.003946262,0.0,-0.010348834,0.0,0.013818052,0.002416626,0.0062381024,0.013390791,0.0070271934,0.0,-0.0057267323,0.0,0.0,0.0,-0.0041275243,0.0,0.0,0.0,0.019047225,0.0,0.0,0.0,0.0,0.0,0.0048406636,0.0,0.0,0.0,0.0,0.0,0.006190234,0.0,0.0,0.0,-0.00034545147,0.0,0.0,0.0,0.0,0.0,0.0,0.0,0.0,0.0,-0.009546505,0.0,0.008353918,0.0,0.0138096465,0.0,0.017499475,0.0,0.012588781,0.0,0.0076971287,0.0,0.006474579,0.0,0.008054284,0.0,-0.013421994,0.0,0.0,0.0,0.0,0.0,0.009615345,0.0,0.008270853,0.0,0.0,0.0,-0.0008158411,0.0,0.0,0.0,0.0,0.0,0.0,0.0,0.0,0.0,0.0,0.0,0.0,0.0,0.0036255054,0.010619628,0.01213493,0.004543213,0.0050023524,0.0,0.008347548,0.013059107,0.014455779,0.0,0.010832008,0.0,-0.00023974529,0.0,0.0059478846,-0.0022623334,0.0010438017,0.0,0.0,0.0,0.009707582,0.0,-0.009129733,0.0,0.009486901,0.0,-0.005640837,0.0,-0.009489944,0.0032623135,0.004345389,-0.009049838,0.015503203,0.008402886,0.0021909978,0.013894323,0.01986406,-0.005079855,0.004213017,0.012870814,0.009367227,0.0045035956,0.008595988,0.0,0.00582797,0.0,0.012195203,0.0,0.0038026897,0.0,0.0017162295,0.0,0.009877673,0.0,0.0,0.0,0.0,0.0,0.009557795,0.0,0.0,0.0,0.002543458,0.0,0.012834154,0.0023536081,0.003802936,-0.0033176166,0.008876343,-0.0010963433,0.0015493332,0.0014982738,0.011765426,-0.002823873,0.010285559,0.019427616,0.007391004,0.013075387,0.012601647,0.020407949,0.011279453,0.017384535,0.018810783,0.011740823,0.015449184,0.0021653178,0.014894332,-0.0006376306,0.0,0.011904706,0.0027198347,0.0039426824,0.014636014,0.018580997,0.017904572,0.017082937,0.007976741,0.010668291,0.012131871,0.023475746,0.012297903
-0.0022405034,-0.0032189917,0.0,0.0,-0.0016448622,0.0,-0.0011229267,0.0,0.00017002742,0.011625278,-0.004101889,-0.005606601,0.00036448482,-0.0062406827,0.0,0.0,0.0,0.0,0.0006777554,0.0,0.0,0.0,0.0,0.0,0.0,0.0,0.00078025815,0.0,0.0,0.0,0.0,0.0,-0.009162521,0.0,0.0020578674,0.0,0.008920798,0.0,-0.0025606086,0.0,0.0,0.0,0.0017744355,0.0,0.0044958605,0.0,-0.0070078676,0.0,-0.0063185655,0.0,-0.001104752,0.0,0.0049097636,0.0,0.0093107615,0.0,0.017035233,0.0,0.006567375,0.010329435,0.02265775,0.0,0.0,0.0,0.0115341665,0.00830475,0.010839835,0.0004360347,0.014756241,0.0,0.023619188,0.0,0.027729135,0.0,0.0,0.0,-0.007327236,0.0,0.0,0.0,0.0,0.0,-0.006700832,0.0,0.0,0.0,0.0,0.0,0.0,0.0,0.0,0.0,0.00028554848,0.0,0.0,0.0,-0.0009160521,0.0,0.0,0.0,0.0,0.0,0.015833577,0.0,0.003940615,0.0,0.0,0.0,-0.002561657,0.0,0.010406084,0.0,0.011540059,0.0,0.013976727,0.0,-0.007624969,0.0,0.013108265,0.011759264,0.0,0.0,0.0,0.0,0.016750673,0.00053423847,0.0041869907,0.0,0.009481557,0.0,0.015806288,0.0034034017,0.007291253,0.0,0.0,0.0,-0.0005638455,0.0,0.022240043,0.0,-0.0038038604,0.0,0.0,0.0,0.013472092,0.0,0.0032739602,-0.0033903718,0.0053508766,0.0010169016,0.0022018035,0.0018310172,0.002476538,-0.0002634534,0.023294514,0.0,0.028472811,0.0,0.025382336,0.0,0.0129950745,0.010736559,0.037220646,0.0,0.0015250366,0.0,0.004263299,0.0,0.020843258,0.0,0.021064803,0.0,0.01780104,0.0,0.010742361,0.0064065526,0.013894393,-0.015307908,0.008576585,0.0,0.00013425466,-0.0022243287,0.012567572,0.018314188,0.012647899,0.010255436,0.0,0.0,0.009489011,0.0,0.006085941,0.007801594,0.009821302,0.0,0.015607196,0.0099815475,0.004404131,0.0017814346,0.0,0.0,0.0,0.0,0.0041241017,0.0,0.0,0.0,0.007701855,0.0,0.005202522,0.0,-0.006413419,-0.014028632,0.008480609,0.005681666,-0.0021495118,0.006545851,-0.00040456865,0.0037114508,-0.0049413876,0.010495271,-0.001615074,0.005848784,-0.0050715487,0.0019269778,0.0052730897,0.0040508113,-0.009556739,-0.006515719,0.0052099302,0.016716994,0.023567323,0.0175759,0.0121200085,0.008573333,0.0,0.01991182,0.0040132105,0.02358834,0.015847169,0.012799102,0.016855588,0.011424265,0.018107038,-0.00405987,0.015305458,0.013507933
0.008934047,0.012293965,0.0,0.0,-0.0029549922,0.0045978846,0.0,0.005835763,0.0031626846,0.011701683,0.0067994446,-0.0002831673,0.003508381,-0.00491818,0.0,0.0013122313,0.0,0.0,0.0,0.006160968,0.0,0.0074191666,0.0,0.0,0.0,0.0,0.0,0.00025237657,0.0,0.0,0.0,0.010879818,0.0,0.011539052,0.0,0.012100284,0.0,0.011196016,0.0,0.01621963,0.0,0.0,0.0,0.0026541518,0.0,-0.00025874152,0.0,-0.0056614163,0.0,-0.0018568173,0.0,0.007786747,0.0,0.006499543,0.0,0.0072261468,0.00026865385,0.02499245,-0.0021835605,0.0113017075,0.0,0.016076604,0.0,0.015934067,0.0054972153,0.01364327,0.0024005515,0.011351857,0.0,0.0009530925,0.0,0.023074493,0.0,0.02234231,0.0,0.0,0.0,-0.005648644,0.0,0.0,0.0,0.0,0.0,-0.0057197134,0.0,0.0,0.0,0.0,0.0,0.0,0.0,0.0,0.0,-0.0027724367,0.0,0.0,0.0,0.0,0.0,0.0,0.0,0.0,0.003984089,0.009329907,0.0,0.008104932,0.0,0.007353375,0.0013671585,-0.0124803865,-0.001495897,0.00020530335,0.0,-0.0023115943,0.0051075444,-0.013849361,0.0,-0.004072677,0.010282824,0.011459449,0.0,0.0,0.0,0.0,0.0,0.012803745,0.0,0.004851761,0.0,0.016538505,0.00357452,0.007807801,0.0,0.009099587,0.0,-0.0034669314,0.0,0.0018204618,0.0,0.011366801,0.0,0.0,0.0,0.0,0.0,0.0221711,0.0049179303,0.003739698,0.007612749,0.0073827025,0.012064112,0.008212787,0.0140304705,-0.001994687,0.0,0.017057024,0.0,0.030558288,0.0,0.019054785,-0.0020565814,-0.0023787234,0.0,0.025273867,0.0,0.01715618,0.0,0.009444843,0.0,0.016613796,0.0,0.02279341,0.0,0.013840513,0.016422007,0.0125277005,0.012539022,0.0051068356,0.0,0.0091332635,0.0010894291,0.004595619,0.017381663,0.019328574,0.01457602,0.014901375,0.0,-0.003670844,0.0,0.0026781599,0.0015599269,0.0075508603,0.0,0.0067335223,0.009015186,0.010721471,0.0015241312,0.004641217,0.0,0.0,0.0,0.0,0.0,0.0,0.0,0.0,0.0,0.00042817672,0.0,0.0009747138,0.005146317,-0.003205272,-0.0055424683,0.002472921,-0.013156018,0.0069142133,-0.005256518,-0.005008575,-0.0038217336,0.009723139,0.0013836515,0.012529416,-0.00023123261,-0.000183786,0.01101337,0.01785631,0.0027466018,0.003903632,0.015462978,0.020027852,0.027611192,0.031860534,0.0010463077,0.0189638,-0.0028933904,0.0,0.015190855,0.017432917,0.014406542,0.024295194,-0.00039362392,0.02368792,0.021490993,0.02126191,0.0070171105,0.02497822
0.007432829,0.014678588,0.0,0.0,-0.0005670147,0.0038733957,0.009854824,0.0,0.011344042,0.0,0.003237874,0.012136328,-0.0005988812,0.004227608,0.01527837,0.0,-0.004040746,0.0,0.010605624,0.0,0.006096634,0.0,0.0,0.0,0.0,0.0,0.0036668323,0.00083712867,0.0029778131,0.0,0.0017463438,0.0,0.0048833005,0.0,-0.0015174276,-0.0032626654,0.014307141,0.0,-0.0018236707,0.0,-0.005989306,0.0028273398,0.0039997464,-0.011085423,-0.0024590804,0.0,-0.009420824,-0.006558178,0.009239606,-0.0077732317,0.01763861,0.0,0.0040721125,0.0,0.008594712,0.0,0.00416439,0.0,0.0019536803,0.0,0.023792602,0.0,0.0045961994,0.0,0.009564726,0.0017101131,0.006240732,0.0,-0.01898577,-0.016309794,0.005428473,0.0,0.008824685,0.0,0.0074751843,0.0,-0.040487092,0.0,-0.009950867,0.0,0.0019513274,0.0,-0.0021734673,0.0,0.0,0.0,-0.00023632479,0.0,-0.0045278184,0.0,0.0034666301,0.0,-0.011886097,-0.020215968,-0.003037404,0.0,-0.0054089464,0.0,0.0,0.0,0.0023531143,0.0,-0.01966013,-0.029307155,-0.0012507376,0.0,0.005127987,0.0,-0.0035746316,-0.00014903473,0.012442357,0.0,0.023484197,0.0,0.0189903,-0.00065445306,-0.00820101,-0.003639705,0.013623437,0.0035740563,0.0,0.0,0.0,0.0,1.9023076e-06,0.00033113162,0.008688923,0.00041422312,0.0,0.0,0.0008259093,0.003551897,0.003362791,0.0,0.011960204,0.0,0.010728233,0.0,0.01713699,0.0,0.011795386,0.0,0.0,0.0,0.0066289757,0.0,0.005409635,0.0053336537,-0.0016785163,-0.0017855513,0.004904247,0.010866971,0.01579958,0.015327717,0.005209209,0.0,0.0018042998,0.0,0.0,0.0,-0.0039188345,0.0009915602,0.025824267,0.0,-0.011828644,0.025717605,0.021102108,0.0,0.0033327737,0.0,-0.007950741,0.0,-0.012959059,0.0,0.0015365434,-0.000229631,0.032378178,-0.0202397,0.01891282,0.010865901,0.004474066,0.003201025,0.0055102175,0.0059584216,-0.010962767,0.0073391004,0.010373546,0.0060953284,0.0013002584,0.006218963,-0.004096294,-0.003977485,-0.0041365293,-0.0065332316,0.0015442757,0.00082622096,0.0071643116,0.0009720757,0.004695916,0.0,0.0011648434,0.0,-0.0048814295,0.0,0.005756763,0.0,-0.0035304243,-0.0058290823,0.004269439,0.0,-0.014717026,-0.006882712,-0.011314188,0.0019062097,0.012440832,0.0017164992,-0.0013672519,0.011756833,0.0065622185,0.011743892,0.004997046,0.020039396,-0.0051191994,0.006517458,0.007629107,0.010079142,0.021961099,0.016565928,0.00038436055,0.011444495,-0.0037332643,0.0028280092,0.0060159615,0.007446153,0.018060373,0.010168545,0.0,-0.02231263,0.018385725,0.015047865,0.02378628,-0.0005910789,0.009172176,-0.0075977645,-0.015818277,0.0055547114
0.023648996,0.032175988,0.0,0.0,0.0034558657,0.014948043,0.0,0.02702794,0.023572,0.017639209,0.019611683,0.02543258,0.011960063,0.016875146,0.0,0.0,0.0,0.0,0.0,0.022644186,0.0,0.029716987,0.0,0.0,0.0,0.0,0.013077729,0.010308292,0.0,0.0,0.0,0.03083125,0.022314962,0.026033215,0.013143302,0.027062098,0.036129847,0.027940962,0.008298589,0.018918859,0.011560822,0.022212429,-0.0056187194,0.025356606,0.012104643,0.010269052,-0.002031851,0.0015969031,0.017053727,0.019033043,0.03135765,0.031856675,0.01179179,0.010239085,0.02162706,0.023475124,0.016566016,0.014286543,0.013116487,0.02374987,0.0,0.012349765,0.0,0.03061915,0.028550679,0.021822175,0.0,0.0,0.021139655,0.010569956,0.0,0.00960832,0.018041398,0.0047102044,0.0,0.006944222,-0.0021526876,-0.015954914,0.0,0.0,0.0,0.021343552,0.0,0.013183554,0.0,0.0,0.0,0.014146478,0.0,0.014046251,0.02331618,0.02321889,0.006835231,0.016740382,0.0,0.0082967635,0.0,0.0,0.0,0.0,0.0,0.010720005,0.021434404,0.018130308,0.02345488,0.028349333,0.038981766,0.023999741,0.013339846,0.022254908,0.026625644,0.022693744,0.017972099,0.031899296,0.014844809,0.0021981357,0.0031488466,0.0018281483,0.031616576,0.03047644,0.0,0.0,0.0,0.0,0.010571782,0.014376613,0.021617329,0.012983039,0.0,0.0,0.016246289,0.013864589,0.0,0.0,0.0,0.0,0.0,0.021329815,0.0,0.0,0.0,0.017867416,0.0,0.0,0.0,0.015974723,0.020623498,0.016449343,0.016785111,0.01835689,0.022588542,0.026743636,0.03049204,0.02724636,0.0,0.01854786,0.0,0.0,0.0,0.0,0.018030282,0.022405468,0.0,0.0,0.02267102,0.045231864,0.049344607,0.043842662,0.026745273,0.009832523,0.0,0.0,0.0,0.0,0.027914332,0.02978915,0.04133244,0.009179368,0.030944604,0.033785217,0.022378715,0.016597377,0.036364913,0.028785918,0.0145222815,0.030053476,0.03900006,0.027837584,0.021016892,0.023579922,0.008738528,0.025843536,0.008758434,0.019258058,0.029241899,0.030413752,0.024818158,0.027271325,0.0,0.0,0.0,0.0,0.0,0.014604208,0.0,0.030606432,0.015904728,0.012045313,0.021699872,0.02147343,0.006602482,-0.005684791,0.0017207072,-0.0027881067,0.020696592,0.027422229,0.028150758,0.024546877,0.010700775,0.022416418,0.015241542,0.014772904,0.0031293978,0.009884262,0.017352235,0.024901612,0.024678951,0.02502923,0.022937205,0.024422294,0.046178732,0.03955079,0.01076996,0.02891366,0.011049639,0.018803166,-0.031804744,0.0,0.03400482,0.035964597,0.03228463,0.041812126,0.048926614,0.025084725,0.01725253,0.03807275
0.000798451,-3.20628e-05,-0.0062284744,0.0,-0.0033541014,-0.0064188153,-0.0003667125,-0.00069412054,0.0010420824,-0.0009956702,-0.0009833282,-0.0014348597,-0.003482378,-0.006464375,0.0018370191,0.0,0.0,0.0,0.0033956387,0.0,0.010151069,0.0,-0.0036779884,0.0,0.0,0.0,-0.0035375797,-0.005497467,0.007797155,0.0,0.011833687,0.0,0.00080382224,0.0,-0.0007193437,0.002521774,0.014412696,0.0,-0.0009213212,0.0,-0.0023395987,0.0,-0.011859295,-0.0020578436,0.0002997831,0.0,-0.009928207,0.0,-0.0028961436,0.0005723121,0.010727864,-0.0029082685,-0.004082148,0.0,0.0022100885,0.0,0.00016363685,0.0,-0.0029395071,0.00064130063,-0.0064925794,0.0,0.010955559,0.0,0.0040308516,0.00040908024,0.00044306563,-0.0010703913,0.020232907,0.009352473,0.014995033,0.0,0.011777272,0.0,0.0072066984,0.003913815,0.008792909,0.0,-0.0014288512,0.0,-0.0020280133,0.0,-0.013472186,-0.0058783023,0.0,0.0,-0.0068173525,0.0,0.009112275,0.0032416845,0.018853474,0.0,0.00071792735,0.007391099,-0.0051967883,0.0,0.005652313,0.0,0.0,0.0,0.0,0.004874932,0.019818917,0.020686114,0.016456356,0.0,0.015998524,0.0,0.0032757712,0.0100525245,0.019805891,0.01508763,0.01314549,0.021112485,0.004592001,0.004211547,-0.0031676937,0.010726098,0.014254944,0.014028267,0.0,0.0,0.0,0.0,0.010301779,0.0070195575,0.012153338,0.0073766974,0.0,0.0,-0.0016268421,-0.0053370106,0.008830576,0.007189828,0.014554132,0.0,0.011865892,-0.0011738247,0.019385852,0.0,-0.0044399835,0.0,-0.007236629,0.0,0.0049149706,0.0,0.0133768255,0.010017845,0.007857546,0.002579877,-0.00021873321,0.0020787353,0.0030312177,0.00053044024,-0.0018218978,0.0,0.009998439,0.0,0.0,0.0,-0.0047457484,-0.0026619686,0.009820525,0.0,0.00592685,0.010633063,0.013072484,0.0,0.014774238,0.0,0.0077236015,0.0,0.008619456,0.0,0.0056177285,0.0006237893,0.01912558,-0.004522699,0.00069849804,-0.002327066,0.009554247,0.008791725,0.016843446,0.0076629217,0.004241599,0.0030723277,0.0030583378,-0.0020972923,0.013390584,0.01032162,0.0012161534,0.01039911,0.0057746386,0.0034066432,0.0143218925,0.011834745,0.0055876025,0.006190839,0.01356997,0.0,0.012728803,0.0,0.005469847,0.0,0.011945301,0.0,0.004904918,-0.005236124,0.011986052,0.008262752,0.002846744,-0.00770116,0.0009260793,0.0044338475,0.008026621,0.01243554,0.009692579,0.005476484,-0.00023533664,0.006941624,0.0072852913,0.0022612924,-0.0005745491,-0.00020526715,0.004323377,0.010743416,0.007566941,0.010008473,0.011768656,0.012330482,0.03360208,0.027227584,0.030931365,0.010264858,-0.009828687,0.007533478,0.012968556,0.013444116,0.0,0.020813292,0.021711634,0.01669842,0.036772102,0.015854973,0.012413356,0.032518473
0.0090697,0.0076146307,0.0,0.0049103512,0.0037400483,0.006384594,0.0073923506,0.016680658,0.009755811,7.1845396e-05,0.008596969,0.0049326504,-0.004280191,-0.0019282898,0.0,0.0066947825,0.0,0.0,0.0,0.006586775,0.0,0.008677865,0.0,0.007503401,0.0,0.0,-0.0016440683,-0.0006681779,0.0,0.013260123,0.0,0.007841213,0.0,0.0024582846,0.0076795965,0.015134232,0.0,-0.0026874878,0.0028082558,-0.0011744588,-0.007130868,-0.0057165883,0.0,0.011300956,0.0,-0.0020807942,0.0,-0.0072201425,-0.006187547,0.004869758,0.0,0.011843538,0.0,-0.0032246113,0.0,0.01206918,0.0,0.00043908876,-0.0093120895,0.004361963,0.0,-0.0081033185,0.0,0.014658613,-0.005437119,0.0055470266,-0.0047139474,-0.007886929,0.014141917,0.0028575095,0.012388676,0.005164748,0.006885249,0.000966157,0.014091661,0.003911316,0.001231975,-0.009922431,-0.00015421154,0.0017058235,-9.251992e-05,0.0031463644,0.0,-0.0050012837,0.0,0.0,0.0,0.009063586,0.01254528,-0.0011871769,0.01054711,0.0072914367,0.005129325,0.002296461,0.0,-0.007772803,-0.0037429284,0.019568702,-0.0035023945,0.00858403,0.0,-0.0019254306,0.016930858,0.021199355,0.016411383,0.02415096,0.018642474,0.021489449,0.0038249712,0.001834598,-0.0035796764,0.0004843527,0.0017547704,0.014875883,0.0039135795,-0.0040627797,8.8594726e-07,-0.008854462,0.01881834,0.011675419,0.0,0.001290223,0.0,0.0,0.0052190875,0.0071213366,0.020662487,0.02317518,0.0,0.0,-0.006682364,-0.005169055,0.0,0.017139198,0.015335282,0.017448341,0.0,0.014912148,0.0,0.0,0.002327569,0.0037838547,0.0,0.008339306,0.0,-0.00092912925,0.011939442,0.020877661,0.0021426247,0.004958396,0.006419408,0.009318095,0.008092723,0.012500631,0.0,0.002260283,0.0,-0.0014492827,0.0,0.0,0.0,0.0016876915,0.0,0.0020227248,0.0,0.009786076,0.0,0.0060632615,0.011737764,-0.0033074098,0.0,0.016307302,0.0,0.004051857,0.01816715,0.012383346,0.019992426,-0.006174885,0.0102650635,0.0070198774,-0.0017780742,-0.00056832377,0.012184164,-0.0014288721,-0.003367228,0.0034660068,0.00420256,-0.002269461,0.02175454,0.022165777,0.005013792,0.020202367,0.0070220004,0.014656505,0.023545215,0.022511892,0.0029732103,0.0074125454,0.0,0.0181372,0.0,0.013374315,0.0130103715,0.015703332,0.0150097,0.020220418,0.014042181,0.0075931624,0.019473147,0.02152494,-0.009253153,-0.005797744,0.0073954714,-0.0037005823,0.00036279572,0.0072417227,-0.004249166,-0.005498267,-0.0071727186,0.008018382,0.002531401,0.009835515,-0.007382599,0.0024612178,0.00729552,0.018536877,0.00080088084,0.003451543,0.013871117,0.013783143,0.04316826,0.03971457,0.01672167,0.011189313,0.014064543,0.02034566,0.02171541,0.027561277,0.030893665,0.0,0.018010937,0.024174633,0.03093995,0.015370664,0.01834289,0.039831474
0.004197928,0.00416316,0.00036078854,0.0,-0.00365452,0.0006362848,-0.007950855,-0.0035104875,0.0013099426,0.001091903,0.00572807,0.01225223,0.005659599,0.0032921296,0.000814505,0.0,-0.0025002856,0.0,-0.0017227816,0.0,0.0025137917,0.0,-0.007635887,0.0,0.0,0.0,-0.0012071229,0.0036326912,-0.004347301,0.0,-0.0013868072,0.0,-0.005345851,0.0,0.0035152037,0.0,0.0112390015,0.0,0.014269999,0.0,0.0034933055,0.0006995352,-0.008186597,0.0045340783,-0.0015705441,0.0,-0.0048591075,-0.0043602693,-0.0057881093,-0.007616285,0.018207595,0.01281656,-0.008265117,0.0,-0.00076269533,0.0,-0.002384184,0.0,-0.0033820758,-0.003089265,-0.007966825,0.0,-0.00335267,0.0,-0.012607805,-0.0057839807,-0.00309165,-0.002692459,0.02418771,0.0115476735,0.001797256,0.0,0.002273287,0.0,-0.0043185684,0.0,0.00092426996,0.0,-0.012462545,0.0,-0.00187772,0.0,-0.005453134,0.0,0.0,0.0,-0.006459095,0.0,-0.00052986754,0.0,0.007279285,0.0,-0.0028603894,0.0,-0.008874676,0.0,-0.004959003,0.0,0.00018413427,0.0,-0.0015176488,0.0,-0.001297141,0.014825075,-0.009504966,0.0,-0.0066898065,0.0,-0.004616812,-0.014323025,0.0033738394,0.0,0.002629691,0.0,0.013577109,0.0,-0.003021827,-0.007239862,-0.0033334785,0.011803008,0.0,0.0,0.0,0.0,-0.0028349971,-0.0023865271,0.004245808,-0.0034814933,0.0,0.0,-0.0038840068,-0.0022973558,-0.001125094,-0.0019060975,-0.0045709964,0.0,-0.005095976,-0.008264539,0.0,0.0,-0.004695056,0.0,-0.008524693,0.0,-0.0049884804,0.0,0.002716008,-0.00023850455,-0.003118723,-0.009610206,-0.011161375,-0.008145726,-0.0072459877,-0.0076426137,-0.01266986,0.0,0.0013690649,0.0,0.0,0.0,-0.013448181,-0.0064025163,-0.007348578,0.0,0.0067893164,0.011887342,0.011349344,0.0,-0.0017404484,0.0,0.002596619,0.0,0.021065434,0.0,0.0043287673,-0.0016735242,0.023222245,0.0038097128,0.010695727,0.01690892,-0.0018937782,-0.009650987,0.02635258,0.00991768,-0.0010898596,-0.0044787778,0.017600274,0.0013174781,-0.0007111114,0.0010551162,0.0019331137,-0.0038874676,0.007205409,-0.007462682,0.002868518,-0.0077692685,-0.0081790965,-0.007910933,-0.0069479155,0.0,-0.006461673,0.0,-0.007879129,0.0,-0.0033565892,0.0,-0.008514709,-0.018339254,-0.0010249299,-0.0052281194,-0.003619492,-0.01987103,-0.00034706428,-0.0011279318,-0.009390364,-0.0003964614,-0.0031091473,-0.0061922283,-0.0032726764,0.009370409,0.0043673073,0.0014345878,-0.015816899,-0.008716414,-0.0053987573,0.0059250304,-0.0032776783,0.004204828,0.0041108667,-0.0010838569,0.036848884,0.014562779,0.006419019,0.00053160347,-0.008203643,-0.0020299337,0.014028194,0.008824461,0.009246759,0.007029829,0.0,0.02189388,0.02693051,0.007565906,0.009614747,0.0155967325
0.009030383,0.00899538,0.0,0.012472037,-0.0047803507,0.005979705,0.0,0.012642548,0.009089177,0.0020543833,0.0035614516,0.008456434,-0.004292439,0.0023169508,0.0,0.0077313124,0.0,0.0,0.0005273887,0.009541513,0.0,0.016273994,0.0,0.015131567,0.0,0.0,-0.0003404468,0.0047895918,0.0,0.012139282,0.0,0.007921173,0.0,0.015394369,0.0,0.015733136,0.0,0.007981153,0.0,0.01037742,-0.002962999,0.0042712567,-0.016314339,0.0021864446,0.0,0.0042077284,-0.004228422,-0.0034270182,0.01864369,0.006514732,0.0032353087,0.0046645324,0.0,-0.004272116,0.0,0.00995338,0.0,0.0074801403,0.0,0.006828816,0.0,-0.0015287087,0.0,0.012965225,0.0036198625,0.0030882594,0.007821872,0.00034168948,0.012060467,0.009029741,0.0036225484,0.0013499913,-0.0027112844,-0.0032929124,0.0007475281,0.0040951986,0.022178493,0.0049153925,0.0,0.0,0.0,0.0069573866,0.0,0.0010778345,0.0,0.010126294,0.0,0.0024555752,0.003748266,0.012911106,0.0028449472,-0.0027483944,-0.0039936304,0.0077662687,0.005594489,0.004081193,0.0013533421,0.006728999,0.012125851,0.012866364,0.008429359,0.009547323,-0.004811264,0.0063935774,-0.004451501,-0.0053911526,0.0006286682,0.002342507,0.0065654977,0.0005483743,-0.0022232586,-0.006662573,-0.01937028,-0.0043745725,-0.008783611,-0.0037791608,0.011616667,0.007798501,0.00014742672,0.007947695,0.0,0.0,0.0,0.0,-0.0017877461,0.0018011373,0.0065237856,0.0013885049,0.0,0.0,-0.008683961,0.007889479,-0.006065187,0.0015408788,0.0,-0.0023001193,0.0,0.011783938,0.0,0.0,0.007777023,0.014075488,0.0,0.0,0.0,0.002176164,-0.00060435093,0.0072720465,0.0037634093,0.009957651,0.0091456855,0.0042218426,0.0032968847,0.013023513,0.0,0.0016055445,0.0,0.0035558385,0.0,0.0,0.0,0.006968944,0.0,0.0,-0.0053333202,0.008702372,0.0,0.017367326,0.012965144,0.0026001844,0.0,0.0,0.0,0.0068507204,0.013091755,0.014377421,0.009575167,0.0075480645,-0.0072179404,0.010210365,0.010256763,0.0043204003,0.015080731,0.010071422,0.010944672,0.008592754,0.013063031,0.01260729,-0.0020090379,0.0011384253,-0.0016271579,-9.307385e-05,-0.0017811555,-0.001141622,0.0020379624,-0.0075749196,0.00036421145,-0.00020661906,0.0,-0.0060385414,0.0,-0.0049819527,0.0,0.0013538621,-0.002830389,0.0061583775,-0.005573597,-0.0012918855,0.0036471058,0.0009235516,0.014992256,-0.0026594403,0.007997512,0.008103872,0.00789224,0.011397865,0.005633477,0.013064678,0.0084170895,0.01770892,0.0006999803,0.0037581988,-0.0016335183,0.008705278,0.015514285,0.0042102565,0.015825879,0.02162043,0.0040214215,0.0013265429,0.026807431,0.017193435,0.0011377232,0.011713041,-0.0043764156,-0.0037101547,0.014534905,0.009244069,0.008266347,0.006617385,0.009361276,0.0,0.026322141,0.03207177,-0.01120478,0.014401879
0.0018405981,-0.0056558307,0.0012780774,0.0,0.0035550017,-0.0018314742,-0.005522857,0.0,-0.002524744,-0.013583824,0.00637155,0.0014734219,-0.003213665,-0.0055019916,-0.0019892452,0.0,0.00813722,0.0,0.006547511,-0.001495493,0.007835464,-0.0022963502,0.0009528865,0.0,0.0047057336,0.0,-0.005003795,-0.0051598274,0.0074248,0.0,0.0077987774,0.0,0.007796992,0.0,-0.0075516193,-0.0034269318,-0.006545175,0.0,0.005430185,0.0,-0.008117031,-0.00301743,-0.026491724,-0.011870662,-0.007092315,0.0,-0.015061284,-0.011711521,0.007307885,0.00013119266,-0.007657379,-0.0141510265,-0.002554937,0.0,-0.006148572,0.0,-0.015565362,0.0,-0.017531535,-0.007234049,-0.020939672,0.0,0.012137308,0.0,-0.006221005,-0.0066096834,-0.009010514,-0.010859466,-0.005282977,0.0018846818,-0.010689834,0.0,-0.015264835,0.0,-0.0014712807,-0.00017581535,0.026874155,0.0,0.0027204494,0.0,-0.00030211764,-0.0062202206,0.001257911,-0.005312795,0.004538525,0.0,0.0013420457,0.0,-0.012234172,-0.004119614,0.0052399673,0.0,-0.0047780056,-0.0030588813,-0.0025364354,0.0,0.007860598,0.0,0.0059959902,-0.0070755365,-0.005696355,0.0,-0.021035207,-0.0140952,-0.003313081,0.0,0.0033946189,0.0,-0.0033640726,-0.0004330862,-0.008939084,0.0,-0.024222897,-0.009734839,-0.02193864,-0.006824696,6.1373285e-05,0.0057775434,-0.0145049505,-0.014020111,0.0,0.0,0.0,0.0,-0.01387918,-0.0057312176,0.006824506,0.000893349,0.0,0.0,-0.011976296,-0.014660624,-0.010663412,-0.0016602947,0.007979266,0.0,0.00587366,-0.0007918632,-0.006785128,0.0,0.0059336186,0.0,0.0020371464,0.0,0.00677466,0.0,-0.0016233173,0.005968125,-0.0067975726,-0.0055619553,0.0030456644,-0.004544093,-0.0019362015,-0.0014886507,-0.01213329,0.0,-0.0011341084,0.0,0.0,0.0,-0.01225731,-0.01031144,-0.027868317,0.0,-0.017809132,-0.0051787538,-0.009543098,0.0,0.0006268815,0.0,-0.0024117252,0.0,-0.014403481,0.0,-0.0006404745,0.0033317895,-0.01462817,0.0075806906,-0.013310629,-0.0014262344,0.0071954257,0.0060765212,0.00095998327,-0.0048849136,0.005249655,-0.008049669,-0.0016204908,0.0070552398,-0.0002211407,0.0013291828,-0.00868868,-0.007972687,-0.0072482526,-0.0101761725,-0.0045839003,-0.005490524,-0.0021060458,-0.001821853,-0.005381129,0.0,-0.003966283,0.0,-0.007071306,0.0,-0.0026808959,0.0,-0.007847372,-0.008351585,0.0027750495,0.0036472986,0.023378849,0.0068246988,0.008190694,0.006643661,-0.0035754999,-0.010735804,-0.0042160847,0.002540477,0.00047736696,0.0047627664,-0.0002334806,-0.009347992,-0.009066659,-0.008717528,-0.0023705394,-0.0053112023,0.02181815,0.021631593,-0.0027880382,-0.0052893576,0.0007713298,-0.005489701,-0.0029936268,0.0047575613,-0.010964291,-0.006524103,0.021338893,-0.00066785817,-0.005736161,-0.0014339269,-0.010045109,0.00055916153,0.0,0.041101657,-0.0045258817,0.002641062
0.0024319275,-0.0002839774,0.0,0.0,0.0047414205,-0.0004936369,0.0,-0.005768713,-0.0021635469,-0.008305281,-0.0028641038,0.007270426,-0.0075933994,-0.009140088,0.0,-0.0002448972,0.0,0.007874357,0.0,0.00076364604,0.0,-0.0044919183,0.0,0.0036346712,0.0,0.0,-0.0087903775,-0.010562903,0.0,-0.007922056,0.0,-0.00021527609,0.0,0.0012300945,0.0,-0.00903449,0.0,-0.008926948,0.0,-0.00842576,-0.012100597,-0.0036240323,0.0,-0.014536976,0.0,-0.004245829,-0.009368625,-0.009462213,0.0038592306,0.004486047,0.0,-0.008096869,0.0,-0.009149071,0.0,0.0057105655,0.0,-0.012876447,0.0,-0.02267011,0.0,-0.020892007,0.0,-0.008359003,-0.011414168,-0.0146882655,-0.004823471,-0.009657258,-0.046802588,-0.033652697,-0.027142273,-0.0100747105,0.0,-0.0036851547,0.0,-0.009563398,-0.037535343,0.026164781,0.0,0.00030276796,0.0,-0.010157986,0.0,-0.007001514,0.0,0.0,0.0,-0.0016179289,0.0,-0.0039015198,-0.0003045185,0.003911065,0.0,-0.018184857,0.0,-0.00020795119,0.0,-0.004503241,-0.011108833,0.0034712816,-0.002346593,-0.0018488526,-0.016151695,-0.036299106,0.0,-0.0038437587,0.0,-0.0033268158,0.0014432579,0.0102869915,0.0,0.005795334,0.0,-0.011611654,0.0,0.008823934,-0.01656832,0.008963049,-0.016602637,-0.042368833,0.0,0.0,0.0,0.0,-0.010961432,-0.012366965,0.0053466125,-0.0030548084,0.0,0.0,-0.013735915,-0.013294071,0.0,0.0,0.0,0.008064464,0.0,0.0068660835,0.0,0.0,7.8530065e-05,-0.0049062837,0.0,0.0,0.0,-0.010261895,-0.0026934966,-0.0008451745,-0.020438666,-0.016303726,0.008668344,0.004840734,0.0043668975,0.0014448928,0.0,-0.00835967,0.0,-0.014011798,0.0,0.0,-0.018254686,-0.014972822,0.0,0.0012537919,0.0,0.0021272171,0.0,-0.027037315,-0.014064771,-0.0030271732,0.0,-0.026530514,0.0,-0.036682762,-0.008237074,-0.0117358565,-0.011895272,-6.864187e-05,0.010670296,-0.0066051506,0.016740965,0.02414067,-0.033443034,-0.024958508,-0.023588093,-0.015999107,-0.013985838,0.01020059,0.0,-0.0014388869,-0.011391679,-0.00804703,0.0,-0.016139688,-0.016535778,-0.023418851,-0.005082905,-0.0006160812,0.0,-0.0040251026,0.0,0.0,0.0,0.00037412817,0.0,-4.9037604e-05,-0.008811797,-0.010245547,0.0,0.0022396601,-0.02390742,0.0017273307,-0.017108409,-0.0059557613,-0.0124957645,-0.025784263,-0.0071293516,-0.0074217776,0.008674869,0.012247041,0.00873861,-0.0031875847,0.015578272,0.006329328,0.020144887,0.0024135322,0.028434101,0.023533856,-0.002805318,-0.0042594047,-0.033348776,-0.014881596,-0.0018003214,-0.013919472,0.014498766,0.001225249,-0.012804832,-0.0019714213,0.013848739,0.0151026705,0.025730664,-0.0055616186,-0.007517478,0.0,-0.011971142,-0.008585733
0.03141875,0.027716914,0.009437584,0.0,0.013266181,0.018309513,0.0115612205,0.017281482,0.025422674,0.016856197,0.022212997,0.023317235,0.0150816785,0.01330356,0.02357584,0.0,0.015835792,0.0,0.024788087,0.0,0.0169091,0.0,0.020434184,0.0,0.008902586,0.0,0.020390924,0.0061840047,0.011869343,0.0,0.015747271,0.0,0.024417821,0.0,0.018474314,0.0,0.029131709,0.0,0.011590086,0.0,0.007362784,0.0,0.01345797,0.0,0.011478088,0.0,-0.0022909676,0.0,0.009241712,0.008448729,0.026721302,0.0,0.003900138,0.0,0.014998663,0.0,0.013962489,0.0,0.0104486095,0.0098920595,0.013068385,0.0,0.024006598,0.0,0.0072928295,0.022622053,0.01865085,0.009224575,0.0050421664,0.0,0.0,0.0,-0.006629747,0.0,0.0,0.0,0.0041230023,0.0,-0.0012764848,0.0,0.0,0.0,0.010732389,0.0,0.0,0.0,0.0,0.0,0.0,0.0,0.0,0.0,0.007808519,0.0,0.0,0.0,0.0,0.0,0.0,0.0,0.0,0.0,0.012811142,0.0,0.015207152,0.0,0.014994011,0.0,0.011630808,0.0,0.0013177149,0.0,0.002635786,0.0,0.0072849784,0.0,0.0036179854,0.0,0.0258144,-0.008913535,0.0,0.0,0.0,0.0,0.01802238,0.01931982,0.01786667,0.013359797,0.0,0.0,0.01358562,0.004610948,0.017924728,0.0,0.01753581,0.0,0.018626736,0.0,0.0,0.0,0.0,0.0,0.0,0.0,0.0,0.0,0.014696327,0.015934456,0.0154402945,0.013022934,0.011027328,0.0141163515,0.01721595,0.017838096,0.023249902,0.0,0.009360341,0.0,0.023394704,0.0,0.011682365,0.011010273,0.018657096,0.0,0.035954233,0.0,0.028056717,0.0,0.030960489,0.0,0.023720928,0.0,0.015051357,0.0,0.016078956,0.015738811,0.029676193,0.017983856,0.024714904,0.028020242,0.010962881,0.02306811,0.013319133,0.027497167,0.023780698,0.0182662,0.0069624777,0.0,0.014409579,0.0,0.007869329,0.0143916,-0.0004844744,0.0,0.012447133,0.016046338,0.00305663,0.008359075,0.008592912,0.0,0.01268807,0.0,0.007248479,0.0,0.0,0.0,0.0066283564,0.0,0.018594338,0.0,0.010685957,0.016725676,0.0068103853,0.015592427,0.003766782,0.006278808,0.0018452563,0.0033062152,0.0016316064,0.023836643,0.02782587,0.02083263,0.0047390386,0.02494703,0.024275979,0.021124087,0.027736243,0.030659286,0.013996072,0.036890846,0.030344326,0.04386094,0.015566408,0.021253346,0.025038324,0.020405388,0.059389766,0.04260629,0.038286462,0.017111277,0.020994924,0.02594908,0.036418583,0.04345036,0.0,0.047399938
0.017184474,0.019503666,0.0056476765,0.01367923,0.010232583,0.01542736,0.011531304,0.016615553,0.007799248,0.014599449,0.011733192,0.021137496,0.00077160465,0.01014766,0.0,0.015958725,0.0,0.022641217,0.011258961,0.017510382,0.0,0.024300367,0.0,0.016370876,0.0,0.015996022,0.0017560375,0.011336565,0.0,0.0,0.0,0.017803868,0.0,0.018754508,0.0,0.020843806,0.0,0.013856163,0.0,0.015867598,-0.0015908391,0.009756758,0.0,0.012884459,0.0,0.0039300187,0.0,-0.0009452981,0.0100784805,0.011117194,0.0,0.019611483,0.0,0.0048217657,0.0,0.016306952,0.0,0.016579188,0.0066869147,0.009615311,0.0,0.011338964,0.0,0.020938914,0.0081510795,0.014971091,0.010215639,0.013747455,0.013537422,0.0041623963,0.0,0.006347505,0.0,0.0055797556,0.0,0.005702258,0.0,0.0076130885,0.0,0.0,0.0,0.011721734,0.0,0.0011473936,0.0,0.0,0.0,0.014079999,0.0,0.015454115,0.0,0.0,0.0,0.0020302262,0.0,0.009207868,0.0,0.0,0.0,0.0,0.0,0.0,0.007507752,0.011961853,0.0,0.017015275,0.0,0.0,0.005528256,0.0129196355,0.0,0.014203385,0.0,0.009072715,-0.013152936,0.011833756,0.0073706997,0.012818059,0.003044405,0.008010386,0.0,0.0,0.0,0.0,0.010114637,0.017187776,0.0,0.0115067065,0.0,0.0,0.0068459976,0.011604928,0.0,0.01565752,0.0,0.013792927,0.0,0.015285441,0.0,0.0,0.0,0.015159379,0.0,0.0,0.0,0.017848713,0.011472974,0.017379569,0.0022351055,0.011821875,0.011578857,0.017004058,0.013705214,0.0154121565,0.0,0.016699191,0.0,0.018707205,0.0,0.0,0.0063672927,0.0056401878,0.0,0.011757267,0.0,0.013565396,0.0,0.01934788,0.0,0.015526833,0.0,0.02029733,0.0,0.012721596,0.014399942,0.014774033,0.0028258697,0.016197482,0.011767534,0.013817311,0.0072814524,0.019206513,0.014991866,0.019031676,0.016661849,0.01996885,0.01176269,0.018305177,0.015342212,0.0108059,0.004062712,0.014527936,0.0010311257,0.013292397,0.019279936,0.017261187,0.011503981,0.014739631,0.0,0.010237711,0.0,0.0058441428,0.0,0.0058214082,0.0,0.01919044,0.0036676868,0.002442627,0.0,0.016205262,0.0027572522,-0.00114527,0.0055088405,0.006797662,0.0030322424,0.010737874,0.0031893072,0.012832881,0.00649455,0.016466917,0.014980752,0.008867702,0.00093199353,0.013472982,0.02223646,0.019057779,0.024971243,0.02418668,0.025437137,0.034441497,0.027937751,0.035673514,0.0111183645,0.03104744,0.006460081,0.016751092,0.02176472,0.024776006,0.030336624,0.022287237,0.009356715,0.022639066,0.02815888,0.02758882,0.02448878,0.0
